-- phpMyAdmin SQL Dump
-- version 3.4.10.1deb1
-- http://www.phpmyadmin.net
--
-- Host: localhost
-- Generation Time: Oct 28, 2014 at 06:27 PM
-- Server version: 5.5.40
-- PHP Version: 5.3.10-1ubuntu3.14

SET SQL_MODE="NO_AUTO_VALUE_ON_ZERO";
SET time_zone = "+00:00";


/*!40101 SET @OLD_CHARACTER_SET_CLIENT=@@CHARACTER_SET_CLIENT */;
/*!40101 SET @OLD_CHARACTER_SET_RESULTS=@@CHARACTER_SET_RESULTS */;
/*!40101 SET @OLD_COLLATION_CONNECTION=@@COLLATION_CONNECTION */;
/*!40101 SET NAMES utf8 */;

--
-- Database: `easytravel_lab`
--

-- --------------------------------------------------------

--
-- Table structure for table `agent_relations`
--

CREATE TABLE IF NOT EXISTS `agent_relations` (
  `id` int(11) NOT NULL AUTO_INCREMENT,
  `agent_id` int(11) DEFAULT NULL,
  `user_id` int(11) DEFAULT NULL,
  PRIMARY KEY (`id`),
  UNIQUE KEY `agent_id_2` (`agent_id`,`user_id`),
  KEY `agent_id` (`agent_id`),
  KEY `user_id` (`user_id`)
) ENGINE=InnoDB  DEFAULT CHARSET=latin1 AUTO_INCREMENT=7 ;

--
-- Dumping data for table `agent_relations`
--

INSERT INTO `agent_relations` (`id`, `agent_id`, `user_id`) VALUES
(4, 3, 2),
(3, 3, 3),
(1, 262, 2),
(2, 262, 3),
(5, 275, 275),
(6, 289, 295);

-- --------------------------------------------------------

--
-- Table structure for table `agent_statistics`
--

CREATE TABLE IF NOT EXISTS `agent_statistics` (
  `id` int(11) NOT NULL AUTO_INCREMENT,
  `certificate_id` int(11) DEFAULT NULL,
  `user_agent` varchar(255) DEFAULT NULL,
  `ip_address` varchar(30) DEFAULT NULL,
  `referer` varchar(255) DEFAULT NULL,
  `datetime` timestamp NULL DEFAULT CURRENT_TIMESTAMP,
  PRIMARY KEY (`id`),
  KEY `certificate_id` (`certificate_id`)
) ENGINE=InnoDB  DEFAULT CHARSET=utf8 AUTO_INCREMENT=71 ;

--
-- Dumping data for table `agent_statistics`
--

INSERT INTO `agent_statistics` (`id`, `certificate_id`, `user_agent`, `ip_address`, `referer`, `datetime`) VALUES
(1, 11, 'Mozilla/5.0 (Windows NT 6.1; WOW64) AppleWebKit/537.36 (KHTML, like Gecko) Chrome/36.0.1985.125 Safari/537.36', '93.78.192.245', 'http://vk.com/', '2014-08-02 08:16:45'),
(2, 11, 'Mozilla/5.0 (Windows NT 6.1; WOW64; rv:30.0) Gecko/20100101 Firefox/30.0', '93.78.192.245', NULL, '2014-08-02 09:59:46'),
(3, 11, 'Mozilla/5.0 (Windows NT 6.1) AppleWebKit/537.36 (KHTML, like Gecko) Chrome/36.0.1985.125 Safari/537.36', '37.229.227.246', NULL, '2014-08-04 06:04:52'),
(4, 11, 'Mozilla/5.0 (compatible; YandexMetrika/3.0; +http://yandex.com/bots)', '100.43.81.150', NULL, '2014-08-04 06:07:45'),
(5, 11, 'Mozilla/5.0 (Windows NT 6.1) AppleWebKit/537.36 (KHTML, like Gecko) Chrome/36.0.1985.125 Safari/537.36', '37.229.227.246', NULL, '2014-08-05 06:01:39'),
(6, 11, 'Mozilla/5.0 (Windows NT 6.1) AppleWebKit/537.36 (KHTML, like Gecko) Chrome/36.0.1985.125 Safari/537.36', '37.229.227.246', NULL, '2014-08-05 10:57:38'),
(7, 11, 'Mozilla/5.0 (Windows NT 6.1; WOW64) AppleWebKit/537.36 (KHTML, like Gecko) Chrome/36.0.1985.125 Safari/537.36', '188.162.64.71', NULL, '2014-08-05 11:27:04'),
(8, 11, 'Mozilla/5.0 (Windows NT 6.1; WOW64) AppleWebKit/537.36 (KHTML, like Gecko) Chrome/36.0.1985.125 Safari/537.36', '88.84.208.104', NULL, '2014-08-05 13:13:29'),
(9, 11, 'Mozilla/5.0 (Windows NT 6.1; WOW64; rv:30.0) Gecko/20100101 Firefox/30.0', '93.78.192.245', NULL, '2014-08-05 13:13:46'),
(10, 11, 'Mozilla/5.0 (Windows NT 6.1; WOW64) AppleWebKit/537.36 (KHTML, like Gecko) Chrome/36.0.1985.125 Safari/537.36', '88.84.208.104', NULL, '2014-08-05 13:14:49'),
(11, 11, 'Mozilla/5.0 (Windows NT 6.1) AppleWebKit/537.36 (KHTML, like Gecko) Chrome/36.0.1985.125 Safari/537.36', '37.229.227.246', NULL, '2014-08-06 07:03:10'),
(12, 11, 'Mozilla/5.0 (compatible; YandexMetrika/3.0; +http://yandex.com/bots)', '100.43.81.150', NULL, '2014-08-06 07:05:37'),
(13, 11, 'Mozilla/5.0 (Windows NT 6.1) AppleWebKit/537.36 (KHTML, like Gecko) Chrome/36.0.1985.125 Safari/537.36', '37.229.227.246', NULL, '2014-08-06 13:49:18'),
(14, 13, 'Mozilla/5.0 (Windows NT 6.1; WOW64) AppleWebKit/537.36 (KHTML, like Gecko) Chrome/36.0.1985.125 Safari/537.36', '188.162.65.15', 'http://club-puteshestvie.ru/aktsii/100-%D0%BC%D0%BE%D0%B1%D0%B8%D0%BB%D1%8C%D0%BD%D0%B0%D1%8F-%D1%81%D0%B2%D1%8F%D0%B7%D1%8C-%D0%B8-%D0%B8%D0%BD%D1%82%D0%B5%D1%80%D0%BD%D0%B5%D1%82-%D0%B2-%D0%BE%D1%82%D0%BF%D1%83%D1%81%D0%BA%D0%B5', '2014-08-07 09:42:21'),
(15, 13, 'Mozilla/5.0 (Windows NT 6.1; WOW64) AppleWebKit/537.36 (KHTML, like Gecko) Chrome/36.0.1985.125 Safari/537.36', '188.162.65.15', 'http://club-puteshestvie.ru/', '2014-08-07 09:50:00'),
(16, 13, 'Mozilla/5.0 (Windows NT 6.1; WOW64) AppleWebKit/537.36 (KHTML, like Gecko) Chrome/36.0.1985.125 Safari/537.36', '188.162.65.15', 'http://club-puteshestvie.ru/', '2014-08-07 10:21:00'),
(17, 13, 'Mozilla/5.0 (Windows NT 5.1) AppleWebKit/537.36 (KHTML, like Gecko) Chrome/36.0.1985.125 Safari/537.36 OPR/23.0.1522.72', '178.70.90.2', 'http://www.club-puteshestvie.ru/', '2014-08-07 10:34:47'),
(18, 13, 'Mozilla/5.0 (compatible; vkShare; +http://vk.com/dev/Share)', '87.240.182.151', NULL, '2014-08-07 10:35:12'),
(19, 13, 'Mozilla/5.0 (Windows NT 6.1; WOW64) AppleWebKit/537.36 (KHTML, like Gecko) Chrome/36.0.1985.125 Safari/537.36', '188.162.65.15', 'http://vk.com/id17947380', '2014-08-07 10:35:26'),
(20, 13, 'Mozilla/5.0 (Windows NT 6.1; WOW64) AppleWebKit/537.36 (KHTML, like Gecko) Chrome/36.0.1985.125 Safari/537.36', '188.162.65.15', 'http://vk.com/id17947380', '2014-08-07 10:35:47'),
(21, 13, 'Mozilla/5.0 (compatible; YandexMetrika/3.0; +http://yandex.com/bots)', '100.43.81.150', NULL, '2014-08-07 10:37:42'),
(22, 13, 'Mozilla/5.0 (Windows NT 6.1; WOW64) AppleWebKit/537.36 (KHTML, like Gecko) Chrome/36.0.1985.125 Safari/537.36', '188.162.65.15', 'http://vk.com/club50269007', '2014-08-07 10:44:46'),
(23, 13, 'Mozilla/5.0 (compatible; vkShare; +http://vk.com/dev/Share)', '87.240.182.173', NULL, '2014-08-07 10:47:11'),
(24, 13, 'Mozilla/5.0 (Windows NT 6.1; WOW64) AppleWebKit/537.36 (KHTML, like Gecko) Chrome/36.0.1985.125 Safari/537.36', '188.162.65.15', 'http://vk.com/club50269007', '2014-08-07 10:47:43'),
(25, 13, 'Mozilla/5.0 (compatible; Linux i686; Yandex.Gazeta Bot/1.0; +http://gazeta.yandex.ru)', '84.201.149.142', NULL, '2014-08-07 11:34:51'),
(26, 13, 'Mozilla/5.0 (compatible; Linux i686; Yandex.Gazeta Bot/1.0; +http://gazeta.yandex.ru)', '84.201.158.141', NULL, '2014-08-07 11:36:16'),
(27, 13, 'Mozilla/5.0 (compatible; Googlebot/2.1; +http://www.google.com/bot.html)', '66.249.64.5', NULL, '2014-08-07 13:53:18'),
(28, 13, 'Mozilla/4.0 (compatible; MSIE 7.0b; Windows NT 5.1; .NET CLR 1.1.4322; InfoPath.1; .NET CLR 2.0.50727)', '193.200.173.177', NULL, '2014-08-08 16:49:09'),
(29, 13, 'Mozilla/5.0 (Windows NT 6.3; WOW64) AppleWebKit/537.36 (KHTML, like Gecko) Chrome/36.0.1985.125 Safari/537.36 OPR/23.0.1522.72', '109.205.249.90', 'http://vk.com/club50269007', '2014-08-08 16:49:14'),
(30, 13, 'Mozilla/5.0 (compatible; Googlebot/2.1; +http://www.google.com/bot.html)', '66.249.69.25', NULL, '2014-08-08 16:59:03'),
(31, 13, 'Mozilla/5.0 (compatible; MJ12bot/v1.4.5; http://www.majestic12.co.uk/bot.php?+)', '162.210.196.129', NULL, '2014-08-08 23:15:03'),
(32, 13, 'Mozilla/5.0 (Windows NT 6.1; WOW64) AppleWebKit/537.36 (KHTML, like Gecko) Chrome/36.0.1985.125 Safari/537.36', '188.162.65.4', 'http://vk.com/club50269007', '2014-08-11 09:57:54'),
(33, 13, 'OdklBot/1.0 (klass@odnoklassniki.ru)', '217.20.153.217', NULL, '2014-08-11 09:58:47'),
(34, 13, 'Mozilla/5.0 (Windows NT 6.1; WOW64) AppleWebKit/537.36 (KHTML, like Gecko) Chrome/36.0.1985.125 Safari/537.36', '188.162.65.4', 'http://vk.com/club50269007', '2014-08-11 09:58:51'),
(35, 13, 'Mozilla/5.0 (Windows NT 6.1; WOW64) AppleWebKit/537.36 (KHTML, like Gecko) Chrome/36.0.1985.125 Safari/537.36', '188.162.65.4', 'http://www.odnoklassniki.ru/dk?cmd=logExternal&st.cmd=logExternal&st.name=62787363826604&st.link=http%3A%2F%2Feasytravel.me%2Faffiliate%2Fpromo%2Froaming-ytravel&st._aid=FeedAltGroupMain_436_openLink', '2014-08-11 09:59:33'),
(36, 13, 'Mozilla/5.0 (compatible; bingbot/2.0; +http://www.bing.com/bingbot.htm)', '157.55.39.74', NULL, '2014-08-12 06:38:49'),
(37, 11, 'Mozilla/5.0 (Windows NT 6.1; WOW64; rv:31.0) Gecko/20100101 Firefox/31.0', '93.78.64.46', NULL, '2014-08-13 22:04:57'),
(38, 13, 'Mozilla/5.0 (Windows NT 6.1; WOW64) AppleWebKit/537.36 (KHTML, like Gecko) Chrome/36.0.1985.125 Safari/537.36', '188.162.64.19', 'http://vk.com/club50269007', '2014-08-14 08:21:31'),
(39, 13, 'Mozilla/5.0 (compatible; vkShare; +http://vk.com/dev/Share)', '87.240.182.173', NULL, '2014-08-14 08:21:46'),
(40, 13, 'Mozilla/5.0 (compatible; SiteExplorer/1.0b; +http://siteexplorer.info/)', '208.43.251.180', NULL, '2014-08-14 20:06:05'),
(41, 14, 'Mozilla/5.0 (Windows NT 6.1; WOW64; rv:31.0) Gecko/20100101 Firefox/31.0', '93.78.192.245', NULL, '2014-08-14 21:34:29'),
(42, 13, 'Mozilla/5.0 (iPhone; CPU iPhone OS 7_1_1 like Mac OS X) AppleWebKit/537.51.2 (KHTML, like Gecko) Mobile/11D201', '128.72.29.91', NULL, '2014-08-15 06:36:02'),
(43, 13, 'Mozilla/5.0 (compatible; YandexMetrika/3.0; +http://yandex.com/bots)', '100.43.81.150', NULL, '2014-08-15 06:46:08'),
(44, 13, 'Mozilla/5.0 (compatible; MJ12bot/v1.4.5; http://www.majestic12.co.uk/bot.php?+)', '148.251.23.114', NULL, '2014-08-17 00:56:54'),
(45, 13, 'Mozilla/5.0 (compatible; bingbot/2.0; +http://www.bing.com/bingbot.htm)', '207.46.13.29', NULL, '2014-08-18 02:53:11'),
(46, 13, 'Mozilla/5.0 (Linux; Android 4.2.1; ME173X Build/JOP40D) AppleWebKit/537.36 (KHTML, like Gecko) Chrome/36.0.1985.135 Safari/537.36', '95.55.108.188', NULL, '2014-08-18 07:12:41'),
(47, 13, 'Mozilla/5.0 (compatible; Linux i686; Yandex.Gazeta Bot/1.0; +http://gazeta.yandex.ru)', '84.201.149.142', NULL, '2014-08-18 07:46:46'),
(48, 13, 'Mozilla/5.0 (compatible; Linux i686; Yandex.Gazeta Bot/1.0; +http://gazeta.yandex.ru)', '84.201.158.141', NULL, '2014-08-18 08:26:48'),
(49, 13, 'Mozilla/5.0 (compatible; Linux i686; Yandex.Gazeta Bot/1.0; +http://gazeta.yandex.ru)', '84.201.158.141', NULL, '2014-08-18 08:28:42'),
(50, 13, 'Mozilla/5.0 (Windows NT 6.1; WOW64) AppleWebKit/537.36 (KHTML, like Gecko) Chrome/36.0.1985.143 Safari/537.36', '188.162.65.33', 'http://club-puteshestvie.ru/%D0%BA%D0%B0%D0%BB%D0%B5%D0%BD%D0%B4%D0%B0%D1%80%D1%8C-%D1%82%D1%83%D1%80%D0%BE%D0%B2', '2014-08-19 11:09:03'),
(51, 13, 'Mozilla/5.0 (compatible; YandexMetrika/3.0; +http://yandex.com/bots)', '100.43.81.150', NULL, '2014-08-19 11:12:05'),
(52, 15, 'Mozilla/5.0 (Windows NT 6.1; WOW64; rv:31.0) Gecko/20100101 Firefox/31.0', '93.78.64.46', NULL, '2014-08-19 13:57:14'),
(53, 13, 'Mozilla/5.0 (compatible; YandexMetrika/3.0; +http://yandex.com/bots)', '100.43.90.12', NULL, '2014-08-21 00:44:58'),
(54, 13, 'Mozilla/5.0 (iPhone; CPU iPhone OS 6_0 like Mac OS X) AppleWebKit/536.26 (KHTML, like Gecko) Version/6.0 Mobile/10A5376e Safari/8536.25 (compatible; Googlebot/2.1; +http://www.google.com/bot.html)', '66.249.65.129', NULL, '2014-08-22 00:40:29'),
(55, 17, 'Mozilla/5.0 (Windows NT 6.1; WOW64; rv:31.0) Gecko/20100101 Firefox/31.0', '93.78.64.46', NULL, '2014-08-22 20:37:53'),
(56, 13, 'Mozilla/5.0', '173.208.177.58', NULL, '2014-08-23 01:07:50'),
(57, 13, 'Mozilla/5.0 (compatible; Googlebot/2.1; +http://www.google.com/bot.html)', '66.249.78.133', NULL, '2014-08-23 07:35:14'),
(58, 13, 'Mozilla/5.0 (compatible; bingbot/2.0; +http://www.bing.com/bingbot.htm)', '207.46.13.29', NULL, '2014-08-24 01:15:04'),
(59, 13, 'Mozilla/5.0 (Windows NT 6.1; WOW64; rv:31.0) Gecko/20100101 Firefox/31.0', '93.78.64.46', 'http://www.club-puteshestvie.ru/', '2014-08-26 07:28:39'),
(60, 13, 'Mozilla/5.0 (Windows NT 6.1; WOW64) AppleWebKit/537.36 (KHTML, like Gecko) Chrome/36.0.1985.143 Safari/537.36', '89.223.47.196', 'http://club-puteshestvie.ru/strany', '2014-08-26 07:58:40'),
(61, 13, 'Mozilla/5.0 (Windows NT 6.1; WOW64; Trident/7.0; rv:11.0) like Gecko', '88.84.208.104', 'http://www.club-puteshestvie.ru/', '2014-08-26 08:22:18'),
(62, 13, 'Mozilla/5.0 (Windows NT 6.1; WOW64; rv:31.0) Gecko/20100101 Firefox/31.0', '93.78.64.46', 'http://www.odnoklassniki.ru/dk?cmd=logExternal&st.cmd=logExternal&st.name=62787363826604&st.link=http%3A%2F%2Feasytravel.me%2Faffiliate%2Fpromo%2Froaming-ytravel&st._aid=FeedAltGroupMain_436_openLink', '2014-08-26 15:48:53'),
(63, 13, 'Mozilla/5.0 (Windows NT 6.1) AppleWebKit/537.36 (KHTML, like Gecko) Chrome/36.0.1985.143 Safari/537.36', '109.205.248.232', 'http://club-puteshestvie.ru/', '2014-08-26 19:54:48'),
(64, 13, 'Mozilla/5.0 (Windows NT 6.1; WOW64) AppleWebKit/537.36 (KHTML, like Gecko) Chrome/36.0.1985.143 Safari/537.36', '188.162.65.47', 'http://vk.com/club50269007', '2014-08-27 11:33:44'),
(65, 13, 'Mozilla/5.0 (compatible; vkShare; +http://vk.com/dev/Share)', '87.240.182.173', NULL, '2014-08-27 11:33:53'),
(66, 13, 'Mozilla/5.0 (compatible; Linux i686; Yandex.Gazeta Bot/1.0; +http://gazeta.yandex.ru)', '84.201.149.142', NULL, '2014-08-27 11:58:23'),
(67, 13, 'Mozilla/5.0 (compatible; Linux i686; Yandex.Gazeta Bot/1.0; +http://gazeta.yandex.ru)', '84.201.158.141', NULL, '2014-08-27 12:44:31'),
(68, 18, 'Mozilla/5.0 (Windows NT 6.1; WOW64; rv:31.0) Gecko/20100101 Firefox/31.0', '93.78.64.46', NULL, '2014-08-29 10:21:23'),
(69, 13, 'Mozilla/5.0 (compatible; AhrefsBot/5.0; +http://ahrefs.com/robot/)', '37.58.100.171', NULL, '2014-08-29 15:32:33'),
(70, 13, 'Mozilla/5.0 (compatible; YandexBot/3.0; +http://yandex.com/bots)', '100.43.81.150', NULL, '2014-08-29 23:44:34');

-- --------------------------------------------------------

--
-- Table structure for table `AuthAssignment`
--

CREATE TABLE IF NOT EXISTS `AuthAssignment` (
  `itemname` varchar(64) CHARACTER SET utf8 NOT NULL,
  `userid` varchar(64) CHARACTER SET utf8 NOT NULL,
  `bizrule` text CHARACTER SET utf8,
  `data` text CHARACTER SET utf8,
  PRIMARY KEY (`itemname`,`userid`)
) ENGINE=MyISAM DEFAULT CHARSET=latin1;

--
-- Dumping data for table `AuthAssignment`
--

INSERT INTO `AuthAssignment` (`itemname`, `userid`, `bizrule`, `data`) VALUES
('Admin', '1', NULL, 'N;'),
('Authenticated', '2', NULL, 'N;'),
('Agent', '3', NULL, 'N;'),
('Authenticated', '13', NULL, 'N;'),
('Authenticated', '12', NULL, 'N;'),
('Authenticated', '14', NULL, 'N;'),
('Authenticated', '15', NULL, 'N;'),
('Authenticated', '16', NULL, 'N;'),
('Authenticated', '18', NULL, 'N;'),
('Authenticated', '26', NULL, 'N;'),
('Authenticated', '27', NULL, 'N;'),
('Authenticated', '29', NULL, 'N;'),
('Authenticated', '37', NULL, 'N;'),
('Authenticated', '38', NULL, 'N;'),
('Authenticated', '40', NULL, 'N;'),
('Authenticated', '41', NULL, 'N;'),
('Authenticated', '46', NULL, 'N;'),
('Authenticated', '49', NULL, 'N;'),
('Authenticated', '50', NULL, 'N;'),
('Authenticated', '51', NULL, 'N;'),
('Authenticated', '62', NULL, 'N;'),
('Authenticated', '65', NULL, 'N;'),
('Authenticated', '67', NULL, 'N;'),
('Authenticated', '68', NULL, 'N;'),
('Authenticated', '70', NULL, 'N;'),
('Authenticated', '80', NULL, 'N;'),
('Authenticated', '84', NULL, 'N;'),
('Authenticated', '89', NULL, 'N;'),
('Authenticated', '93', NULL, 'N;'),
('Authenticated', '96', NULL, 'N;'),
('Authenticated', '98', NULL, 'N;'),
('Authenticated', '101', NULL, 'N;'),
('Authenticated', '111', NULL, 'N;'),
('Authenticated', '112', NULL, 'N;'),
('Authenticated', '114', NULL, 'N;'),
('Authenticated', '120', NULL, 'N;'),
('Authenticated', '122', NULL, 'N;'),
('Authenticated', '135', NULL, 'N;'),
('Authenticated', '139', NULL, 'N;'),
('Authenticated', '140', NULL, 'N;'),
('Authenticated', '142', NULL, 'N;'),
('Authenticated', '143', NULL, 'N;'),
('Authenticated', '160', NULL, 'N;'),
('Authenticated', '183', NULL, 'N;'),
('Authenticated', '201', NULL, 'N;'),
('Authenticated', '213', NULL, 'N;'),
('Authenticated', '226', NULL, 'N;'),
('Authenticated', '233', NULL, 'N;'),
('Authenticated', '240', NULL, 'N;'),
('Authenticated', '241', NULL, 'N;'),
('Authenticated', '248', NULL, 'N;'),
('Authenticated', '251', NULL, 'N;'),
('Authenticated', '255', NULL, 'N;'),
('Agent', '262', NULL, 'N;'),
('Authenticated', '267', NULL, 'N;'),
('Authenticated', '270', NULL, 'N;'),
('Agent', '275', NULL, 'N;'),
('Authenticated', '274', NULL, 'N;'),
('Authenticated', '279', NULL, 'N;'),
('Authenticated', '287', NULL, 'N;'),
('Authenticated', '291', NULL, 'N;'),
('Authenticated', '293', NULL, 'N;'),
('Agent', '289', NULL, 'N;'),
('Authenticated', '295', NULL, 'N;'),
('Authenticated', '297', NULL, 'N;'),
('Authenticated', '298', NULL, 'N;'),
('Authenticated', '303', NULL, 'N;'),
('Authenticated', '304', NULL, 'N;'),
('Agent', '308', NULL, 'N;'),
('Authenticated', '310', NULL, 'N;'),
('Agent', '311', NULL, 'N;'),
('Agent', '313', NULL, 'N;'),
('Agent', '322', NULL, 'N;');

-- --------------------------------------------------------

--
-- Table structure for table `AuthItem`
--

CREATE TABLE IF NOT EXISTS `AuthItem` (
  `name` varchar(64) CHARACTER SET utf8 NOT NULL,
  `type` int(11) NOT NULL,
  `description` text CHARACTER SET utf8,
  `bizrule` text CHARACTER SET utf8,
  `data` text CHARACTER SET utf8,
  PRIMARY KEY (`name`)
) ENGINE=MyISAM DEFAULT CHARSET=latin1;

--
-- Dumping data for table `AuthItem`
--

INSERT INTO `AuthItem` (`name`, `type`, `description`, `bizrule`, `data`) VALUES
('Admin', 2, 'Администратор', NULL, 'N;'),
('Authenticated', 2, 'Зарегистрированный пользователь', NULL, 'N;'),
('Guest', 2, 'Гость', NULL, 'N;'),
('Agent', 2, 'Агент', NULL, 'N;'),
('Site.Index', 0, NULL, NULL, 'N;'),
('Site.CalculatorPrepaid', 0, NULL, NULL, 'N;'),
('Site.EquipmentInfo', 0, NULL, NULL, 'N;'),
('Site.ChooseEquipment', 0, NULL, NULL, 'N;'),
('Site.Delivery', 0, NULL, NULL, 'N;'),
('Site.ChoosePayment', 0, NULL, NULL, 'N;'),
('Site.GetFormPayment', 0, NULL, NULL, 'N;'),
('Site.Page', 0, 'static page', NULL, 'N;'),
('Site.Roaming3G', 0, NULL, NULL, 'N;'),
('Site.Error', 0, NULL, NULL, 'N;'),
('Site.Payment', 0, NULL, NULL, 'N;'),
('Site.Shopkeepgo', 0, NULL, NULL, 'N;'),
('Site.Test', 0, NULL, NULL, 'N;'),
('Site.CountryStatic', 0, NULL, NULL, 'N;'),
('Site.AddCash371372', 0, NULL, NULL, 'N;'),
('Site.GetYml', 0, NULL, NULL, 'N;'),
('Site.DownloadsPrice', 0, NULL, NULL, 'N;'),
('Site.SetStateOrder', 0, NULL, NULL, 'N;'),
('Site.AOrderType1Equipment', 0, NULL, NULL, 'N;'),
('Site.GetCost', 0, NULL, NULL, 'N;'),
('Site.GetModalPage', 0, NULL, NULL, 'N;'),
('Site.Login', 0, NULL, NULL, 'N;'),
('Site.GetSessionOrder', 0, NULL, NULL, 'N;'),
('Site.GetTariffs', 0, NULL, NULL, 'N;'),
('Site.GetTariff371Info', 0, NULL, NULL, 'N;'),
('Site.AddOrder', 0, NULL, NULL, 'N;'),
('Site.AddEquipment', 0, NULL, NULL, 'N;'),
('Site.GetEquipment', 0, NULL, NULL, 'N;'),
('Site.DeleteEquipment', 0, NULL, NULL, 'N;'),
('Site.Language', 0, NULL, NULL, 'N;'),
('Site.TariffsByCountry', 0, NULL, NULL, 'N;'),
('Site.CountriesList', 0, NULL, NULL, 'N;'),
('Site.GetVoipTariffs', 0, NULL, NULL, 'N;'),
('Site.Voip', 0, NULL, NULL, 'N;');

-- --------------------------------------------------------

--
-- Table structure for table `AuthItemChild`
--

CREATE TABLE IF NOT EXISTS `AuthItemChild` (
  `parent` varchar(64) CHARACTER SET utf8 NOT NULL,
  `child` varchar(64) CHARACTER SET utf8 NOT NULL,
  PRIMARY KEY (`parent`,`child`),
  KEY `child` (`child`)
) ENGINE=MyISAM DEFAULT CHARSET=latin1;

--
-- Dumping data for table `AuthItemChild`
--

INSERT INTO `AuthItemChild` (`parent`, `child`) VALUES
('Agent', 'Site.AddCash371372'),
('Agent', 'Site.AddEquipment'),
('Agent', 'Site.AddOrder'),
('Agent', 'Site.AOrderType1Equipment'),
('Agent', 'Site.CountriesList'),
('Agent', 'Site.CountryStatic'),
('Agent', 'Site.DeleteEquipment'),
('Agent', 'Site.DownloadsPrice'),
('Agent', 'Site.EquipmentInfo'),
('Agent', 'Site.Error'),
('Agent', 'Site.GetCost'),
('Agent', 'Site.GetEquipment'),
('Agent', 'Site.GetModalPage'),
('Agent', 'Site.GetSessionOrder'),
('Agent', 'Site.GetTariff371Info'),
('Agent', 'Site.GetTariffs'),
('Agent', 'Site.GetVoipTariffs'),
('Agent', 'Site.GetYml'),
('Agent', 'Site.Index'),
('Agent', 'Site.Language'),
('Agent', 'Site.Login'),
('Agent', 'Site.Page'),
('Agent', 'Site.Payment'),
('Agent', 'Site.SetStateOrder'),
('Agent', 'Site.Shopkeepgo'),
('Agent', 'Site.TariffsByCountry'),
('Agent', 'Site.Voip'),
('Authenticated', 'Site.AddCash371372'),
('Authenticated', 'Site.AddEquipment'),
('Authenticated', 'Site.AddOrder'),
('Authenticated', 'Site.AOrderType1Equipment'),
('Authenticated', 'Site.CalculatorPrepaid'),
('Authenticated', 'Site.ChoosePayment'),
('Authenticated', 'Site.CountriesList'),
('Authenticated', 'Site.CountryStatic'),
('Authenticated', 'Site.DeleteEquipment'),
('Authenticated', 'Site.Delivery'),
('Authenticated', 'Site.DownloadsPrice'),
('Authenticated', 'Site.EquipmentInfo'),
('Authenticated', 'Site.Error'),
('Authenticated', 'Site.GetCost'),
('Authenticated', 'Site.GetEquipment'),
('Authenticated', 'Site.GetFormPayment'),
('Authenticated', 'Site.GetModalPage'),
('Authenticated', 'Site.GetSessionOrder'),
('Authenticated', 'Site.GetTariff371Info'),
('Authenticated', 'Site.GetTariffs'),
('Authenticated', 'Site.GetVoipTariffs'),
('Authenticated', 'Site.GetYml'),
('Authenticated', 'Site.Index'),
('Authenticated', 'Site.Language'),
('Authenticated', 'Site.Login'),
('Authenticated', 'Site.Page'),
('Authenticated', 'Site.Payment'),
('Authenticated', 'Site.Roaming3G'),
('Authenticated', 'Site.SetStateOrder'),
('Authenticated', 'Site.Shopkeepgo'),
('Authenticated', 'Site.TariffsByCountry'),
('Authenticated', 'Site.Voip'),
('Guest', 'Site.AddCash371372'),
('Guest', 'Site.AddEquipment'),
('Guest', 'Site.AddOrder'),
('Guest', 'Site.AOrderType1Equipment'),
('Guest', 'Site.CalculatorPrepaid'),
('Guest', 'Site.CountriesList'),
('Guest', 'Site.CountryStatic'),
('Guest', 'Site.DeleteEquipment'),
('Guest', 'Site.DownloadsPrice'),
('Guest', 'Site.EquipmentInfo'),
('Guest', 'Site.Error'),
('Guest', 'Site.GetCost'),
('Guest', 'Site.GetEquipment'),
('Guest', 'Site.GetFormPayment'),
('Guest', 'Site.GetModalPage'),
('Guest', 'Site.GetSessionOrder'),
('Guest', 'Site.GetTariff371Info'),
('Guest', 'Site.GetTariffs'),
('Guest', 'Site.GetVoipTariffs'),
('Guest', 'Site.GetYml'),
('Guest', 'Site.Index'),
('Guest', 'Site.Language'),
('Guest', 'Site.Login'),
('Guest', 'Site.Page'),
('Guest', 'Site.Payment'),
('Guest', 'Site.Roaming3G'),
('Guest', 'Site.SetStateOrder'),
('Guest', 'Site.Shopkeepgo'),
('Guest', 'Site.TariffsByCountry'),
('Guest', 'Site.Voip');

-- --------------------------------------------------------

--
-- Table structure for table `certificates`
--

CREATE TABLE IF NOT EXISTS `certificates` (
  `id` int(11) NOT NULL AUTO_INCREMENT,
  `type` varchar(10) DEFAULT NULL,
  `certificate` varchar(50) NOT NULL,
  `discount_p` double DEFAULT NULL,
  `discount_v` double DEFAULT NULL,
  `use` varchar(10) DEFAULT NULL,
  `disabled` tinyint(1) NOT NULL DEFAULT '0',
  PRIMARY KEY (`id`),
  UNIQUE KEY `certificate` (`certificate`)
) ENGINE=InnoDB  DEFAULT CHARSET=utf8 AUTO_INCREMENT=19 ;

--
-- Dumping data for table `certificates`
--

INSERT INTO `certificates` (`id`, `type`, `certificate`, `discount_p`, `discount_v`, `use`, `disabled`) VALUES
(7, 'order', '334229992410', NULL, 26, 'many', 0),
(8, 'order', '129881234587', 0.1, NULL, 'many', 0),
(11, NULL, 'roaming-mania', 0.07, NULL, 'many', 0),
(12, NULL, 'andrew-promo', NULL, 1, 'many', 1),
(13, NULL, 'roaming-ytravel', 0.07, NULL, 'many', 0),
(14, NULL, 'roaming-ntour', 0.07, NULL, 'many', 0),
(15, NULL, 'roaming-argos', 0.07, NULL, 'many', 0),
(16, NULL, 'roaming-ltravel', 0.07, NULL, 'many', 0),
(17, NULL, 'roaming-bigben', 0.07, NULL, 'many', 0),
(18, NULL, 'roaming-percent', 0.07, NULL, 'many', 0);

-- --------------------------------------------------------

--
-- Table structure for table `certificates_params`
--

CREATE TABLE IF NOT EXISTS `certificates_params` (
  `id` int(11) NOT NULL AUTO_INCREMENT,
  `certificate_type_id` int(11) DEFAULT NULL,
  `name` varchar(255) NOT NULL,
  `value` varchar(255) NOT NULL,
  PRIMARY KEY (`id`),
  KEY `certificate_type_id` (`certificate_type_id`)
) ENGINE=InnoDB  DEFAULT CHARSET=utf8 AUTO_INCREMENT=7 ;

--
-- Dumping data for table `certificates_params`
--

INSERT INTO `certificates_params` (`id`, `certificate_type_id`, `name`, `value`) VALUES
(5, 7, 'countries', '22'),
(6, 8, 'tariff_id', '3');

-- --------------------------------------------------------

--
-- Table structure for table `certificates_types`
--

CREATE TABLE IF NOT EXISTS `certificates_types` (
  `id` int(11) NOT NULL AUTO_INCREMENT,
  `certificate_id` int(11) DEFAULT NULL,
  `order_type_id` int(11) DEFAULT NULL,
  `custom_type` varchar(50) DEFAULT NULL,
  PRIMARY KEY (`id`),
  KEY `certificate_id` (`certificate_id`),
  KEY `order_type_id` (`order_type_id`)
) ENGINE=InnoDB  DEFAULT CHARSET=utf8 AUTO_INCREMENT=17 ;

--
-- Dumping data for table `certificates_types`
--

INSERT INTO `certificates_types` (`id`, `certificate_id`, `order_type_id`, `custom_type`) VALUES
(7, 8, 1, NULL),
(8, 7, 4, NULL),
(9, 11, NULL, 'agent'),
(10, 12, NULL, 'agent'),
(11, 13, NULL, 'agent'),
(12, 14, NULL, 'agent'),
(13, 15, NULL, 'agent'),
(14, 16, NULL, 'agent'),
(15, 17, NULL, 'agent'),
(16, 18, NULL, 'agent');

-- --------------------------------------------------------

--
-- Table structure for table `certificates_users`
--

CREATE TABLE IF NOT EXISTS `certificates_users` (
  `id` int(11) NOT NULL AUTO_INCREMENT,
  `user_id` int(11) DEFAULT NULL,
  `certificate_id` int(11) DEFAULT NULL,
  `type` varchar(20) DEFAULT NULL,
  PRIMARY KEY (`id`),
  KEY `id_user` (`user_id`),
  KEY `id_certificate` (`certificate_id`)
) ENGINE=InnoDB  DEFAULT CHARSET=utf8 AUTO_INCREMENT=10 ;

--
-- Dumping data for table `certificates_users`
--

INSERT INTO `certificates_users` (`id`, `user_id`, `certificate_id`, `type`) VALUES
(1, 262, 11, 'agent'),
(2, 2, 11, NULL),
(3, 3, 12, 'agent'),
(4, 275, 13, 'agent'),
(5, 289, 14, 'agent'),
(6, 308, 15, 'agent'),
(7, 313, 16, 'agent'),
(8, 311, 17, 'agent'),
(9, 322, 18, 'agent');

-- --------------------------------------------------------

--
-- Table structure for table `countries`
--

CREATE TABLE IF NOT EXISTS `countries` (
  `id` int(11) NOT NULL AUTO_INCREMENT,
  `name_ru` varchar(150) NOT NULL,
  `name_en` varchar(150) NOT NULL,
  `weight` int(11) NOT NULL DEFAULT '0',
  `type` varchar(10) NOT NULL,
  `group_id` int(11) DEFAULT NULL,
  `zone_1` tinyint(1) NOT NULL DEFAULT '0',
  `zone_2` tinyint(1) NOT NULL DEFAULT '0',
  `zone_3` tinyint(1) NOT NULL DEFAULT '0',
  `zone_4` tinyint(1) NOT NULL DEFAULT '0',
  `zone_5` tinyint(1) NOT NULL DEFAULT '0',
  `disabled` tinyint(1) DEFAULT '0',
  PRIMARY KEY (`id`)
) ENGINE=InnoDB  DEFAULT CHARSET=utf8 AUTO_INCREMENT=183 ;

--
-- Dumping data for table `countries`
--

INSERT INTO `countries` (`id`, `name_ru`, `name_en`, `weight`, `type`, `group_id`, `zone_1`, `zone_2`, `zone_3`, `zone_4`, `zone_5`, `disabled`) VALUES
(1, 'Афганистан', 'Afganistan', 0, '', 3, 0, 0, 0, 0, 1, 0),
(2, 'Албания', 'Albania', 0, '', 3, 0, 1, 0, 0, 1, 0),
(3, 'Андорра', 'Andorra', 0, '', 3, 0, 0, 0, 0, 1, 0),
(4, 'Ангилья', 'Anguilla', 0, '', 3, 0, 0, 0, 0, 1, 0),
(5, 'Антигуа и Барбуда', 'Antigua and Barbuda', 0, '', 3, 0, 0, 0, 0, 1, 0),
(6, 'Аргентина', 'Argentina', 0, '', 1, 0, 0, 0, 1, 1, 0),
(7, 'Армения', 'Armenia', 0, '', 3, 0, 0, 0, 0, 1, 0),
(8, 'Аруба', 'Aruba', 0, '', 3, 0, 0, 0, 0, 1, 0),
(9, 'Австралия', 'Australia', 0, '', 3, 0, 1, 0, 0, 1, 0),
(10, 'Австрия', 'Austria', 0, '', 4, 1, 0, 1, 1, 1, 0),
(11, 'Азербайджан', 'Azerbaijan', 0, '', 3, 0, 0, 0, 0, 1, 0),
(12, 'Багамы', 'Bahamas', 0, '', 3, 0, 0, 0, 0, 1, 0),
(13, 'Бахрейн', 'Bahrain', 0, '', 3, 0, 0, 0, 0, 1, 0),
(14, 'Бангладеш', 'Bangladesh', 0, '', 3, 0, 0, 0, 0, 1, 0),
(15, 'Барбадос', 'Barbados', 0, '', 3, 0, 0, 0, 0, 1, 0),
(16, 'Беларусь', 'Belarus', 0, '', 5, 1, 0, 0, 0, 1, 0),
(17, 'Бельгия', 'Belgium', 0, '', 2, 0, 0, 1, 1, 1, 0),
(18, 'Бермудские о-ва', 'Bermuda', 0, '', 3, 0, 0, 0, 0, 1, 0),
(19, 'Боливия', 'Bolivia', 0, '', 3, 0, 0, 0, 0, 1, 0),
(20, 'Бонэйр о-в', 'Bonaire', 0, '', 3, 0, 0, 0, 0, 1, 0),
(21, 'Босния и Герцеговина', 'Bosnia and Herzegovina', 0, '', 3, 0, 0, 0, 0, 1, 0),
(22, 'Бразилия', 'Brazil', 0, '', 1, 0, 0, 0, 1, 1, 0),
(23, 'Британские Виргинские о-ва', 'British Virgin Islands', 0, '', 3, 0, 0, 0, 0, 1, 0),
(24, 'Бруней', 'Brunei', 0, '', 3, 0, 0, 0, 0, 1, 0),
(25, 'Болгария', 'Bulgaria', 0, '', 4, 1, 0, 1, 1, 1, 0),
(26, 'Буркина Фасо', 'Burkina Faso', 0, '', 3, 0, 0, 0, 0, 1, 0),
(27, 'Камбоджа', 'Cambodia', 0, '', 3, 0, 0, 0, 0, 1, 0),
(28, 'Канада', 'Canada', 0, '', 1, 0, 0, 0, 1, 1, 0),
(29, 'Каймановы о-ва', 'Cayman Islands', 0, '', 3, 0, 0, 0, 0, 1, 0),
(30, 'Чад', 'Chad', 0, '', 3, 0, 0, 0, 0, 1, 0),
(31, 'Чили', 'Chile', 0, '', 1, 0, 0, 0, 1, 1, 0),
(32, 'Китай', 'China', 0, '', 3, 0, 0, 0, 0, 1, 0),
(33, 'Колумбия', 'Colombia', 0, '', 1, 0, 0, 0, 1, 1, 0),
(34, 'Республика Конго', 'Congo Republic', 0, '', 3, 0, 0, 0, 0, 1, 0),
(35, 'Коста-Рика', 'Costa Rica', 0, '', 1, 0, 0, 0, 1, 1, 0),
(36, 'Хорватия', 'Croatia', 0, '', 4, 1, 0, 0, 0, 1, 0),
(37, 'Куба', 'Cuba', 0, '', 3, 0, 0, 0, 1, 0, 1),
(38, 'Кюрасао о-в', 'Curacao', 0, '', 3, 0, 0, 0, 0, 1, 0),
(39, 'Кипр', 'Cyprus', 0, '', 2, 0, 0, 1, 1, 1, 0),
(40, 'Чехия', 'Czech Republic', 0, '', 2, 0, 1, 1, 1, 1, 0),
(41, 'Дания', 'Denmark', 0, '', 2, 0, 0, 1, 1, 1, 0),
(42, 'Доминика', 'Dominica', 0, '', 3, 0, 0, 0, 0, 1, 0),
(43, 'Доминиканская республика', 'Dominican Republic', 0, '', 3, 0, 0, 0, 0, 1, 0),
(44, 'Эквадор', 'Ecuador', 0, '', 1, 0, 0, 0, 1, 1, 0),
(45, 'Египет', 'Egypt', 0, '', 3, 0, 1, 0, 0, 1, 0),
(46, 'Сальвадор', 'El Salvador', 0, '', 1, 0, 0, 0, 1, 1, 0),
(47, 'Эстония', 'Estonia', 0, '', 2, 0, 0, 1, 1, 1, 0),
(48, 'Фиджи', 'Fiji', 0, '', 3, 0, 0, 0, 0, 1, 0),
(49, 'Финляндия', 'Finland', 0, '', 2, 0, 0, 1, 1, 1, 0),
(50, 'Франция', 'France', 0, '', 2, 0, 0, 1, 1, 1, 0),
(51, 'Французская Гвиана', 'French Guiana', 0, '', 3, 0, 0, 0, 0, 1, 0),
(52, 'Габон', 'Gabon', 0, '', 3, 0, 0, 0, 0, 1, 0),
(53, 'Гернси', 'GB-Guernsey', 0, '', 3, 0, 0, 0, 0, 1, 0),
(54, 'О-в Мэн', 'GB-Isle Man (=Isle of Man)', 0, '', 3, 0, 0, 0, 0, 1, 0),
(55, 'Грузия', 'Georgia', 0, '', 3, 0, 0, 0, 0, 1, 0),
(56, 'Германия', 'Germany', 0, '', 2, 0, 1, 1, 1, 1, 0),
(57, 'Гана', 'Ghana', 0, '', 3, 0, 1, 0, 0, 1, 0),
(58, 'Гибралтар', 'Gibraltar', 0, '', 2, 0, 0, 0, 0, 1, 0),
(59, 'Греция', 'Greece', 0, '', 2, 0, 1, 1, 1, 1, 0),
(60, 'Гренада', 'Grenada', 0, '', 3, 0, 0, 0, 0, 1, 0),
(61, 'Гваделупа', 'Guadeloupe', 0, '', 3, 0, 0, 0, 0, 1, 0),
(62, 'Гуам', 'Guam', 0, '', 3, 0, 0, 0, 0, 1, 0),
(63, 'Гватемала', 'Guatemala', 0, '', 1, 0, 0, 0, 1, 1, 0),
(64, 'Гайана', 'Guyana', 0, '', 3, 0, 0, 0, 0, 1, 0),
(65, 'Гаити', 'Haiti', 0, '', 3, 0, 0, 0, 0, 1, 0),
(66, 'Гондурас', 'Honduras', 0, '', 3, 0, 0, 0, 0, 1, 0),
(67, 'Гонконг', 'Hong Kong', 0, '', 3, 0, 0, 0, 0, 1, 0),
(68, 'Венгрия', 'Hungary', 0, '', 2, 0, 1, 1, 1, 1, 0),
(69, 'Исландия', 'Iceland', 0, '', 3, 0, 0, 0, 0, 1, 0),
(70, 'Индия', 'India', 0, '', 3, 0, 1, 0, 0, 1, 0),
(71, 'Индонезия', 'Indonesia', 0, '', 3, 0, 0, 0, 0, 1, 0),
(72, 'Ирак', 'Iraq', 0, '', 3, 0, 0, 0, 0, 1, 0),
(73, 'Ирландия', 'Ireland', 0, '', 2, 0, 1, 1, 1, 1, 0),
(74, 'Израиль', 'Israel', 0, '', 3, 0, 0, 0, 0, 1, 0),
(75, 'Италия', 'Italy', 0, '', 2, 0, 1, 1, 1, 1, 0),
(76, 'Ямайка', 'Jamaica', 0, '', 3, 0, 0, 0, 0, 1, 0),
(77, 'Япония', 'Japan', 0, '', 3, 0, 0, 0, 0, 1, 0),
(78, 'О-в Джерси', 'Jersey', 0, '', 3, 0, 0, 0, 0, 1, 0),
(79, 'Иордания', 'Jordan', 0, '', 3, 0, 0, 0, 0, 1, 0),
(80, 'Казахстан', 'Kasakhstan', 0, '', 3, 0, 0, 0, 0, 1, 0),
(81, 'Кения', 'Kenia', 0, '', 3, 0, 0, 0, 0, 1, 0),
(82, 'Косово', 'kosovo', 0, '', 3, 0, 0, 0, 0, 1, 0),
(83, 'Кувейт', 'Kuwait', 0, '', 3, 0, 0, 0, 0, 1, 0),
(84, 'Кыргызстан', 'Kyrgysztan', 0, '', 3, 0, 0, 0, 0, 1, 0),
(85, 'Лаос', 'Laos', 0, '', 3, 0, 0, 0, 0, 1, 0),
(86, 'Латвия', 'Latvia', 0, '', 2, 0, 0, 1, 1, 1, 0),
(87, 'Либерия', 'Liberia', 0, '', 3, 0, 0, 0, 0, 1, 0),
(88, 'Лихтенштейн', 'Liechtenstein', 0, '', 4, 1, 0, 1, 1, 1, 0),
(89, 'Литва', 'Lithuania', 0, '', 2, 0, 0, 1, 1, 1, 0),
(90, 'Люксембург', 'Luxembourg', 0, '', 2, 0, 0, 1, 1, 1, 0),
(91, 'Макао', 'Macau', 0, '', 3, 0, 0, 0, 0, 1, 0),
(92, 'Македония', 'Macedonia', 0, '', 5, 1, 0, 0, 0, 1, 0),
(93, 'Мадагаскар', 'Madagascar', 0, '', 3, 0, 0, 0, 0, 1, 0),
(94, 'Малави', 'Malawi', 0, '', 3, 0, 0, 0, 0, 1, 0),
(95, 'Малазия', 'Malaysia', 0, '', 3, 0, 0, 0, 0, 1, 0),
(96, 'Мальдивы', 'Maldives', 0, '', 3, 0, 0, 0, 0, 1, 0),
(97, 'Мальта', 'Malta', 0, '', 2, 0, 1, 1, 1, 1, 0),
(98, 'Мартиника', 'Martinique', 0, '', 3, 0, 0, 0, 0, 1, 0),
(99, 'Мавритания', 'Mauritania', 0, '', 3, 0, 0, 0, 0, 1, 0),
(100, 'Мексика', 'Mexico', 0, '', 1, 0, 0, 0, 1, 1, 0),
(101, 'Молдова', 'Moldova', 0, '', 3, 0, 0, 0, 0, 1, 0),
(102, 'Монако', 'Monaco', 0, '', 2, 0, 0, 0, 0, 1, 0),
(103, 'Монтсеррат', 'Monserat', 0, '', 3, 0, 0, 0, 0, 1, 0),
(104, 'Черногория', 'Montenegro', 0, '', 3, 0, 0, 0, 0, 1, 0),
(105, 'Марокко', 'Morocco', 0, '', 3, 0, 0, 0, 0, 1, 0),
(106, 'Мозамбик', 'Mozambique', 0, '', 3, 0, 0, 0, 0, 1, 0),
(107, 'Намибия', 'Namibia', 0, '', 3, 0, 0, 0, 0, 1, 0),
(108, 'Непал', 'Nepal', 0, '', 3, 0, 0, 0, 0, 1, 0),
(109, 'Нидерланды', 'Netherlands', 0, '', 2, 0, 1, 1, 1, 1, 0),
(110, 'Нидерландские Антильские о-ва', 'Netherland Antilles', 0, '', 3, 0, 0, 0, 0, 1, 0),
(111, 'Новая Зеландия', 'New Zealand', 0, '', 3, 0, 1, 0, 0, 1, 0),
(112, 'Никарагуа', 'Nicaragua', 0, '', 1, 0, 0, 0, 1, 1, 0),
(113, 'Нигер', 'Niger', 0, '', 3, 0, 0, 0, 0, 1, 0),
(114, 'Нигерия', 'Nigeria', 0, '', 3, 0, 0, 0, 0, 1, 0),
(115, 'Северные Марианские о-ва (Сайпан)', 'NORTHERN MARIANA ISLANDS (SAIPAN)', 0, '', 3, 0, 0, 0, 0, 1, 0),
(116, 'Норвегия', 'Norway', 0, '', 2, 0, 0, 1, 1, 1, 0),
(117, 'Оман', 'Oman', 0, '', 3, 0, 0, 0, 0, 1, 0),
(118, 'Пакистан', 'Pakistan', 0, '', 3, 0, 0, 0, 0, 1, 0),
(119, 'Палестина', 'Palestine Authority', 0, '', 3, 0, 0, 0, 0, 1, 0),
(120, 'Панама', 'Panama', 0, '', 1, 0, 0, 0, 1, 1, 0),
(121, 'Парагвай', 'Paraguay', 0, '', 3, 0, 0, 0, 0, 1, 0),
(122, 'Перу', 'Peru', 0, '', 1, 0, 0, 0, 1, 1, 0),
(123, 'Филиппины', 'Philippines', 0, '', 3, 0, 0, 0, 0, 1, 0),
(124, 'Польша', 'Poland', 0, '', 2, 0, 0, 1, 1, 1, 0),
(125, 'Португалия', 'Portugal', 0, '', 2, 0, 1, 1, 1, 1, 0),
(126, 'Пуэрто-Рико', 'Puerto Rico', 0, '', 3, 0, 0, 0, 0, 1, 0),
(127, 'Катар', 'Qatar', 0, '', 3, 0, 1, 0, 0, 1, 0),
(128, 'Румыния', 'Romania', 0, '', 2, 0, 1, 1, 1, 1, 0),
(129, 'Россия', 'Russia', 0, '', 3, 0, 0, 0, 1, 0, 1),
(130, 'Руанда', 'Rwanda', 0, '', 3, 0, 0, 0, 0, 1, 0),
(131, 'Сан-Марино', 'San Marino', 0, '', 2, 0, 1, 0, 0, 1, 0),
(132, 'Саудовская Аравия', 'Saudi Arabia', 0, '', 3, 0, 0, 0, 0, 1, 0),
(133, 'Сенегал', 'Senegal', 0, '', 3, 0, 0, 0, 0, 1, 0),
(134, 'Сербия', 'Serbia', 0, '', 5, 1, 0, 0, 0, 1, 0),
(135, 'Сейшельские о-ва', 'Seychelles', 0, '', 3, 0, 0, 0, 0, 1, 0),
(136, 'Сьерра-Леоне', 'Sierra Leone', 0, '', 3, 0, 0, 0, 0, 1, 0),
(137, 'Сингапур', 'Singapore', 0, '', 3, 0, 0, 0, 0, 1, 0),
(138, 'Словакия', 'Slovakia', 0, '', 2, 0, 0, 1, 1, 1, 0),
(139, 'Словения', 'Slovenia', 0, '', 4, 1, 0, 1, 1, 1, 0),
(140, 'ЮАР', 'South Africa', 0, '', 3, 0, 1, 0, 0, 1, 0),
(141, 'Южная Корея', 'South Korea', 0, '', 3, 0, 0, 0, 0, 1, 0),
(142, 'Испания', 'Spain', 0, '', 2, 0, 1, 1, 1, 1, 0),
(143, 'Шри-Ланка', 'Sri Lanka', 0, '', 3, 0, 0, 0, 0, 1, 0),
(144, 'О-в Сан-Бартелеми́', 'ST. BARTHELEMY', 0, '', 3, 0, 0, 0, 0, 1, 0),
(145, 'О-ва Сент-Китс и Невис', 'ST. KITTS and NEVIS', 0, '', 3, 0, 0, 0, 0, 1, 0),
(146, 'О-в Сент-Люсия', 'ST. LUCIA', 0, '', 3, 0, 0, 0, 0, 1, 0),
(147, 'О-в Сен-Мартен', 'ST. MAARTEN (Previously listed as part of the Netherland Antilles)', 0, '', 3, 0, 0, 0, 0, 1, 0),
(148, 'О-в Св. Мартина', 'ST. MARTIN', 0, '', 3, 0, 0, 0, 0, 1, 0),
(149, 'Сент-Винсент и Гренадины', 'ST. VINCENT and GRENADINES', 0, '', 3, 0, 0, 0, 0, 1, 0),
(150, 'Суринам', 'SURINAME', 0, '', 3, 0, 0, 0, 0, 1, 0),
(151, 'Шпицберген и Ян-Майен', 'Svalbard and Jan Mayen', 0, '', 3, 0, 0, 0, 0, 1, 0),
(152, 'Швеция', 'Sweden', 0, '', 2, 0, 0, 1, 1, 1, 0),
(153, 'Швейцария', 'Switzerland', 0, '', 2, 0, 0, 1, 1, 1, 0),
(154, 'Тайвань', 'Taiwan', 0, '', 3, 0, 0, 0, 0, 1, 0),
(155, 'Таджикистан', 'Tajikistan', 0, '', 3, 0, 0, 0, 0, 1, 0),
(156, 'Танзания', 'Tanzania', 0, '', 3, 0, 0, 0, 0, 1, 0),
(157, 'Таиланд', 'Thailand', 0, '', 3, 0, 0, 0, 0, 1, 0),
(158, 'Тринидад и Тобаго', 'Trinidad und Tobago', 0, '', 3, 0, 0, 0, 0, 1, 0),
(159, 'Тунис', 'Tunisia', 0, '', 3, 0, 0, 0, 0, 1, 0),
(160, 'Турция', 'Turkey', 0, '', 3, 0, 1, 0, 0, 1, 0),
(161, 'Теркс и Кайкос', 'TURKS and CAICOS', 0, '', 3, 0, 0, 0, 0, 1, 0),
(162, 'Уганда', 'Uganda', 0, '', 3, 0, 0, 0, 0, 1, 0),
(163, 'Великобритания', 'UK', 0, '', 2, 0, 1, 1, 1, 1, 0),
(164, 'Украина', 'Ukraine', 0, '', 3, 0, 0, 0, 0, 1, 0),
(165, 'ОАЭ', 'United Arab Emirates', 0, '', 3, 0, 0, 0, 0, 1, 0),
(166, 'Уругвай', 'Uruguay', 0, '', 1, 0, 0, 0, 1, 1, 0),
(167, 'США', 'USA', 0, '', 1, 0, 0, 0, 1, 1, 0),
(168, 'США', 'USA', 0, '', 3, 0, 0, 0, 1, 0, 1),
(169, 'Узбекистан', 'Usbekistan', 0, '', 3, 0, 0, 0, 0, 1, 0),
(170, 'Ватикан', 'Vatican City', 0, '', 2, 0, 1, 1, 1, 1, 0),
(171, 'Венесуэла', 'Venezuela', 0, '', 2, 0, 0, 0, 1, 1, 0),
(172, 'Вьетнам', 'Vietnam', 0, '', 3, 0, 0, 0, 0, 1, 0),
(173, 'Замбия', 'Zambia', 0, '', 3, 0, 0, 0, 0, 1, 0),
(174, 'Весь мир', '', 100, 'group', 3, 0, 0, 0, 0, 0, 0),
(175, 'Европа', '', 99, 'group', 3, 0, 0, 0, 0, 0, 0),
(176, 'Азия', '', 98, 'group', 3, 0, 0, 0, 0, 0, 0),
(177, 'Африка', '', 97, 'group', 3, 0, 0, 0, 0, 0, 0),
(178, 'Ближний Восток', '', 96, 'group', 3, 0, 0, 0, 0, 0, 0),
(179, 'Круизные корабли', '', 95, 'group', 3, 0, 0, 0, 0, 0, 0),
(180, 'Азорские о-ва', 'Азорские о-ва', 0, '', 1, 0, 0, 1, 1, 1, 0),
(181, 'Гальдар', 'Гальдар', 0, '', 2, 0, 0, 1, 1, 1, 0),
(182, 'Мадейра', 'Madeira', 0, '', 2, 0, 1, 1, 1, 1, 0);

-- --------------------------------------------------------

--
-- Table structure for table `delivery`
--

CREATE TABLE IF NOT EXISTS `delivery` (
  `id` int(11) NOT NULL AUTO_INCREMENT,
  `city` varchar(100) NOT NULL,
  `address` varchar(255) NOT NULL,
  `name` varchar(255) NOT NULL,
  `email` varchar(100) NOT NULL,
  `phone_number` varchar(50) NOT NULL,
  PRIMARY KEY (`id`)
) ENGINE=InnoDB  DEFAULT CHARSET=utf8 AUTO_INCREMENT=307 ;

--
-- Dumping data for table `delivery`
--

INSERT INTO `delivery` (`id`, `city`, `address`, `name`, `email`, `phone_number`) VALUES
(1, 'москва', 'шоссе', 'Андрей', 'demo@localhost', '342974398'),
(2, 'москва', 'шоссе', 'Андрей', 'demo@localhost', '342974398'),
(3, 'sldfkj', 'sldfkj', 'aslfkjds', 'demo@localhost', 'sldfkjsflkj'),
(4, 'sldfkj', 'sldfkj', 'aslfkjds', 'demo@localhost', 'sldfkjsflkj'),
(5, 'new', 'new', 'new', 'demo@localhost', 'new'),
(6, 'sldfkjfsdlkj', 'slfdkjdfslk', 'fsdkjfhsdkjf', 'demo@localhost', 'slkfjsdlkj'),
(7, 'sldfkjfsdlkj', 'slfdkjdfslk', 'fsdkjfhsdkjf', 'demo@localhost', 'slkfjsdlkj'),
(8, 'test', 'test', 'test', 'demo@localhost', 'test'),
(9, 'test', 'test', 'test', 'demo@localhost', 'test'),
(10, 'sldfkjfsd', 'sldfkj', 'sdflfjsfdl', 'demo@localhost', 'sdlfkjsd'),
(11, 'sldfkjfsd', 'sldfkj', 'sdflfjsfdl', 'demo@localhost', 'sdlfkjsd'),
(12, 'test', 'sdfljsdflkd', 'test', 'demo@localhost', 'test'),
(13, 'test', 'sdfljsdflkd', 'test', 'demo@localhost', 'test'),
(14, 'dsffsd', 'dskdsjffhkjdsf', 'sfdfds', 'demo@localhost', 'fsfdsf'),
(15, 'fffffffff', 'fffffffff', 'fffffffffffff', 'demo@localhost', 'ffffffffff'),
(16, 'test', 'test', 'new client', 'demo@localhost', 'test'),
(17, 'ffsdfsd', 'fsfsdsfd', 'sdfsdfds', 'andpash@gmail.com', 'fsfsdfsd'),
(18, 'afsfsda', 'afdfsds', 'saffsafd', 'andpash@gmail.com', 'afssfd'),
(19, 'ffsd', 'fsfsd', 'ssfdfsd', 'andpash@gmail.com', 'dfssfd'),
(20, 'test', 'test', 'test', 'demo@localhost', 'test'),
(21, 'test', 'test', 'test', 'andpash@gmail.com', 'test'),
(22, 'test', 'test', 'test', 'andpash@gmail.com', 'test'),
(23, '22222', '22222222', '222222', 'andpash@gmail.com', '22222222'),
(24, 'ooo', 'ooo', 'ooooooooo', 'andpash@gmail.com', 'oooo'),
(25, 'z', 'z', 'zzzzz', 'andpash@gmail.com', 'z'),
(26, 'fds', 'fsd', 'sfd', 'andpash@gmail.com', 'fsd'),
(27, 'fds', 'fsd', 'sfd', 'andpash@gmail.com', 'fsd'),
(28, 'fds', 'fsd', 'sfd', 'andpash@gmail.com', 'fsd'),
(29, 'r', 'r', 'rr', 'andpash@gmail.com', 'r'),
(30, 'p', 'p', 'p', 'andpash@gmail.com', 'p'),
(31, 'df', 'df', 'fd', 'andpash@gmail.com', 'df'),
(32, '1', '1', '1', 'andpash@gmail.com', '1'),
(33, 'fdsfsd', 'dfsfsd', 'dsfd', 'andpash@gmail.com', 'fsdfsd'),
(34, 'dsf', 'dfs', 'dsf', 'newntel@gmail.com', 'sdf'),
(35, 'dfg', 'dfg', 'dwgdf', 'newntel@gmail.com', 'dfg'),
(36, 'авпавп', 'авпвап', '12у43й2ук', 'newntel@gmail.com', 'авыпап'),
(37, 'апра', 'апр', 'ваправ', 'newntel@gmail.com', 'впр'),
(38, 'hhbjhb', 'vcgf', 'jhnbjhbj', 'newntel@gmail.com', '5454'),
(39, 'hhbjhb', 'vcgf', 'jhnbjhbj', 'newntel@gmail.com', '5454'),
(40, 'Лыткарино', 'Квартал 2, дом 15', 'Александр', 'Alex.koylo@keepgo.com', '+79257722422'),
(41, 'Лыткарино', 'Квартал 2, дом 15', 'Александр', 'Alex.koylo@keepgo.com', '+79257722422'),
(42, 'gf', 'fdg', 'bhf', 'newntel@gmail.com', 'hg'),
(43, 'sfg', 'sg', 'dfsg', 'newntel@gmail.com', 'fg'),
(44, 'dfg', 'dfgdf', 'sgf', 'newntel@gmail.com', 'fgfd'),
(45, 'ghf', 'kjgh', 'hgf', 'newntel@gmail.com', 'hg'),
(46, 'test', 'test', 'test', 'demo@localhost', 'test'),
(47, 'test', 'test', 'test', 'demo@localhost', 'test'),
(48, 'ad', 'ad', 'ad', 'demo@localhost', 'ad'),
(49, 'fsd', 'sdf', 'ssd', 'demo@localhost', 'sfd'),
(50, 'ss', 'ss', 'ss', 'demo@localhost', 'ss'),
(51, 'fd', 'df', 'ddf', 'demo@localhost', 'fd'),
(52, 'sdfvsdfv', 'ssv', 'xcvf', 'newntel@gmail.com', 'sdv'),
(53, 'ss', 'ss', 'ss', 'demo@localhost', 'ss'),
(54, 'ss', 'ss', 'ss', 'demo@localhost', 'ss'),
(55, 'ss', 'ss', 'ss', 'demo@localhost', 'ss'),
(56, 'ss', 'ss', 'ss', 'demo@localhost', 'ss'),
(57, 'ss', 'ss', 'ss', 'demo@localhost', 'ss'),
(58, 'ss', 'ss', 'ss', 'demo@localhost', 'ss'),
(59, 's', 's', 'as', 'demo@localhost', 'ss'),
(60, 's', 's', 'as', 'demo@localhost', 'ss'),
(61, 's', 's', 'as', 'demo@localhost', 'ss'),
(62, 's', 's', 'as', 'demo@localhost', 'ss'),
(63, 's', 's', 'as', 'demo@localhost', 'ss'),
(64, 'fds', 'fsd', 'sfd', 'demo@localhost', 'fsd'),
(65, 'fds', 'fsd', 'sfd', 'demo@localhost', 'fsd'),
(66, 'fds', 'fsd', 'sfd', 'demo@localhost', 'fsd'),
(67, 'Екатеринбург', 'ул.зыгина, 25', 'оксана', 'ksenia@easyroaming.ru', '23568952'),
(68, 'Екатеринбург', 'ул.зыгина, 25', 'оксана', 'ksenia@easyroaming.ru', '23568952'),
(69, 'Екатеринбург', 'ул.зыгина, 25', 'оксана', 'ksenia@easyroaming.ru', '23568952'),
(70, 'Екатеринбург', 'ул.зыгина, 25', 'оксана', 'ksenia@easyroaming.ru', '23568952'),
(71, 'www', 'www', 'www', 'demo@localhost', 'www'),
(72, 'www', 'www', 'www', 'demo@localhost', 'www'),
(73, 'www', 'www', 'www', 'demo@localhost', 'www'),
(74, 'www', 'www', 'www', 'demo@localhost', 'www'),
(75, 'www', 'www', 'www', 'demo@localhost', 'www'),
(76, 'www', 'www', 'www', 'demo@localhost', 'www'),
(77, 'www', 'www', 'www', 'demo@localhost', 'www'),
(78, 'www', 'www', 'www', 'demo@localhost', 'www'),
(79, 'www', 'www', 'www', 'demo@localhost', 'www'),
(80, 'www', 'www', 'www', 'demo@localhost', 'www'),
(81, 'www', 'www', 'www', 'demo@localhost', 'www'),
(82, 'www', 'www', 'www', 'demo@localhost', 'www'),
(83, 'www', 'www', 'www', 'demo@localhost', 'www'),
(84, 'qqq', 'qqq', 'qqq', 'demo@localhost', 'qqq'),
(85, 'fdsfds', 'fsfdsdfs', 'sdfdds', 'demo@localhost', 'fdsfds'),
(86, 'qqqq', 'qqqq', 'qqq', 'demo@localhost', 'qqqq'),
(87, 'qqq', 'qqq', 'qqq', 'demo@localhost', 'qqq'),
(88, 'ds', 'ds', 'ds', 'demo@localhost', 'ds'),
(89, 'w', 'w', 'ww', 'demo@localhost', 'w'),
(90, 'fsda', 'fsda', 'fds', 'demo@localhost', 'fdsa'),
(91, 'fdsfsd', 'fdsfds', 'sdffsd', 'demo@localhost', 'fds'),
(92, 'sdf', 'sfd', 'sdf', 'demo@localhost', 'sdf'),
(93, 'q', 'q', 'qq', 'demo@localhost', 'qq'),
(94, 'dsa', 'das', 'dsa', 'demo@localhost', 'das'),
(95, 'dd', 'dd', 'fgd', 'demo@localhost', 'dfgd'),
(96, 'ds', 'sd', 'sd', 'demo@localhost', 'ds'),
(97, 'fasd', 'fasd', 'asdf', 'demo@localhost', 'asfd'),
(98, 'dfg', 'fdg', 'sfg', 'newntel@gmail.com', 'fdg'),
(99, 'b', 'b', 'b', 'newntel@gmail.com', 'bd'),
(100, 'asdfdsa', 'asdf', 'asdffds', 'demo@localhost', 'asdfds'),
(101, 'аывф', 'аывф', 'фыва', 'demo@localhost', 'фаыв'),
(102, 'qqqqqqqq', 'qqqqqqqqqqq', 'qqqqqq', 'demo@localhost', 'qqqqqqqqqq'),
(103, 'fds', 'fds', 'sfd', 'demo@localhost', 'fds'),
(104, 'qqq', 'qq', 'qq', 'demo@localhost', 'qqq'),
(105, 'fsd', 'fds', 'fsd', 'demo@localhost', 'fsd'),
(106, 'fds', 'fsd', 'sdf', 'demo@localhost', 'fsd'),
(107, '111', '111', '111', 'demo@localhost', '111'),
(108, 'dgh', 'fgh', 'dfg', 'newntel@gmail.com', 'dgh'),
(109, 'sfdfdsfsd', 'sfdsfddsf', 'fdssfdfds', 'demo@localhost', 'fdsfdsfds'),
(110, 'fs', 'sf', 'sdf', 'newntel@gmail.com', 'sf'),
(111, 'fsdsfdfd', 'sdsfsd', 'sdfsfd', 'demo@localhost', 'sdfsfd'),
(112, 'sdf', 'fsd', 'sfd', 'demo@localhost', 'dfs'),
(113, 'sdf', 'fsd', 'sfd', 'demo@localhost', 'dfs'),
(114, 'sdf', 'fsd', 'sfd', 'demo@localhost', 'dfs'),
(115, 'qq', 'qq', 'qq', 'demo@localhost', 'qq'),
(116, 'sfd', 'fds', 'sfd', 'demo@localhost', 'fsd'),
(117, 'sfd', 'fds', 'sfd', 'demo@localhost', 'fsd'),
(118, 'sfd', 'fds', 'sfd', 'demo@localhost', 'fsd'),
(119, 'test', 'test', 'test', 'demo@localhost', 'test'),
(120, 'test', 'test', 'test', 'demo@localhost', 'test'),
(121, 'test', 'test', 'test', 'demo@localhost', 'test'),
(122, 'test', 'test', 'test', 'demo@localhost', 'test'),
(123, 'test', 'test', 'test', 'demo@localhost', 'test'),
(124, 'e', 'e', 'e', 'demo@localhost', 'e'),
(125, 'ss', 'ss', 'ss', 'demo@localhost', 'ss'),
(126, 'ss', 'ss', 'ss', 'demo@localhost', 'ss'),
(127, 'ss', 'ss', 'ss', 'demo@localhost', 'ss'),
(128, 'ss', 'ss', 'ss', 'demo@localhost', 'ss'),
(129, 'ss', 'ss', 'ss', 'demo@localhost', 'ss'),
(130, 'ss', 'ss', 'ss', 'demo@localhost', 'ss'),
(131, 'ss', 'ss', 'ss', 'demo@localhost', 'ss'),
(132, 'ss', 'ss', 'ss', 'demo@localhost', 'ss'),
(133, 'ss', 'ss', 'ss', 'demo@localhost', 'ss'),
(134, 'ss', 'ss', 'ss', 'demo@localhost', 'ss'),
(135, 'ss', 'ss', 'ss', 'demo@localhost', 'ss'),
(136, 'ss', 'ss', 'ss', 'demo@localhost', 'ss'),
(137, 'ss', 'ss', 'ss', 'demo@localhost', 'ss'),
(138, 'ss', 'ss', 'ss', 'demo@localhost', 'ss'),
(139, 'ss', 'ss', 'ss', 'demo@localhost', 'ss'),
(140, 'ff', 'ff', 'ff', 'demo@localhost', 'ff'),
(141, '11', '11', '11', 'demo@localhost', '11'),
(142, 'dd', 'dd', 'dd', 'demo@localhost', 'dd'),
(143, 'ff', 'ff', 'ff', 'demo@localhost', 'ff'),
(144, 'ff', 'ff', 'ff', 'demo@localhost', 'ff'),
(145, 'gf', 'fgd', 'gfd', 'demo@localhost', 'fd'),
(146, 'sfd', 'sfd', 'sfd', 'demo@localhost', 'sfd'),
(147, 'df', 'df', 'df', 'demo@localhost', 'df'),
(148, 'df', 'df', 'df', 'demo@localhost', 'df'),
(149, 'df', 'df', 'df', 'demo@localhost', 'df'),
(150, 'df', 'df', 'df', 'demo@localhost', 'df'),
(151, 'fsd', 'fds', 'sfd', 'demo@localhost', 'fsd'),
(152, 'fsd', 'fds', 'sfd', 'demo@localhost', 'fsd'),
(153, 'fsd', 'fsd', 'fsd', 'demo@localhost', 'fsd'),
(154, 'ідвало', 'івдало', 'івдалоідао', 'demo@localhost', 'ідвало'),
(155, 'ідвало', 'івдало', 'івдалоідао', 'demo@localhost', 'ідвало'),
(156, 'qqq', 'qqq', 'qqqq', 'demo@localhost', 'qqq'),
(157, 'qqq', 'qqq', 'qqqq', 'demo@localhost', 'qqq'),
(158, 'city', 'ул. Ленина, 55, кв. 567', 'Андрей', 'demo@localhost', '34543553535'),
(159, 'fsd', 'fsd', 'sdf', 'demo@localhost', 'fds'),
(160, 'Москва', 'ул. Зыгина, 45, кв. 656', 'Андрей', 'demo@localhost', '4952256767'),
(161, 'asfd', 'afds', 'asdf', 'demo@localhost', 'asdf'),
(162, 'sdf', 'sdf', 'dasfsd', 'newntel@gmail.com', 'sdf'),
(163, 'test', 'test', 'test', 'demo@localhost', 'test'),
(164, 'test', 'test', 'test', 'demo@localhost', 'test'),
(165, 'test', 'test', 'test', 'demo@localhost', 'test'),
(166, 'test', 'test', 'test', 'demo@localhost', 'test'),
(167, 'test', 'test', 'test', 'demo@localhost', 'test'),
(168, 'test', 'test', 'test', 'demo@localhost', 'test'),
(169, 'test', 'test', 'test', 'demo@localhost', 'test'),
(170, 'test', 'test', 'test', 'demo@localhost', 'test'),
(171, 'test', 'test', 'test', 'demo@localhost', 'test'),
(172, 'test', 'test', 'test', 'demo@localhost', 'test'),
(173, 'test', 'test', 'test', 'demo@localhost', 'test'),
(174, 'test', 'test', 'test', 'demo@localhost', 'test'),
(175, 'test', 'test', 'test', 'demo@localhost', 'test'),
(176, 'test', 'test', 'test', 'demo@localhost', 'test'),
(177, 'test', 'test', 'test', 'demo@localhost', 'test'),
(178, 'test', 'test', 'test', 'demo@localhost', 'test'),
(179, 'test', 'test', 'test', 'demo@localhost', 'test'),
(180, 'test', 'test', 'test', 'demo@localhost', 'test'),
(181, 'test', 'test', 'test', 'demo@localhost', 'test'),
(182, 'test', 'test', 'test', 'demo@localhost', 'test'),
(183, 'test', 'test', 'test', 'demo@localhost', 'test'),
(184, 'test', 'test', 'test', 'demo@localhost', 'test'),
(185, 'test', 'test', 'test', 'demo@localhost', 'test'),
(186, 'test', 'test', 'test', 'demo@localhost', 'test'),
(187, 'test', 'test', 'test', 'demo@localhost', 'test'),
(188, 'test', 'test', 'test', 'demo@localhost', 'test'),
(189, 'test', 'test', 'test', 'demo@localhost', 'test'),
(190, 'test', 'test', 'test', 'demo@localhost', 'test'),
(191, 'test', 'test', 'test', 'demo@localhost', 'test'),
(192, 'test', 'test', 'test', 'demo@localhost', 'test'),
(193, 'test', 'test', 'test', 'demo@localhost', 'test'),
(194, 'test', 'test', 'test', 'demo@localhost', 'test'),
(195, 'test', 'test', 'test', 'demo@localhost', 'test'),
(196, 'fds', 'fds', 'fsdfsd', 'demo@localhost', 'fds'),
(197, 'demo', 'demo', 'demo', 'demo@localhost', 'demo'),
(198, 'Лытка', 'улица Тепличная', 'Наталья', 'Azarka1@yandex.ru', '9929292922'),
(199, 'москва', 'ул. каперника д.10', 'имя', 'Azarka1@yandex.ru', '89123451234'),
(200, 'Город', 'ул Баженова', 'КиКИ', 'Azarka1@yandex.ru', '2832234'),
(201, 'test', 'test', 'Rebekka', 'Azarka1@yandex.ru', '82828282834'),
(202, 'Сургут', '628400 г.Сургут ул.Профсоюзов 62 (эврика)', 'Сергей', '721863@gmail.com', '+79044721863'),
(203, 'Сургут', '628400 г.Сургут ул.Профсоюзов 62 Эврика', 'Сергей', '721863@gmail.com', '+79044721863'),
(204, 'Сургут', '628400 г.Сургут ул.Профсоюзов 62 Эврика', 'Сергей', '721863@gmail.com', '+79044721863'),
(205, 'test', 'test', 'test', 'demo@localhost', 'test'),
(206, 'test', 'test', 'test', 'demo@localhost', 'test'),
(207, 'fsfsdfds', 'fsdfsdfdsfsd', 'fsdsfd', 'demo@localhost', 'fdsfsdfsd'),
(208, 'fsfsdfds', 'fsdfsdfdsfsd', 'fsdsfd', 'demo@localhost', 'fdsfsdfsd'),
(209, 'sdksdj', 'skdsksdj', 'ksdjlksdj', 'demo@localhost', 'sdksdkjh'),
(210, 'sdf', 'sdf', 'sdf', 'demo@localhost', 'sdf'),
(211, 'kiki', 'пвпорпове', 'kiki', 'Azarka1@yandex.ru', '9439999'),
(212, 'kiki', 'пвпорпове', 'kiki', 'Azarka1@yandex.ru', '9439999'),
(213, 'kiki', 'пвпорпове', 'kiki', 'Azarka1@yandex.ru', '9439999'),
(214, 'Москва', 'Вавилова д6', 'Владимир', 'Azarka1@yandex.ru', '8183747'),
(215, 'Москва', 'Вавилова д6', 'Имя', 'Azarka1@yandex.ru', '834930'),
(216, 'Москва', 'Вавилова д6', 'Имя', 'Azarka1@yandex.ru', '8708678'),
(217, 'Москва', 'Вавилова д6', 'И', 'Azarka1@yandex.ru', '8183747'),
(218, 'fhf', 'fhkfh', 'bv', 'Azarka1@yandex.ru', '8183747'),
(219, 'Москва', 'Вавилова д6', 'Зай', 'n.azarenkova@easyroaming.ru', '8183747'),
(220, 'москва', 'Вавилова д.6', 'Иван', 'azarenkovmv@yandex.ru', '82828282834'),
(221, 'Vfhsdh', 'dfhfdhsdfh', 'sfgs', 'Azarka1@yandex.ru', '82828282834'),
(222, 'Город 312', 'Вавилова д6', 'Гоблин', 'n.azarenkova@easyroaming.ru', '8183747'),
(223, 'aaa', 'aaa', 'aaa', 'demo@localhost', 'aaa'),
(224, 'Yashalta', 'Gorodovikova 62', 'Samuele ', 'new.man.for.skyrim@gmail.com', '89061763677'),
(225, 'Moscow', 'Ладожская ул., д.10/12, кв.92', 'Olga', 'makuhina@yandex.ru', '89262581359'),
(226, 'fgbfg', 'fgbfgb', 'dfbdb', 'newntel@gmail.com', 'dgb'),
(227, 'Москва г', 'Выборгская 20, корп. 2 офис ТЕКСКЕПРО', 'Вадим', 'vadim@texcare.ru', '79255086635'),
(228, 'Москва г', 'Выборгская 20, корп. 2 офис ТЕКСКЕПРО', 'Вадим', 'vadim@texcare.ru', '79255086635'),
(229, 'Москва г', 'Выборгская 20, корп. 2 офис ТЕКСКЕПРО', 'Вадим', 'vadim@texcare.ru', '79255086635'),
(230, 'test', 'test', 'test', 'demo@localhost', 'test'),
(231, 'Санкт-Петербург', 'Комендантский пр.27к.2,кв.40', 'Mariia', 'm.gubareva2014@yandex.ru', '+79111911510'),
(232, 'Санкт-Петербург', 'Комендантский пр.27к.2,кв.40', 'Mariia', 'm.gubareva2014@yandex.ru', '+79111911510'),
(233, 'Санкт-Петербург', 'Комендантский пр.27к.2,кв.40', 'Mariia', 'm.gubareva2014@yandex.ru', '+79111911510'),
(234, 'test', 'test', 'test', 'demo@localhost', 'test'),
(235, 'test', 'test', 'test', 'demo@localhost', 'test'),
(236, 'test', 'test', 'test', 'demo@localhost', 'test'),
(237, 'test', 'test', 'test', 'demo@localhost', 'test'),
(238, 'test', 'test', 'test', 'demo@localhost', 'test'),
(239, 'test', 'test', 'test', 'demo@localhost', 'test'),
(240, 'Пермь', 'ул. Чехова 24-39', 'Александр', 'shural.aa@gmail.com', '79027946826'),
(241, 'Пермь', 'Чехова 24 - 39', 'Александр', 'shural.aa@gmail.com', '79027946826'),
(242, 'Пермь', 'ул. Чехова 24-39', 'Александр', 'shural.aa@gmail.com', '79027946826'),
(243, 'Пермь', 'ул. Чехова 24-39', 'Александр', 'shural.aa@gmail.com', '79027946826'),
(244, 'Пермь', 'ул. Чехова 24-39', 'Александр', 'shural.aa@gmail.com', '79027946826'),
(245, 'test', 'test', 'test', 'demo@localhost', 'test'),
(246, 'Город', 'Адрес доставки', 'Елена', 'elena.a.zhdanova@gmail.com', 'Телефон'),
(247, 'Город', 'Адрес доставки', 'Елена', 'elena.a.zhdanova@gmail.com', 'Телефон'),
(248, 'Город', 'Адрес доставки', 'Елена ', 'elena.a.zhdanova@gmail.com', 'Телефон'),
(249, 'Москва', 'Ленинградский проспект, д.19, кв.23', 'Алексей', 'yasevich@gmail.com', '+79161080121'),
(250, 'Москва', 'Ленинградский проспект, д.19, кв.23', 'Алексей', 'yasevich@gmail.com', '+79161080121'),
(251, 'Москва', 'Ленинградский проспект, д.19, кв.23', 'Алексей', 'yasevich@gmail.com', '+79161080121'),
(252, 'Москва', 'Проспект Мира 13', 'Юрий', 'ryshechki@live.ru', '+79686426305'),
(253, 'test', 'test', 'test', 'admin@localhost', 'test'),
(254, 'sdf', 'sdf', 'sdf', 'admin@localhost', 'sdf'),
(255, 'впапва', 'пвапа', 'раа', 'admin@localhost', 'пар'),
(256, 'test', 'te', 'test', 'demo@localhost', 'test'),
(257, 'test', 'te', 'test', 'demo@localhost', 'test'),
(258, 'Москва', 'Измайловский бульвар, 34-25', 'Владимир', 'atesanec@yandex.ru', '+79060320173'),
(259, 'Москва', 'Преображенская площаль, дом. 8, БЦ Прео8', 'Артур', 'ncuxxx@gmail.com', '+79032015050'),
(260, 'Москва', 'Машкинское шоссе 23 кор 9', 'Христофор', 'cmaroufidis@gmail.com', '+79262030894'),
(261, 'Moscow', 'Vyatskaya st.27, bl.19-20', 'Pavel ', 'vvsidorov@gmail.com', '+79265105789'),
(262, 'test', 'test', 'test', 'demo@localhost', 'test'),
(263, 'test', 'test', 'test', 'demo@localhost', 'test'),
(264, 'Мытищи', 'Улица Лётная, дом 38, корпус 1, подъезд 2, этаж 8, квартира 67', 'Руслан', 'iq_100500@spaces.ru', '89153347114'),
(265, 'Лыткарино', 'квартал 3а', 'Наталия', 'natalip4elinova@gmail.com', '89653858902'),
(266, 'test', 'test', 'test', 'demo@localhost', 'test'),
(267, 'Москва', 'м. Университет', 'Dmitry', 'pomerol@yandex.ru', '89852109412'),
(268, 'Москва', 'ул. Маршала Тухачевского 37/21-368', 'Евгени', 'ekatkov@gmail.com', '89255894476'),
(269, 'Moscow', 'ул. Маршала Тухачевского 37/21-368', 'Evgeniy', 'ekatkov@gmail.com', '89255894476'),
(270, 'Москва', 'Свободный пр. 20-26', 'Ирина', 'irina.san@mail.ru', '+79151716089'),
(271, 'test', 'test', 'test', 'test', 'test'),
(272, 'test', 'test', 'test', 'test', 'test'),
(273, 'test', 'test', 'test', 'test', 'test'),
(274, 'test', 'test', 'test', 'test', 'test'),
(275, 'test', 'test', 'test', 'test', 'test'),
(276, 'test', 'test', 'test', 'test', 'test'),
(277, 'test', 'test2', 'test', 'test', 'test'),
(278, 'test', 'test', 'test', 'test', 'test'),
(279, 'test', 'test', 'test', 'test', 'test'),
(280, 'go', 'go', 'go', 'go', 'go'),
(281, 'go', 'go', 'go', 'go', 'go'),
(282, 'go', 'go', 'go', 'go', 'go'),
(283, 'go', 'go', 'go', 'go', 'go'),
(284, 'go', 'go', 'go', 'go', 'go'),
(285, 'go', 'go', 'go', 'go', 'go'),
(286, 'test', 'test', 'test', 'test', 'test'),
(287, 'test', 'test', 'test', 'test', 'test'),
(288, 'test', 'test', 'test', 'test', 'test'),
(289, 'test', 'test', 'test', 'test', 'test'),
(290, 'test', 'test', 'test', 'test', 'test'),
(291, 'test', 'test', 'test', 'test', 'test'),
(292, 'test', 'test', 'test', 'test', 'test'),
(293, 'test', 'test', 'test', 'test', 'test'),
(294, 'test', 'test', 'test', 'test', 'test'),
(295, 'test', 'test', 'test', 'test', 'test'),
(296, 'test', 'test', 'test', 'test', 'test'),
(297, 'test', 'test', 'test', 'test', 'test'),
(298, 'test', 'test', 'test', 'test', 'test'),
(299, 'test', 'test', 'test', 'test', 'test'),
(300, 'sldfkjdfslk', 'sldkfj', 'dsldfskjlk', 'sldfkjdfslk', 'sldfkjdfslk'),
(301, 'sldfkjdfslk', 'sldkfj', 'dsldfskjlk', 'sldfkjdfslk', 'sldfkjdfslk'),
(302, 'test', 'test', 'test', 'test', 'test'),
(303, 'test', 'test', 'test', 'test', 'test'),
(304, 'gorod', 'adres', 'familiya', 'imya', 'otchestvo'),
(305, 'gorod', 'adres', 'familiya', 'imya', 'otchestvo'),
(306, 'go', 'go', 'go', 'go', 'go');

-- --------------------------------------------------------

--
-- Table structure for table `equipments`
--

CREATE TABLE IF NOT EXISTS `equipments` (
  `id` int(11) NOT NULL AUTO_INCREMENT,
  `name_en` varchar(255) NOT NULL,
  `name_ru` varchar(255) NOT NULL,
  `description_en` text,
  `description_ru` text,
  `img` varchar(255) NOT NULL,
  `cost` double NOT NULL,
  PRIMARY KEY (`id`)
) ENGINE=InnoDB  DEFAULT CHARSET=utf8 AUTO_INCREMENT=7 ;

--
-- Dumping data for table `equipments`
--

INSERT INTO `equipments` (`id`, `name_en`, `name_ru`, `description_en`, `description_ru`, `img`, `cost`) VALUES
(1, 'Huawei E355 MiFi modem', 'MiFi модем Huawei E355', '<div class="table-responsive">\r\n	<table class="table table-striped">\r\n<tr>\r\n   <th>General specifications:</th><th></th>\r\n  </tr>\r\n  <tr>\r\n   <td>Type</td><td>3G/Wi-Fi adapter (router)</td>\r\n  </tr>\r\n  <tr>\r\n   <td>Wi-Fi protocol</td><td>IEEE 802.11b/g/n</td>\r\n  </tr>\r\n  <tr>\r\n   <td>Built-in 3G support</td><td>yes</td>\r\n  </tr>\r\n  <tr>\r\n   <td>High speed wireless connection </td><td>up to 21 Mbit/s</td>\r\n  </tr>\r\n  <tr>\r\n   <td>Connection type</td><td>USB 2.0</td>\r\n  </tr>\r\n  <tr>\r\n   <th>Router:</th><th></th>\r\n  </tr>\r\n  <tr>\r\n   <td>Router</td><td>yes</td>\r\n  </tr>\r\n  <tr>\r\n   <th>Extra:</th><th></th>\r\n  </tr>\r\n  <tr>\r\n   <td>Dimensions (WхHхD) </td><td>29х13х91 mm</td>\r\n  </tr>\r\n  <tr>\r\n   <td>Weight</td><td>40 g</td>\r\n  </tr>\r\n  <tr>\r\n   <td>Additional Information </td><td>microSD card support up to 32 Gb</td>\r\n  </tr>\r\n</table>\r\n</div>', '<div class="table-responsive">\r\n	<table class="table table-striped">\r\n		<tr>\r\n			<th>Общие характеристики:</th><th></th>\r\n		</tr>\r\n		<tr>\r\n			<td>Тип</td><td>3G/Wi-Fi адаптер (роутер)</td>\r\n		</tr>\r\n		<tr>\r\n			<td>Стандарт беспроводной связи</td><td>IEEE 802.11b/g/n</td>\r\n		</tr>\r\n		<tr>\r\n			<td>Встроенная поддержка 3G</td><td>есть</td>\r\n		</tr>\r\n		<tr>\r\n			<td>Макс. скорость беспроводного соединения </td><td>21 Мбит/с</td>\r\n		</tr>\r\n		<tr>\r\n			<td>Интерфейс подключения</td><td>USB 2.0</td>\r\n		</tr>\r\n		<tr>\r\n			<th>Маршрутизатор:</th><th></th>\r\n		</tr>\r\n		<tr>\r\n			<td>Маршрутизатор</td><td>есть</td>\r\n		</tr>\r\n		<tr>\r\n			<th>Дополнительно:</th><th></th>\r\n		</tr>\r\n		<tr>\r\n			<td>Размеры (ШхВхГ) </td><td>29х13х91 мм</td>\r\n		</tr>\r\n		<tr>\r\n			<td>Вес</td><td>40 г</td>\r\n		</tr>\r\n		<tr>\r\n			<td>Поддержка карт microSD </td><td>до 32 Гб</td>\r\n		</tr>\r\n	</table>\r\n</div>', '/resources/img/modem-2.png', 49.4),
(2, 'Huawei E303 HiLink modem', 'Модем Huawei E303 HiLink', '<div class="table-responsive">\r\n	<table class="table table-striped">\r\n<tr>\r\n   <th>General specifications:</th><th></th>\r\n  </tr>\r\n  <tr>\r\n   <td>Type</td><td>GSM</td>\r\n  </tr>\r\n  <tr>\r\n   <td>Communication System</td><td> GSM, GRRS, EDGE, 3G, YSDPA, HSUPA </td>\r\n  </tr>\r\n  <tr>\r\n   <td>Form</td><td>USB Stick</td>\r\n  </tr>\r\n  <tr>\r\n   <td>Connection type </td><td>USB 2.0</td>\r\n  </tr>\r\n  <tr>\r\n   <th>Other features:</th><th></th>\r\n  </tr>\r\n  <tr>\r\n   <td>USB powered</td><td>yes</td>\r\n  </tr>\r\n</table>\r\n</div>', '<div class="table-responsive">\r\n	<table class="table table-striped">\r\n<tr>\r\n   <th>Общие характеристики:</th><th></th>\r\n  </tr>\r\n  <tr>\r\n   <td>Тип</td><td>GSM</td>\r\n  </tr>\r\n  <tr>\r\n   <td>Поддерживаемые стандарты</td><td> GSM, GRRS, EDGE, 3G, YSDPA, HSUPA </td>\r\n  </tr>\r\n  <tr>\r\n   <td>Размещение</td><td>Внешний</td>\r\n  </tr>\r\n  <tr>\r\n   <td>Интерфейс подключения </td><td>USB 2.0</td>\r\n  </tr>\r\n  <tr>\r\n   <th>Прочие характеристики:</th><th></th>\r\n  </tr>\r\n  <tr>\r\n   <td>Питание через USB </td><td>Есть</td>\r\n  </tr>\r\n	</table>\r\n</div>', '/resources/img/modem-1.png', 24.07),
(3, 'Huawei Mobile Wi-Fi E5221 Router', 'Роутер Huawei Mobile Wi-Fi E5221', '<div class="table-responsive">\r\n	<table class="table table-striped">\r\n<tr>\r\n   <th>General specifications:</th><th></th>\r\n  </tr>\r\n  <tr>\r\n   <td>Type</td><td>3G/Wi-Fi adapter (router)</td>\r\n  </tr>\r\n  <tr>\r\n   <td>Wi-Fi Protocol</td><td>802.11n, 2.4 GHz</td>\r\n  </tr>\r\n  <tr>\r\n   <td>Built-in 3G support</td><td>yes</td>\r\n  </tr>\r\n  <tr>\r\n   <td>Max. wireless speed </td><td>72 Mbit/s</td>\r\n  </tr>\r\n  <tr>\r\n   <th>Reception/Transmission:</th><th></th>\r\n  </tr>\r\n  <tr>\r\n   <td>Information protection</td><td>WEP, WPA, WPA2</td>\r\n  </tr>\r\n  <tr>\r\n   <th>Access point options:</th><th></th>\r\n  </tr>\r\n  <tr>\r\n   <td>Advanced functions</td><td>file server</td>\r\n  </tr>\r\n  <tr>\r\n   <th>Router:</th><th></th>\r\n  </tr>\r\n  <tr>\r\n   <td>Router</td><td>yes</td>\r\n  </tr>\r\n  <tr>\r\n   <td>FireWall</td><td>yes</td>\r\n  </tr>\r\n  <tr>\r\n   <td>NAT</td><td>yes</td>\r\n  </tr>\r\n  <tr>\r\n   <td>DHCP-server</td><td>yes</td>\r\n  </tr>\r\n  <tr>\r\n   <td>Demilitarized zone (DMZ) </td><td>yes</td>\r\n  </tr>\r\n  <tr>\r\n   <th>Monitoring and Configuring:</th><th></th>\r\n  </tr>\r\n  <tr>\r\n   <td>Web-based interface</td><td>yes</td>\r\n  </tr>\r\n  <tr>\r\n   <th>Extra:</th><th></th>\r\n  </tr>\r\n  <tr>\r\n   <td>Autonomy</td><td>yes</td>\r\n  </tr>\r\n  <tr>\r\n   <td>Battery</td><td>built-in battery 1150 mAh</td>\r\n  </tr>\r\n  <tr>\r\n   <td>Maximum working time </td><td>4 hours</td>\r\n  </tr>\r\n  <tr>\r\n   <td>Maximum standby time (Wi-Fi is off) </td><td>280 hours</td>\r\n  </tr>\r\n  <tr>\r\n   <td>Maximum standby time (Wi-Fi is on) </td><td>23 hours</td>\r\n  </tr>\r\n  <tr>\r\n   <td>Dimensions (WхHхD) </td><td>58х15х90 mm</td>\r\n  </tr>\r\n  <tr>\r\n   <td>Weight</td><td>68 g</td>\r\n  </tr>\r\n  <tr>\r\n   <td>WiFi</td><td>connect up to 10 devices</td>\r\n  </tr>\r\n  <tr>\r\n   <td>Additional Information </td><td>a slot for microSD cards, mode of USB-modem</td>\r\n  </tr>\r\n</table>\r\n</div>', '<div class="table-responsive">\r\n	<table class="table table-striped">\r\n<tr>\r\n   <th>Общие характеристики:</th><th></th>\r\n  </tr>\r\n  <tr>\r\n   <td>Тип</td><td>3G/Wi-Fi адаптер (роутер)</td>\r\n  </tr>\r\n  <tr>\r\n   <td>Стандарт беспроводной связи</td><td>802.11n, частота 2.4 ГГц</td>\r\n  </tr>\r\n  <tr>\r\n   <td>Встроенная поддержка 3G</td><td>есть</td>\r\n  </tr>\r\n  <tr>\r\n   <td>Макс. скорость беспроводного соединения </td><td>72 Мбит/с</td>\r\n  </tr>\r\n  <tr>\r\n   <th>Прием/передача:</th><th></th>\r\n  </tr>\r\n  <tr>\r\n   <td>Защита информации</td><td>WEP, WPA, WPA2</td>\r\n  </tr>\r\n  <tr>\r\n   <th>Опции точки доступа/моста:</th><th></th>\r\n  </tr>\r\n  <tr>\r\n   <td>Расширенные функции</td><td>файловый сервер</td>\r\n  </tr>\r\n  <tr>\r\n   <th>Маршрутизатор:</th><th></th>\r\n  </tr>\r\n  <tr>\r\n   <td>Маршрутизатор</td><td>есть</td>\r\n  </tr>\r\n  <tr>\r\n   <td>Межсетевой экран (FireWall) </td><td>есть</td>\r\n  </tr>\r\n  <tr>\r\n   <td>NAT</td><td>есть</td>\r\n  </tr>\r\n  <tr>\r\n   <td>DHCP-сервер</td><td>есть</td>\r\n  </tr>\r\n  <tr>\r\n   <td>Демилитаризованная зона (DMZ) </td><td>есть</td>\r\n </tr>\r\n  <tr>\r\n   <th>Мониторинг и конфигурирование:</th><th></th>\r\n  </tr>\r\n  <tr>\r\n   <td>Web-интерфейс </td><td>есть</td>\r\n  </tr>\r\n  <tr>\r\n   <th>Дополнительно:</th><th></th>\r\n  </tr>\r\n  <tr>\r\n   <td>Автономная работа</td><td>есть</td>\r\n  </tr>\r\n  <tr>\r\n   <td>Время работы в автономном режиме </td><td>4 ч</td>\r\n  </tr>\r\n  <tr>\r\n   <td>Размеры (ШхВхГ) </td><td>58х15х90 мм</td>\r\n  </tr>\r\n  <tr>\r\n   <td>Вес</td><td>68 г</td>\r\n  </tr>\r\n  <tr>\r\n   <td>WiFi</td><td>подключение до 10 устройств</td>\r\n  </tr>\r\n  <tr>\r\n   <td>Дополнительная информация </td><td>встроенная батарея на 1150 мАч; слот для microSD, \r\nрежим USB-модема</td>\r\n  </tr>\r\n	</table>\r\n</div>', '/resources/img/modem-4.png', 45.18),
(4, 'Huawei Mobile Wi-Fi E5220 Router', 'Роутер Huawei Mobile Wi-Fi E5220', '<div class="table-responsive">\n	<table class="table table-striped">\n<tr>\n   <th>General specifications:</th><th></th>\n  </tr>\n  <tr>\n   <td>Type</td><td>3G/Wi-Fi adapter (router)</td>\n  </tr>\n  <tr>\n   <td>Wi-Fi Protocol</td><td>802.11n</td>\n  </tr>\n  <tr>\n   <td>Built-in 3G support</td><td>yes</td>\n  </tr>\n  <tr>\n   <th>Reception/Transmission:</th><th></th>\n  </tr>\n  <tr>\n   <td>Information protection</td><td>WEP, WPA, WPA2</td>\n  </tr>\n  <tr>\n   <th>Access point options:</th><th></th>\n  </tr>\n  <tr>\n   <td>Advanced functions</td><td>file server</td>\n  </tr>\n  <tr>\n   <th>Router:</th><th></th>\n  </tr>\n  <tr>\n   <td>Router</td><td>yes</td>\n  </tr>\n  <tr>\n   <td>DHCP-server </td><td>yes</td>\n  </tr>\n  <tr>\n   <th>Monitoring and Configuring:</th><th></th>\n  </tr>\n  <tr>\n   <td>Web-based interface </td><td>yes</td>\n  </tr>\n  <tr>\n   <th>Extra:</th><th></th>\n  </tr>\n  <tr>\n   <td>Autonomy</td><td>yes</td>\n  </tr>\n  <tr>\n   <td>Dimentions (WхHхD) </td><td>58х15х90 mm</td>\n  </tr>\n  <tr>\n   <td>Weight</td><td>68 g</td>\n  </tr>\n  <tr>\n   <td>WiFi</td><td>connect up to 5 devices</td>\n  </tr>\n  <tr>\n   <td>Additional Information </td><td> 2G/3G support; battery at 1150 mAh</td>\n  </tr>\n</table>\n</div>', '<div class="table-responsive">\r\n	<table class="table table-striped">\r\n<tr>\r\n   <th>Общие характеристики:</th><th></th>\r\n  </tr>\r\n  <tr>\r\n   <td>Тип</td><td>3G/Wi-Fi адаптер (роутер)</td>\r\n  </tr>\r\n  <tr>\r\n   <td>Стандарт беспроводной связи</td><td>802.11n</td>\r\n  </tr>\r\n  <tr>\r\n   <td>Встроенная поддержка 3G</td><td>есть</td>\r\n  </tr>\r\n  <tr>\r\n   <th>Прием/передача:</th><th></th>\r\n  </tr>\r\n  <tr>\r\n   <td>Защита информации</td><td>WEP, WPA, WPA2</td>\r\n  </tr>\r\n  <tr>\r\n   <th>Опции точки доступа/моста:</th><th></th>\r\n  </tr>\r\n  <tr>\r\n   <td>Расширенные функции</td><td>файловый сервер</td>\r\n  </tr>\r\n  <tr>\r\n   <th>Маршрутизатор:</th><th></th>\r\n  </tr>\r\n  <tr>\r\n   <td>Маршрутизатор</td><td>есть</td>\r\n  </tr>\r\n  <tr>\r\n   <td>DHCP-сервер </td><td>есть</td>\r\n  </tr>\r\n  <tr>\r\n   <th>Мониторинг и конфигурирование:</th><th></th>\r\n  </tr>\r\n  <tr>\r\n   <td>Web-интерфейс </td><td>есть</td>\r\n  </tr>\r\n  <tr>\r\n   <th>Дополнительно:</th><th></th>\r\n  </tr>\r\n  <tr>\r\n   <td>Автономная работа</td><td>есть</td>\r\n  </tr>\r\n  <tr>\r\n   <td>Размеры (ШхВхГ) </td><td>58х15х90 мм</td>\r\n  </tr>\r\n  <tr>\r\n   <td>Вес</td><td>68 г</td>\r\n  </tr>\r\n  <tr>\r\n   <td>WiFi</td><td>подключение до 5 устройств</td>\r\n  </tr>\r\n  <tr>\r\n   <td>Дополнительная информация </td><td>поддержка 2G/3G; батарея на 1150 мАч </td>\r\n  </tr>\r\n	</table>\r\n</div>', '/resources/img/modem-3.png', 44),
(5, 'Universal 3G USB W120 modem', '3G USB модем W120', '<div class="table-responsive">\r\n	<table class="table table-striped">\r\n<tr>\r\n   <th>General specifications:</th><th></th>\r\n  </tr>\r\n  <tr>\r\n   <td>Type</td><td>modem</td>\r\n  </tr>\r\n  <tr>\r\n   <td>Wi-Fi Protocol</td><td> HSDPA/WCDMA/EDGE/GPRS/GSM </td>\r\n  </tr>\r\n  <tr>\r\n   <td>Built-in 3G support</td><td>yes</td>\r\n  </tr>\r\n  <tr>\r\n   <td>Max. wireless type</td><td>5,76 Mbit/s</td>\r\n  </tr>\r\n  <tr>\r\n   <td>Connection type</td><td>USB 2.0</td>\r\n  </tr>\r\n  <tr>\r\n   <th>Extra:</th><th></th>\r\n  </tr>\r\n  <tr>\r\n   <td>Dimensions (WхHхD) </td><td>25х9х82 mm</td>\r\n  </tr>\r\n  <tr>\r\n   <td>Weight</td><td>20 g</td>\r\n  </tr>\r\n  <tr>\r\n   <td>Additional Information</td><td>microSD card up to 32 GB; sms transfer function</td>\r\n</tr>\r\n</table>\r\n</div>', '<div class="table-responsive">\r\n	<table class="table table-striped">\r\n<tr>\r\n   <th>Общие характеристики:</th><th></th>\r\n  </tr>\r\n  <tr>\r\n   <td>Тип</td><td>Модем</td>\r\n  </tr>\r\n  <tr>\r\n   <td>Поддерживаемые стандарты</td><td> HSDPA/WCDMA/EDGE/GPRS/GSM </td>\r\n  </tr>\r\n  <tr>\r\n   <td>Встроенная поддержка 3G</td><td>есть</td>\r\n  </tr>\r\n  <tr>\r\n   <td>Макс. скорость передачи данных</td><td>5,76 Мбит/с</td>\r\n  </tr>\r\n  <tr>\r\n   <td>Интерфейс подключения</td><td>USB 2.0</td>\r\n  </tr>\r\n  <tr>\r\n   <th>Дополнительно:</th><th></th>\r\n  </tr>\r\n  <tr>\r\n   <td>Размеры (ШхВхГ) </td><td>25х9х82 мм</td>\r\n  </tr>\r\n  <tr>\r\n   <td>Вес</td><td>20 г</td>\r\n  </tr>\r\n <tr>\r\n   <td>Дополнительная информация </td><td>поддержка карт microSD до 32 Гб; функция передачи sms-сообщений</td>\r\n</tr>\r\n</table>\r\n</div>', '/resources/img/modem-6.png', 23.61),
(6, '3G/WiFi TE-AW930 Router', 'Роутер 3G/WiFi TE-AW930', '<div class="table-responsive">\r\n	<table class="table table-striped">\r\n<tr>\r\n   <th>General specirications:</th><th></th>\r\n  </tr>\r\n  <tr>\r\n   <td>Type</td><td>3G/Wi-Fi adapter (router)</td>\r\n  </tr>\r\n  <tr>\r\n   <td>Wi-Fi Protocol</td><td>802.11b, 802.11g, 802.11n </td>\r\n  </tr>\r\n  <tr>\r\n   <td>Built-in 3G support</td><td>yes</td>\r\n  </tr>\r\n  <tr>\r\n   <td>3G</td><td>UMTS (WCDMA) 2100 MHz</td>\r\n  </tr>\r\n  <tr>\r\n   <td>Max. Wireless speed</td><td>150 Mbit/s</td>\r\n  </tr>\r\n  <tr>\r\n   <th>Extra:</th><th></th>\r\n  </tr>\r\n  <tr>\r\n   <td>Autonomy</td><td>yes</td>\r\n  </tr>\r\n  <tr>\r\n   <td>While working offline</td><td>до 12 hours</td>\r\n  </tr>\r\n  <tr>\r\n   <td>Dimensions (WхHхD) </td><td>76х22х76 mm</td>\r\n  </tr>\r\n  <tr>\r\n   <td>Weight</td><td>178 g</td>\r\n  </tr>\r\n  <tr>\r\n   <td>WiFi</td><td>connect up to 10 devices</td>\r\n  </tr>\r\n  <tr>\r\n   <td>Additional Information</td><td>5000 mAh battery; microSD card support up to 32 GB; Power Bank mode</td>\r\n </tr>\r\n  <tr>\r\n   <td>The ability to charge mobile devices</td><td>yes, using USB</td>\r\n</tr>\r\n</table>\r\n</div>', '<div class="table-responsive">\r\n	<table class="table table-striped">\r\n<tr>\r\n   <th>Общие характеристики:</th><th></th>\r\n  </tr>\r\n  <tr>\r\n   <td>Тип</td><td>3G/Wi-Fi адаптер (роутер)</td>\r\n  </tr>\r\n  <tr>\r\n   <td>Стандарт беспроводной связи</td><td>802.11b, 802.11g, 802.11n </td>\r\n  </tr>\r\n  <tr>\r\n   <td>Встроенная поддержка 3G</td><td>есть</td>\r\n  </tr>\r\n  <tr>\r\n   <td>3G</td><td>UMTS (WCDMA) 2100 МГц</td>\r\n  </tr>\r\n  <tr>\r\n   <td>Макс. скорость беспроводного соединения</td><td>150 Мбит/с</td>\r\n  </tr>\r\n  <tr>\r\n   <th>Дополнительно:</th><th></th>\r\n  </tr>\r\n  <tr>\r\n   <td>Автономная работа</td><td>есть</td>\r\n  </tr>\r\n  <tr>\r\n   <td>Время работы в автономном режиме</td><td>до 12 часов</td>\r\n  </tr>\r\n  <tr>\r\n   <td>Размеры (ШхВхГ) </td><td>76х22х76 мм</td>\r\n  </tr>\r\n  <tr>\r\n   <td>Вес</td><td>178 г</td>\r\n  </tr>\r\n  <tr>\r\n   <td>WiFi</td><td>подключение до 10 устройств</td>\r\n  </tr>\r\n  <tr>\r\n   <td>Дополнительная информация </td><td>емкость аккумулятора 5000 мАч; поддержка карт \r\nmicroSD до 32 Гб; режим Power Bank</td>\r\n </tr>\r\n  <tr>\r\n   <td>Возможность зарядки мобильных устройств </td><td>есть, через USB</td>\r\n</tr>\r\n</table>\r\n</div>', '/resources/img/modem-5.png', 54.22);

-- --------------------------------------------------------

--
-- Table structure for table `faq`
--

CREATE TABLE IF NOT EXISTS `faq` (
  `id` int(11) NOT NULL AUTO_INCREMENT,
  `category` int(11) NOT NULL,
  `question_en` varchar(255) NOT NULL,
  `question_ru` varchar(255) NOT NULL,
  `answer_en` text,
  `answer_ru` text,
  `weight` int(11) NOT NULL DEFAULT '0',
  PRIMARY KEY (`id`)
) ENGINE=InnoDB  DEFAULT CHARSET=utf8 AUTO_INCREMENT=33 ;

--
-- Dumping data for table `faq`
--

INSERT INTO `faq` (`id`, `category`, `question_en`, `question_ru`, `answer_en`, `answer_ru`, `weight`) VALUES
(1, 1, 'Why am I not able to make a call after I have activated SIM card easyroaming?', 'Почему не получается совершить исходящий звонок после активации сим-карты easyroaming?', 'You need to activate the service «Call Back». For this purpose, go to the following menu in your smartphone: <strong>Menu > SIM Menu > Settings > Activate Service</strong>, then dial the code <strong>1221</strong> in the Enter Service Code field and press OK.\r\nA repeated entering of the code 1221 returns the <strong>easyroaming</strong> in the regular telephone mode.', 'Вам необходимо активировать услугу «Call Back». Для этого необходимо зайти в следующее меню в Вашем смартфоне: <strong>Menu > SIM Menu > Settings > Activate Service</strong> и в поле <strong>„Enter service code“</strong> набрать код <strong>1221</strong> и нажать "Ok".\r\nПовторный ввод кода 1221 возвращает сим-карту <strong>easyroaming</strong> в режим работы с обычным мобильным телефоном.', 0),
(2, 3, 'What is <strong>Keepgo</strong>?', 'Что такое <strong>Keepgo</strong>?', '<p><strong>Keepgo is the first International 3G Internet Provider.</p>\r\n<p>We provide our customers with local and global data SIM cards, smartphones, and internet devices (like MiFi or modems) for their destination country before they travel.</p>\r\n', '<p><strong>Keepgo</strong> это торговая марка является первым международным провайдером 3G интернет.</p>\r\n<p>Мы предоставляем нашим клиентам SIM карты, используемые в смартфонах и интернет-устройствах (например, Mi-Fi и модемах) в любой стране мира.</p>\r\n', 0),
(3, 1, 'How is the cost of the incoming and outgoing calls rated?', 'Как тарифицируется стоимость входящих и исходящих звонков?', '<p>Specific rates apply to both the incoming and the outgoing calls. Any incoming call, at any time and regardless of where you have received the call from, will be rated by the incoming call rate for the country, in which you are receiving that call.\r\n</p><p>The cost of an outgoing call from the country of your stay doesn''t depend on the destination of the call: it is not important, whether you are making a local call in the country you are currently staying in or an international call to any other country of the world, your call will be rated by the outgoing call rate for the country, from which you are calling.\r\n<p>', '<p>Звонки тарифицируются как входящие, так и исходящие. Любой входящий звонок, в любое время суток, вне зависимости, откуда Вам звонят, будет тарифицироваться по тарифу входящего звонка той страны, где Вы его принимаете.\r\n</p><p>\r\nСтоимость исходящего звонка из страны пребывания не зависит от направления вызова, не важно - совершаете ли Вы местный звонок по стране Вашего пребывания, или звоните в любую другу страну мира, включая звонок в Россию, будет тарифицироваться по тарифу исходящего звонка, той страны, из которой Вы звоните.\r\n</p><p>\r\nПри активации скидочного пакета, тариф снижается на все время действия скидочного пакета, более подробно в разделе <a class="scrollTo" href="#section-tariffs">Тарифные планы и дополнительные услуги.</a>\r\n</p>', 0),
(4, 3, 'What are the advantages of <strong>Keepgo</strong> services?', 'Каковы преимущества услуг <strong>Keepgo</strong>?', '<p><strong>Keepgo</strong> specializes in services for travelers who travel with smartphones, tablet computers, or laptops. We have alliances with cellular carriers worldwide to provide you with the most cost effective solutions. We have a unique expertise in creating software travel solutions for data devices to be used by individuals and businesses.</p><p> \r\nOur solutions bring next level travel experience to our clients using the latest roaming and smartphone technology available. We provide 24/7 customer support in the USA, Australia, Israel, and other countries.</p>\r\n', '<strong>Keepgo</strong> специализируется на предоставлении интернет трафика в международном роуминге для туристов, которые путешествуют со смартфонами, планшетами или ноутбуками. Стремясь предоставить вам экономически выгодные решения, мы заключили Партнерское соглашение с операторами сотовой связи по всему миру. У нас есть уникальный опыт в создании программного обеспечения Travel Solutions для устройств передачи данных.', 0),
(5, 3, 'Who uses <strong>Keepgo</strong>?', 'Кто использует <strong>Keepgo</strong>?', '<strong>Keepgo</strong> services are used by families, businesses, individuals, groups, schools, Universities, and many others who travel abroad.', 'SIM картами <strong>Keepgo</strong> используют все, кто выезжает за границу. От индивидуальных путешественников до семей, от групп школьников до групп предпринимателей или представителей больших компаний.', 0),
(6, 3, 'How do I contact <strong>Keepgo</strong>?', 'Как я могу связаться с <strong>Keepgo</strong>?', 'Our Russian-speaking technical support is available 24/7:\r\n<ul>\r\n<li>Email: <strong><a href="mailto:assist@easyroaming.ru">assist@easyroaming.ru</a></strong></li>\r\n<li>Phone: <strong>+7 (495) 212-90-06</strong></li>\r\n</ul>\r\nOur English-speaking technical support is available 24/7 at:\r\n<ul>\r\n<li>Email:<strong><a href="mailto:support@Keepgo.com"></a></strong></li>\r\n<li>Phone (Toll free): <strong>1-800-355-1118</strong></li>\r\n</ul>\r\n', 'Наша русскоязычная служба поддержки доступна 24/7:\r\n<ul>\r\n<li>Email: <strong><a href="mailto:assist@easyroaming.ru">assist@easyroaming.ru</a></strong></li>\r\n<li>номер телефона техподдержки в России:: <strong>+7 (495) 212-90-06</strong></li>\r\n</ul>\r\nНаша англоязычная служба поддержки доступна 24/7:\r\n<ul>\r\n<li>Email:<strong><a href="mailto:support@Keepgo.com"></a></strong></li>\r\n<li>номер телефона техподдержки в США: <strong>1-800-355-1118</strong></li>\r\n</ul>', 0),
(7, 3, 'Why do you recommended this international SIM card for travel?', 'Почему вы советуете именно эту международную SIM-карту для путешествий?', '<p>Short answer: To save money and travel conveniently. That is what we call Travel Smart. If you decide to use 3G internet on your smartphone with your carrier, you will be charged outrageous prices for data use.</p>\r\n<p>We think this is unacceptable. Using our services, you pay only a fixed daily rental price and use 3G internet free, exactly as you do at home. Our rates are much cheaper than your carrier''s roaming rates, so you can use GPS services with Maps, free VoIP phone calls, location based search engines, games, movies, and thousands of other useful applications - without paying any roaming fees.</p>\r\n', '<p>Мы создали этот продукт, чтобы помочь вам экономить деньги и путешествовать комфортно.</p>\r\n<p>Мы считаем недопустимым, чтобы вы переплачивали за то, что является общедоступным. Воспользовавшись нашими услугами, Вы платите только за использование 3G-интернета, точно так же, как вы делаете это дома. Наши цены намного дешевле, чем тарифы на роуминг других операторов. Таким образом, мы предлагаем вам продолжать пользоваться GPS -картами и поисковыми системами, совершать бесплатные VoIP -звонки, играть, смотреть фильмы и чувствовать себя комфортно вдали от дома.</p>\r\n', 0),
(8, 3, 'I plan to rent a car for my trip. How can your service help me?', 'Я планирую арендовать автомобиль для моей поездки. Как вы мне можете помочь?', '<strong>Keepgo''s</strong> service is specially designed to complete and enhance car rental trips. When you order our data SIM card, you can also be provided with a MiFi Wireless Hot-spot device, so all your car pals will enjoy 3G internet connection anywhere on the go.\r\nIn addition, you do not need to rent a GPS. This saves money on buying maps, tourist and attraction guides, or internet cafe access.\r\n', 'Услуга <strong>Keepgo</strong> специально разработана для Вас, путешественников, желающих взять напрокат автомобиль. Если вы покупаете у нас SIM-карту, вы так же можете купить MiFi- устройства. Так что все, кто будут находиться в вашем автомобиле, будут пользоваться подключением к 3G-Интернету в любой точке, даже если автомобиль движется. Кроме того, вам не нужно арендовать GPS-навигатор. Это поможет сэкономить средства на покупке карт, аренде гидов.', 0),
(9, 1, 'In which countries of the European Union does the card work?', 'В каких странах Еврозоны работает сим-карта? ', 'A easyroaming SIM cards work in all European Union countries.', 'Сим-карты easyroaming работают во всех странах Еврозоны.', 0),
(10, 1, 'How many numbers one card may be assigned?', 'Сколько номеров можно присвоить одной карте?', 'A <strong>easyroaming</strong> card may be assigned up to 4 additional numbers of any countries.', 'К каждой карте <strong>easyroaming</strong> можно присвоить до 4х дополнительных номеров любой страны. ', 0),
(11, 1, 'What purpose is the SIM card <strong>easyroaming</strong> designed for?', 'Для каких целей предназначена сим-карта <strong>easyroaming</strong>?', '<strong>easyroaming</strong> is a mobile communication service that provides various benefits during an international trip, such as the following:\r\n<ul>\r\n<li>Communication expense optimization, short text message transfer during international trips.</li>\r\n<li>Mobile Internet (3G/GPRS) during international trips.</li>\r\n<li>A convenient user interface.</li>\r\n<li>Free technical support 24/7.</li>\r\n<li>Assign up to 4 numbers to one SIM card.</li>\r\n</ul>\r\n', '<strong>easyroaming</strong> – это услуга мобильной связи, позволяющая получить следующие преимущества в международных поездках:\r\n<ul>\r\n<li>Удешевление расходов на связь, передача коротких сообщений в международных поездках.</li>\r\n<li>Возможность передачи данных в международных поездках (мобильный Интернет GPRS/3G).</li>\r\n<li>Удобный пользовательский интерфейс.</li>\r\n<li>Бесплатная техническая поддержка 24/7.</li>\r\n<li>Привязка до 4 номеров на одну сим-карту.</li>\r\n<li>Переадресация российского номера на номер easyroaming.</li>\r\n</ul>\r\n', 0),
(12, 1, 'What additional possibilities does the card offer?', 'Какие дополнительные возможности есть у сим-карты easyroaming?', 'For the convenience of our clients, each <strong>easyroaming</strong> SIM card is equipped with the special SIM Menu, which facilitates the usage of the service and provides an easy access to the additional information:\r\n<p><strong>Additional Services</strong> – the additional services of easyroaming.</p>\r\n<p><strong>Check Balance</strong> – checking the current balance.</p>\r\n<p><strong>Add Airtime</strong> – replenishing the balance by entering the corresponding code.</p>\r\n<p><strong>Check Rate</strong> – call cost request (the number must be entered).</p>\r\n<p><strong>Show My Numbers</strong> – shows number (-s) assigned to the SIM card.</p>\r\n<p><strong>Send SMS</strong> – sending text messages at the special rate.</p>\r\n<p><strong>Settings</strong> – system menu, through which the technical support service can be contacted.</p>', 'Для удобства клиентов в каждой сим-карте <strong>easyroaming</strong> имеется меню <strong>„SIM Menu”</strong>, позволяющее облегчить использование услуги и получить удобный доступ к дополнительной информации:\r\n<p><strong>Additional Services</strong> – дополнительные сервисы easyroaming.</p>\r\n<p><strong>Check Balance</strong> – проверка текущего баланса.</p>\r\n<p><strong>Add Airtime</strong> – пополнение баланса путем ввода соответствующего кода.</p>\r\n<p><strong>Check Rate</strong> – запрос стоимости звонка (требуется ввести  номер).</p>\r\n<p><strong>Show My Numbers</strong> – показ номера/номеров, привязанных к SIM карте.</p>\r\n<p><strong>Send SMS</strong> – отправка SMS сообщения по льготному тарифу.</p>\r\n<p><strong>Settings</strong> – системное меню, через которое можно связаться со службой тех. поддержки.</p>', 0),
(13, 1, 'At which moment does the charging start?', 'С какого момента начинается тарификация?', 'The charging starts at the moment, when the called subscriber has answered the call.', 'Тарификация начинается с момента соединения, т.е. когда вызываемый абонент ответил на звонок. ', 0),
(14, 1, 'Why the SIM card <strong>easyroaming</strong> so advantageous? What’s the catch?', 'Почему у сим-карты  <strong>easyroaming</strong> такие дешевые тарифы? В чем подвох?', 'The company easyroaming specializes only in international destinations, which allows it offering its clients advantageous conditions for using the easyroaming cards on international trips.', 'Компания easyroaming специализируется только на международных направлениях, поэтому имеет возможность предлагать своим клиентам дешевый роуминг при использовании карт easyroaming в зарубежных поездках.', 0),
(15, 1, 'How are the text messages rated?', 'Как тарифицируется отправка СМС?', 'Text message rating:\r\n<ul>\r\n<li>The cost of an outgoing text message is rated according to the table of the rates.</li>\r\n<li>The incoming text messages are free of charge.</li>\r\n<li>The cost of sending a text message to a easyroaming subscriber from the company www. easytravel.me is free of charge (up to 5 messages per day to one number).</li>\r\n<li>The cost of sending a text message from the service menu SIM Menu is 0.10 USD per message.</li>\r\n</ul>\r\n', 'Тарификация SMS сообщений:\r\n<ul>\r\n<li>Стоимость исходящего SMS тарифицируется в соответствии с тарифной таблицей.</li>\r\n<li>Стоимость приема SMS сообщений - бесплатно.</li>\r\n<li>Стоимость исходящего SMS сообщения абоненту easyroaming с сайта компании www. easytravel.me – бесплатно (до 5 сообщений за сутки на один номер).</li>\r\n<li>Стоимость исходящего SMS сообщения из меню SIM Menu – 0.10 USD/сообщение вне зависимости от страны пребывания.</li>\r\n</ul>\r\n', 0),
(16, 1, 'How can I check the balance on the SIM card?', 'Как мне проверить баланс сим-карты?', 'You can check the balance in several ways:<br/>\r\n1. SIM menu -> Check balance<br/>\r\n2. Dial the command <strong>099</strong> or <strong>*146*099#</strong> and press “Call”<br/>\r\nYour current balance will be displayed on the phone screen. Checking the balance is free of charge.', 'Вы можете проверить баланс несколькими способами:<br/>\r\n1. В SIM-меню выберите пункт Check balance<br/>\r\n2. Наберите команду <strong>099</strong> или <strong>*146*099#</strong> и нажмите «Вызов»<br/>\r\nТекущий баланс высветится на экране телефона. Проверка баланса осуществляется бесплатно.', 0),
(17, 1, 'How can I make a call using the SIM card <strong>easyroaming</strong>?', 'Как с карты <strong>easyroaming</strong> совершить исходящий звонок?', 'The golden rule is: always dial the number with the international code regardless of which country you stay in and which country you call. Dial the number of a subscriber in the international format: the country code, the area code, and the phone number. Press the Call button. The Wait for Call message, as well as the information window with the current balance, will appear on the phone screen. In a few seconds, you will receive an incoming call. Press the Call button. Wait for the conversation partner’s answer and enjoy your conversation!', 'Золотое правило: всегда набирайте номер в международном формате, независимо от того, из какой страны Вы звоните, и куда Вы звоните. Наберите номер российского абонента в международном формате: +7 (код России) 495 (код города/либо код федерального мобильного 916, 903, 923 и т.д.)420-00-42 (номер телефона). Нажмите кнопку посыла вызова. На дисплее телефона появится сообщение Wait for Call (ждите входящий звонок), а также информационное окно с текущим балансом. Через несколько секунд Вам поступит входящий звонок, нажмите клавишу посыла вызова. Ждите ответа собеседника и наслаждайтесь беседой! ', 0),
(18, 3, 'I plan to travel with kids. How can your service help me?', 'Я планирую путешествие с детьми. Как ваша услуга мне может помочь?', 'If your kids are bored in a museum line or on a flight, you can easily entertain them with a smartphone or tablet computer. Hundreds of thousands of on-demand games and movies are available online and can be downloaded using Keepgo data SIM cards. If 3G connected, you will be able to tell the location of your children at any time so that you can easily find them in an unknown place. ', 'С картами Keepgo вашим детям скучать не придется. В их распоряжении будут сотни игр и фильмов в режиме он-лайн. Главное, чтобы вы имели смартфон, планшет или компьютер. Подключение к сети 3G любого устройства.', 0),
(19, 3, 'What can I do with 100MB per day?', 'Что я могу сделать со 100 Мб в день?', 'Quite a lot, actually. \r\n<ul>\r\n<li>You can enjoy more than 5 hours of active GPS navigation (Google Maps or Waze).</li> \r\n<li>You can talk for 300 minutes over Internet with VoIP calls (Skype, Viber).</li> \r\n<li>You can view about 40 web-pages.</li>\r\n<li>You can stream internet radio for 3 hours.</li>\r\n<li>You can send/read about 200 emails.</li>\r\n<li>You can video chat for 1 hour.</li>\r\n<li>You can upload 50 photos to social networks (Facebook, MySpace).</li></ul>\r\n<p>Attention! Examples are approximate flow of traffic. These calculations can not be tariffed template under any circumstances!</p>\r\n', 'На самом деле, довольно много:\r\n<ul>\r\n<li>Вы можете наслаждаться 5-ю часами активной навигации GPS (Google Maps или Waze).</li>\r\n<li>Вы можете говорить в течение 300 минут через Интернет, используя Skype и Viber , совершая VoIP-звонки.</li>\r\n<li>Вы можете просмотреть около 40 веб-страниц.</li>\r\n<li>Вы можете слушать интернет-радио в течение 3 часов.</li>\r\n<li>Вы можете отправлять/ читать около 200 сообщений в вашей электронной почте.</li>\r\n<li>В течение 1 часа можно работать в видеоконференции.</li>\r\n<li>Вы можете загрузить примерно 50 фотографий в социальные сети (Facebook, MySpace).</li></ul>\r\n<p>Внимание! Приведены приблизительные примеры расхода трафика. Данные расчеты не могут быть тарифицируемым шаблоном ни при каких условиях!</p>\r\n', 0),
(20, 3, 'How do I send text messages while traveling internationally?', 'Как я могу отправлять текстовые сообщения во время путешествия за рубежом?', 'We do not provide texts with our SIM cards. Use Skype, Viber, or WhatsApp - it''s completely free if sent over the internet!', 'На сим-картах <strong>Keepgo</strong> не предусмотрена возможность отправлять текстовые сообщения. Используйте Skype, Viber или WhatsApp - это совершенно бесплатно, если текстовое сообщение отправлено через интернет!', 0),
(21, 3, 'I have difficulties with the settings of my device? ', 'У меня сложности с настройкой параметров моего устройства?', 'After ordering to your mail was sent a letter with a detailed description of the configuration parameters of the device, namely setting up a new access point (APN) and Videos. If you are unable to configure your device, please contact us by phone: 1-800-355-1118', 'После оформления заказа вам на почту было отправлено письмо с подробным описание  настройки параметров устройства, а именно настройки новой точки доступа (APN) и видеоинструкциями. Если вам не удалось настроить ваше устройство, свяжитесь с нами по телефонам: +7(495) 212-90-06', 0),
(23, 2, 'Do I need documents to purchase <strong>Keepgo</strong> or <strong>easyroaming</strong> SIM-card? ', 'Нужны ли документы для покупки SIM-карты <strong>Keepgo</strong> или <strong>easyroaming</strong>?', 'To purchase Keepgo or easyroaming SIM-card the documents are not required, since the cards are designed to work in international roaming.', 'Для покупки SIM-карты Keepgo или easyroaming документы не требуются, так как карты предназначены для работы в международном роуминге.', 0),
(25, 2, 'What is a promotional code, and how to apply it? ', 'Что  такое промокод и как его применять?', 'Promotional code is a set of characters that allows you to get a discount on any SIM card ordered on our website easytravel.me. Promotional code is entered in the "Promo code", after its introduction occurs recalculate the cost of your order.', 'Промокод - это набор символов, который позволяет получить скидку на любую сим-карту, заказанную на нашем сайте easytravel.me. Промокод вводится в поле «Промокод», после его введения происходит перерасчет стоимости вашего заказа.', 0),
(26, 2, 'Is it possible to get Internet access services on a permanent basis under the contract?', 'Возможно ли получить услуги доступа в Интернет на постоянной основе по договору?', 'Yes, the company <strong>Keepgo</strong> may conclude an agreement with your organization on a long term basis. To know the tariff plans and connecting conditions - please contact the sales department by phone: <strong>+7 (499) 500-90-23</strong>, email: <a href="mailto:assist@easyroaming.ru">assist@easyroaming.ru</a>', 'Да, компания <strong>Keepgo</strong> может заключить с Вашей организацией договор на долгосрочной основе. Чтобы узнать тарифные планы и условия подключения – обращайтесь в отдел продаж по телефонам: <strong>+7 (499) 500-90-23<strong>, email:<a href="mailto:assist@easyroaming.ru">assist@easyroaming.ru</a>', 0),
(27, 2, 'In which case can I make a return order? ', 'В каком случае я могу сделать возврат заказа?', 'We are sure that you will be 100% satisfied with our services, <strong>we guarantee you a 100% refund</strong>. More detailed information on the return of order, you can check with your manager on the phone: (495) 212-90-06', 'Мы уверены в том, что вы будете на 100% удовлетворены нашими услугами, что <strong>мы гарантируем вам 100% возврат средств</strong>. Более детальную информацию о возврате заказа вы можете уточнить у вашего менеджера по телефону: (495) 212-90-06 ', 0),
(28, 2, 'Where to buy easyroaming and Keepgo travel SIM-cards? ', 'Где купить туристические SIM-карты easyroaming и Keepgo?', '<p>You can place your order online by yourself or with the help of an employee of the company, by calling: (495) 212-90-06</p><p> \r\nPayment: any form convenient for you\r\n</p>', '<p>Оформить заказ можно самостоятельно на сайте или с помощью сотрудника компании, позвонив по телефону: (495) 212-90-06 \r\n</p><p>Оплата: любая удобная для вас форма</p>\r\n', 0),
(29, 2, 'How can I get the selected easyroaming and Keepgo SIM-card? ', 'Как я могу получить выбранную SIM-карту easyroaming и Keepgo?', 'We offer our customers benefit from the following shipping methods: \r\n<ul>\r\n<li>express delivery</li> \r\n<li>pick up an order on their own</li></ul>\r\n', 'Нашим клиентам мы предлагаем воспользоваться следующими способами доставки:\r\n<ul><li>курьерская доставка</li>\r\n<li>самовывоз</li></ul>', 0),
(30, 2, 'How many days required for delivery of the order? ', 'Сколько дней необходимо для доставки заказа?', '<p>1. Moscow - the day after the payment. \r\n</p><p>2. Other cities of the Russian Federation in accordance with the delivery schedule courier service. \r\n</p><p>For more information you can contact with the manager, by phone (495) 212-90-06</p>\r\n', '<p>1. Москва – следующий день после оплаты заказа. \r\n</p><p>2. Другие города РФ - согласно графику доставки курьерской службы.\r\n</p><p>Более детальную информацию вы можете уточнить у менеджера, позвонив по телефону: (495) 212-90-06</p> \r\n', 0),
(31, 2, 'How can I find out the cost of communication on the easyroaming SIM card and the cost of Internet traffic on the Keepgo SIM card in a particular country? ', 'Как я могу узнать стоимость связи  на сим-карте easyroaming и стоимость интернет-трафика на сим-карте Keepgo в той или иной стране?', 'Information about rates, depending on the chosen card, see <a href="#">Rates by Country</a>', 'Информация о тарифах, в зависимости от выбранной вами карты, представлена в разделе <a href="#">«Тарифы по странам»</a>', 0),
(32, 2, 'How do I configure the router? ', 'Как мне настроить роутер?', 'If you need help with the configuration of the router, please contact our technical support by phone: 8 (495) 212-90-06', 'Если Вам требуется помощь с настройкой роутера, обратитесь в нашу службу технической поддержки по телефону: 8 (495) 212-90-06', 0);

-- --------------------------------------------------------

--
-- Table structure for table `i18n_source`
--

CREATE TABLE IF NOT EXISTS `i18n_source` (
  `id` int(11) NOT NULL AUTO_INCREMENT,
  `category` varchar(32) DEFAULT 'app',
  `message` text,
  PRIMARY KEY (`id`)
) ENGINE=InnoDB  DEFAULT CHARSET=utf8 AUTO_INCREMENT=124 ;

--
-- Dumping data for table `i18n_source`
--

INSERT INTO `i18n_source` (`id`, `category`, `message`) VALUES
(1, 'app', 'SLIDER_1'),
(2, 'app', 'SLIDER_2'),
(3, 'app', 'SLIDER_3'),
(4, 'app', 'SLIDER_4'),
(5, 'app', 'SLIDER_5'),
(6, 'app', 'HOT_LINE'),
(7, 'app', 'MOBILE_INTERNET'),
(8, 'app', 'MOBILE_CALLS'),
(9, 'app', 'EQUIPMENT'),
(10, 'app', 'ADD_CASH'),
(11, 'app', 'ASK_QUESTION'),
(12, 'app', 'LOGIN'),
(13, 'app', 'PROFILE'),
(14, 'app', 'GO_TO'),
(15, 'app', 'SECTION_1'),
(16, 'app', 'SECTION_2'),
(17, 'app', 'ORDER_YOUR_ORDER_DATA'),
(18, 'app', 'ORDER_SIM_CARD'),
(19, 'app', 'ORDER_COUNTRIES'),
(20, 'app', 'ORDER_COUNTRY'),
(21, 'app', 'ORDER_DATE_ACTIVATION'),
(22, 'app', 'ORDER_TARIFF'),
(23, 'app', 'ORDER_TYPE_SIM'),
(24, 'app', 'ORDER_CERTIFICATE'),
(25, 'app', 'ORDER_COST'),
(26, 'app', 'ORDER_COST_RUB_SIGN'),
(27, 'app', 'DELIVERY_NAME'),
(28, 'app', 'DELIVERY_PHONE_NUMBER'),
(29, 'app', 'DELIVERY_CITY'),
(30, 'app', 'DELIVERY_ADDRESS'),
(31, 'app', 'SIM_CARD'),
(32, 'app', 'PHONE_NUMBER'),
(33, 'app', 'SUM'),
(34, 'app', 'NUMBER_ICCID'),
(35, 'app', 'TOPUP'),
(36, 'app', 'SERVICE'),
(37, 'app', 'FAQ'),
(38, 'app', 'CHOOSE_COUNTRY'),
(39, 'app', 'CARD_INTERNET'),
(40, 'app', 'TRIP_PERIOD'),
(41, 'app', 'TRIP_PERIOD_HELP'),
(42, 'app', 'APPLY'),
(43, 'app', 'ORDER_ADD_EQUIPMENT'),
(44, 'app', 'ORDER_COST_MB'),
(45, 'app', 'ORDER'),
(46, 'app', 'ENTER'),
(47, 'app', 'KEEPGO_MB_DESCRIPTION'),
(48, 'app', 'EMAILS_DAY'),
(49, 'app', 'MINUTES_DAY'),
(50, 'app', 'HOURS_DAY'),
(51, 'app', 'TRAFFIC_DAY'),
(52, 'app', 'NAVIGATOR'),
(53, 'app', 'ADD_TO_ORDER'),
(54, 'app', 'SOCIAL_NETWORKS'),
(55, 'app', 'MB'),
(56, 'app', 'COST'),
(57, 'app', 'CARD_UNIVERSAL'),
(58, 'app', 'CALLS_OUT_SHORT'),
(59, 'app', 'SMS'),
(60, 'app', 'CALLS_IN_SHORT'),
(61, 'app', 'CALLS_OUT'),
(62, 'app', 'CALLS_IN'),
(63, 'app', 'NEED_BALANCE_DESCRIPTION'),
(64, 'app', 'QUANTITY_MIN_OUT_DAY'),
(65, 'app', 'QUANTITY_SMS_DESCRIPTION'),
(66, 'app', 'RECOMENDED_BALANCE_DAY'),
(67, 'app', 'ADD_TO_ORDER_SIMCARD'),
(68, 'app', 'FOR_PARTNERS'),
(69, 'app', 'READ_MORE'),
(70, 'app', 'STARTING_BALANCE'),
(71, 'app', 'ADD_BALANCE'),
(72, 'app', 'COST_SIMCARD_WITHOUT_BALANCE'),
(73, 'app', 'REGISTRATION_LOGIN'),
(74, 'app', 'REGISTRATION_NEW_USER'),
(75, 'app', 'REGISTRATION'),
(76, 'app', 'TARIFF_PLANS_SERVICES'),
(77, 'app', 'TARIFF_SERVICE_1_NAME'),
(78, 'app', 'TARIFF_SERVICE_2_NAME'),
(79, 'app', 'TARIFF_SERVICE_3_NAME'),
(80, 'app', 'TARIFF_SERVICE_4_NAME'),
(81, 'app', 'TARIFF_SERVICE_5_NAME'),
(82, 'app', 'TARIFF_SERVICE_6_NAME'),
(83, 'app', 'TARIFF_SERVICE_7_NAME'),
(84, 'app', 'TARIFF_SERVICE_8_NAME'),
(85, 'app', 'TARIFF_SERVICE_9_NAME'),
(86, 'app', 'TARIFF_SERVICE_10_NAME'),
(87, 'app', 'TARIFF_SERVICE_11_NAME'),
(88, 'app', 'TARIFF_SERVICE_12_NAME'),
(89, 'app', 'TARIFF_SERVICE_1_DESCRIPTION'),
(90, 'app', 'TARIFF_SERVICE_2_DESCRIPTION'),
(91, 'app', 'TARIFF_SERVICE_3_DESCRIPTION'),
(92, 'app', 'TARIFF_SERVICE_4_DESCRIPTION'),
(93, 'app', 'TARIFF_SERVICE_5_DESCRIPTION'),
(94, 'app', 'TARIFF_SERVICE_6_DESCRIPTION'),
(95, 'app', 'TARIFF_SERVICE_7_DESCRIPTION'),
(96, 'app', 'TARIFF_SERVICE_8_DESCRIPTION'),
(97, 'app', 'TARIFF_SERVICE_9_DESCRIPTION'),
(98, 'app', 'TARIFF_SERVICE_10_DESCRIPTION'),
(99, 'app', 'TARIFF_SERVICE_11_DESCRIPTION'),
(100, 'app', 'TARIFF_SERVICE_12_DESCRIPTION'),
(101, 'app', 'NEWS'),
(102, 'app', 'ABOUT_COMPANY'),
(103, 'app', 'FOR_CORPORATE_CLIENTS'),
(104, 'app', 'TARIFFS_BY_COUNTRY'),
(105, 'app', 'INSTRUCTIONS'),
(106, 'app', 'PAYMENTS'),
(107, 'app', 'DELIVERY'),
(108, 'app', 'WEBCALL'),
(109, 'app', 'SEND_SMS'),
(110, 'app', 'ITEM_MENU_FOR_PARTNERS'),
(111, 'app', 'VOIP'),
(112, 'app', 'LEGAL_INFO_TITLE'),
(113, 'app', 'LEGAL_INFO_DESCRIPTION'),
(114, 'app', 'FOLLOW_US'),
(115, 'app', 'TARIFF_1_NAME'),
(116, 'app', 'TARIFF_2_NAME'),
(117, 'app', 'TARIFF_3_NAME'),
(118, 'app', 'TARIFF_5_6_NAME'),
(119, 'app', 'ABOUT_COMPANY_CONTENT'),
(120, 'app', 'DELIVERY_CONTENT'),
(121, 'app', 'PAYMENTS_CONTENT'),
(122, 'app', 'TRAFFIC_CAPTION_NONTEMPLATE'),
(123, 'app', 'VOIP_COST_LINK');

-- --------------------------------------------------------

--
-- Table structure for table `i18n_translate`
--

CREATE TABLE IF NOT EXISTS `i18n_translate` (
  `id` int(11) NOT NULL DEFAULT '0',
  `language` varchar(16) NOT NULL DEFAULT '',
  `translation` text,
  PRIMARY KEY (`id`,`language`)
) ENGINE=InnoDB DEFAULT CHARSET=utf8;

--
-- Dumping data for table `i18n_translate`
--

INSERT INTO `i18n_translate` (`id`, `language`, `translation`) VALUES
(1, 'en', 'Keepgo SIM cards for Internet roaming: global coverage and best tariffs in more than 200 countries'),
(1, 'ru', 'Сим-карты для интернет-роуминга Keepgo – глобальное покрытие и лучшие тарифы более чем в 200 странах мира'),
(2, 'en', 'Gb2Go SIM card provides 3G Internet in Europe for $0,09 per 1MB and with best rating'),
(2, 'ru', 'Сим-карта Gb2Go – это 3G Интернет в Европе по 4 рубля за 1 Мб и лучшей тарификацией'),
(3, 'en', 'Broad list of services for corporate clients'),
(3, 'ru', 'Широкий перечень услуг для корпоративных клиентов'),
(4, 'en', 'Universal easyroaming SIM card for international roaming provides integrated mobile communication + VoIP + 3G Internet'),
(4, 'ru', 'Универсальная сим-карта для международного роуминга easyroaming – это \nинтегрированная мобильная связь + VoIP + 3G Интернет'),
(5, 'en', 'Make money with us! Become a partner!'),
(5, 'ru', 'Зарабатывай вместе с нами! Стань партнером!'),
(6, 'en', 'Hotline'),
(6, 'ru', 'Горячая линия'),
(7, 'en', 'Mobile Internet'),
(7, 'ru', 'Мобильный интернет'),
(8, 'en', 'Mobile connection'),
(8, 'ru', 'Мобильная связь'),
(9, 'en', 'Equipment'),
(9, 'ru', 'Оборудование'),
(10, 'en', 'Top-up'),
(10, 'ru', 'Пополнить баланс'),
(11, 'en', 'Ask a question'),
(11, 'ru', 'Задать вопрос'),
(12, 'en', 'Sign in'),
(12, 'ru', 'Войти'),
(13, 'en', 'Profile'),
(13, 'ru', 'Личный кабинет'),
(14, 'en', 'Start now'),
(14, 'ru', 'Перейти'),
(15, 'en', '<h1>International mobile Internet<br/>  from <span class="ProximaNova-Bold color-orange">$1,90</span> / <span class="ProximaNova-Bold color-green">100</span> MB!</h1>\r\n	<p>New market product Keepgo SIM card is a unique offering for travelers who need 3G-Internet for navigation during a trip along the country of residence, for social networking and search for information. It includes:\r\n	<ul>\r\n		<li>unprecedented prices for mobile internet abroad, starting at just $ 0.019 per 1MB</li>\r\n		<li>the best pricing accuracy on the market – 1KB</li>\r\n		<li>broad coverage of mobile communication network (with 3G, 3.5G, 4G standards) of our partners – 7 global mobile operators</li>\r\n		<li>support available in more than 200 countries</li>\r\n	</ul>\r\nWe will offer you a card that corresponds to your activity on the Internet.</p>\r\n\r\n<div class="hide-show">\r\n	<p class="clearfix"><a href="#" class="more hide-show-link">Read more</a></p>\r\n	<div class="hide-show-content">\r\n		<p class="round_green">Gb2Go Europe SIM card - $85:\r\n			<ul>\r\n<li>operates in 36 European countries</li>\r\n<li>the volume of Internet traffic on the card is 1GB (1024 MB)</li>\r\n				<li>allows you to access the Internet using any mobile device that has this feature installed: smartphone, tablet, 3G-modems, routers etc.</li> \r\n				<li>SIM card provides 1GB of mobile internet traffic at maximum speed in 2G / 3G / 4G network in Europe</li> \r\n				<li>single cost of mobile internet for all European countries – $ 0.08 / MB</li> \r\n				<li>rounding a session with accuracy up to 1KB</li>\r\n				<li>Internet traffic is valid for 30 days from the date of card activation</li> \r\n				<li>Keepgo SIM card is topped up</li> \r\n				<li>online traffic control</li>\r\n				<li>the life cycle of the non-activated Keepgo SIM card has no limitations</li>\r\n			</ul>\r\n		</p>\r\n		<div class="hide-show">\r\n			<a class="hide-show-link countrylist" href="#">List of countries</a>\r\n			<div class="hide-show-content">\r\n				Австрия, Азорские острова, Бельгия, Болгария, Великобритания, Ватикан, Венгрия, Гальдар/Гран-Канария, Германия, Гибралтар, Греция, Дания, Ирландия, Испания, Италия, Кипр, Латвия, Лихтенштейн, Литва, Люксембург, Мадейра, Мальта, Монако, Нидерланды, Норвегия, Польша, Португалия, Румыния, Сан-Марино, Словакия, Словения, Финляндия, Франция, Хорватия, Чешская Республика, Швеция, Швейцария, Эстония\r\n			</div>\r\n		</div>\r\n		<p class="round_orange">Gb2Go Europe + America SIM card - $115:\r\n			<ul>\r\n<li>operates in 56 countries in Europe, North, Central and South America\r\n</li>\r\n<li>the volume of Internet traffic on the card is 1GB (1024 MB)</li>\r\n				<li>allows you to access the Internet using any mobile device that has this feature installed: smartphone, tablet, 3G-modems, routers etc.</li>\r\n				<li>SIM card provides 1GB of mobile internet traffic at maximum speed in 2G / 3G / 4G network in Europe, North, Central and South America </li>\r\n				<li>single cost of mobile internet for all European countries - $ 0.11 / MB</li> \r\n				<li>rounding a session with accuracy up to 1KB </li>\r\n				<li>Internet traffic is valid for 30 days from the date of card purchase</li>\r\n				<li>Keepgo SIM card is topped up</li> \r\n				<li>online traffic control</li>\r\n				<li>the life cycle of the non-activated Keepgo SIM card has no limitations</li>\r\n			</ul>\r\n		</p>\r\n		<div class="hide-show">\r\n			<a class="hide-show-link countrylist" href="#">List of countries</a>\r\n			<div class="hide-show-content">\r\n				Аргентина, Австрия, Азорские о-ва, Бельгия, Бразилия, Болгария ,Великобритания, Венгрия, Ватикан, Венесуэла, Гальдар/Гран-Канария, Германия, Гибралтар, Греция, Гватемала, Дания, Ирландия, Италия, Испания, Канада, Колумбия, Коста Рика, Кипр, Латвия, Лихтенштейн, Литва, Люксембург, Мадейра, Мальта, Мексика, Монако, Нидерланды, Никарагуа, Норвегия, Панама, Перу, Польша, Португалия, Румыния, Сан-Марино, Словакия, Словения, США, Уругвай, Финляндия, Франция, Хорватия, Чешская Республика, Чили, Швеция, Швейцария, Эквадор, Эль Сальвадор, Эстония \r\n			</div>\r\n		</div>\r\n		<p class="round_green">You may create an individual Day plans SIM card: \r\n			<ul>\r\n				<li>works only in the country (or countries) of your choice</li>\r\n				<li>works for the number of days you specify</li>\r\n				<li>you have an opportunity to choose the amount of Internet traffic: 50 MB / day, 100 MB / day, 500 MB / day </li>\r\n			</ul>\r\n		</p>\r\n		<p>Please call us on 8 (495) 212-90-06 and our experts will answer all your questions.</p>\r\n	</div>\r\n</div>'),
(15, 'ru', '<h1>Интернет в международном роуминге <br/> от <span class="ProximaNova-Bold color-orange">$1,90</span> за <span class="ProximaNova-Bold color-green">100</span> Мб!</h1>\r\n	<p>Сим-карты Keepgo – новый продукт на рынке, уникальное предложение для путешественников::\r\n	<ul>\r\n		<li>беспрецедентные цены на Интернет в международном роуминге от $0,019 за 1 Мб</li>\r\n		<li>лучшая на рынке точность тарификации – 1Кб</li>\r\n		<li>широкое покрытие сети мобильной связи стандартов 2G/3G/3,5G/4G наших партнеров – 7-ми глобальных мобильных операторов</li>\r\n		<li>обслуживание более чем в 200 странах</li>\r\n	</ul>\r\nМы подберем Вам сим-карту в соответствии с вашим профилем трафика интернет. Воспользуйтесь правой частью калькулятора заказа и узнайте, сколько ваш планшет или телефон будет расходовать трафика.</p>\r\n\r\n<div class="hide-show">\r\n	<p class="clearfix"><a href="#" class="more hide-show-link">Подробнее</a></p>\r\n	<div class="hide-show-content">\r\n		<p class="round_green">Сим-карта Gb2Go Europe - 85$\r\n			<ul>\r\n				<li>работает в 36 европейских странах</li>\r\n<li>объем трафика интернет на карте 1Гб (1024 Мб)</li>\r\n<li>позволяет получить доступ в интернет с помощью любого мобильного устройства, имеющего эту функцию: смартфон, планшет, 3G-модемы, роутеры и тд </li>\r\n				<li>сим-карта обеспечивает 1Гб трафика мобильного интернета на максимальной скорости в сети 2G/3G/4G на территории Европы</li>\r\n				<li>единая стоимость мобильного интернета во всех странах Европы – 0,08$/Мб</li>\r\n				<li>округление сессии с точностью до 1Кб</li>\r\n				<li>интернет-трафик действителен в течение 30 дней с момента активации карты</li>\r\n				<li>по окончании стартового пакета интернет, сим-карта пополняется на любой объем трафика: 100 Мб, 500 Мб, 1 Гб</li>\r\n<li>контроль трафика в режиме он-лайн</li>\r\n<li>сим-карта Gb2Go в не активированном состоянии находится в «спящем режиме» в течение 1 года</li>\r\n			</ul>\r\n		</p>\r\n		<div class="hide-show">\r\n			<a class="hide-show-link countrylist" href="#">Список стран</a>\r\n			<div class="hide-show-content">\r\n				Австрия, Азорские острова, Бельгия, Болгария, Великобритания, Ватикан, Венгрия, Гальдар/Гран-Канария, Германия, Гибралтар, Греция, Дания, Ирландия, Испания, Италия, Кипр, Латвия, Лихтенштейн, Литва, Люксембург, Мадейра, Мальта, Монако, Нидерланды, Норвегия, Польша, Португалия, Румыния, Сан-Марино, Словакия, Словения, Финляндия, Франция, Хорватия, Чешская Республика, Швеция, Швейцария, Эстония\r\n			</div>\r\n		</div>\r\n		<p class="round_orange">Сим-карта Gb2Go Europe+ America - 115$\r\n			<ul>\r\n<li>работает в 56 странах Европы, Северной, Центральной и Южной Америке</li>\r\n<li>объем трафика интернет на карте 1Гб (1024 Мб)</li>\r\n				<li>позволяет получить доступ в интернет с помощью любого мобильного устройства, имеющего эту функцию: смартфон, планшет, 3G-модемы, роутеры и тд</li>\r\n				<li>сим-карты обеспечивает 1Гб трафика мобильного интернета на максимальной скорости в сети 3G/2G на территории Европы, Северной, Центральной и Южной Америке</li>\r\n				<li>единая стоимость мобильного интернета во всех странах Европы – 0,11$/Мб</li>\r\n				<li>округление сессии с точностью до 1Кб</li>\r\n				<li>интернет-трафик действителен в течение 30 дней с момента покупки карты</li><li>по окончании стартового пакета интернет, сим-карта пополняется на любой объем трафика: 100 Мб, 500 Мб, 1 Гб</li>\r\n<li>контроль трафика в режиме он-лайн</li>\r\n<li>сим-карта Gb2Go в не активированном состоянии находится в «спящем режиме» в течение 1 года</li>\r\n			</ul>\r\n		</p>\r\n		<div class="hide-show">\r\n			<a class="hide-show-link countrylist" href="#">Список стран</a>\r\n			<div class="hide-show-content">\r\n				Аргентина, Австрия, Азорские о-ва, Бельгия, Бразилия, Болгария ,Великобритания, Венгрия, Ватикан, Венесуэла, Гальдар/Гран-Канария, Германия, Гибралтар, Греция, Гватемала, Дания, Ирландия, Италия, Испания, Канада, Колумбия, Коста Рика, Кипр, Латвия, Лихтенштейн, Литва, Люксембург, Мадейра, Мальта, Мексика, Монако, Нидерланды, Никарагуа, Норвегия, Панама, Перу, Польша, Португалия, Румыния, Сан-Марино, Словакия, Словения, США, Уругвай, Финляндия, Франция, Хорватия, Чешская Республика, Чили, Швеция, Швейцария, Эквадор, Эль Сальвадор, Эстония \r\n			</div>\r\n		</div>\r\n		<p class="round_green">Индивидуальная сим-карта Daily plans:\r\n			\r\n<ul>\r\n	<li>работает только в указанных Вами странах </li>\r\n	<li>количество дней от 5 до 90</li>\r\n	<li>Вам предоставляется возможность самостоятельно выбрать объем трафика Интернет: 50 Мб/сутки, 100 Мб/сутки, 500 Мб/сутки</li>\r\n	</ul>\r\n		</p>\r\n		<p>Обращайтесь к нам по телефону 8 (495) 212-90-06 и наши специалисты ответят на все Ваши вопросы.</p>\r\n	</div>\r\n</div>'),
(16, 'en', '<h1>Calls to Russia from <span class="ProximaNova-Bold color-orange">$ 0.03*</span> <br/> to other countries from <span class="ProximaNova-Bold color-green">$ 0.19</span></h1>\r\n	<p>Easyroaming SIM card means not only low rates for international roaming connection, but also having no problems with purchase documentation. International travel easyroaming SIM card possesses the following advantages: \r\n		<ul>\r\n			<li>inexpensive and high-quality communication in more than 160 countries </li>\r\n			<li>130 countries with free incoming calls </li>\r\n			<li>price for outgoing calls starts at $ 0.19; cost of SMS from SIM-menu is $ 0.10 </li>\r\n			<li>calls from one easyroaming SIM card to another are charged with $ 0.24 (starting price) provided that both parties reside in countries with free incoming </li>\r\n			<li>free connecting of VoIP-telephony </li>\r\n			<li>the cost of internet traffic in Europe is $ 0.19 / 1MB, with "Internet package" service connected – $ 0.09 / MB</li>\r\n			<li>SIM cards have no subscription fee and expiration date</li>\r\n		</ul>\r\n	</p>\r\n	<div class="hide-show">\r\n		<p class="clearfix"><a href="#" class="more hide-show-link">Read more</a></p>\r\n		\r\n		<div class="hide-show-content">\r\n			<p>We encourage you to purchase international easyroaming SIM card as it is a distinctive service complex that, in addition to traditional mobile services, provides you with plenty of additional features:\r\n				<ul>\r\n					<li>call Me Back service</li>\r\n					<li>Black/White Contact List management</li>\r\n					<li>balance transfers from one card to another</li>\r\n					<li>E-mail notifications about reaching the limit</li>\r\n					<li>fax to E-mail service</li>\r\n					<li>locating SIM cards</li>\r\n				</ul>\r\n			* Notice the service available to owners of easyroaming SIM cards - VoIP-\r\n				<ul>\r\n					<li>this service allows you to make low cost calls over the Internet using a computer, mobile or IP phone (rates for calls to Russia: $ 0.03 / min for numbers with area code 812, 0.04 $ / min for numbers with area code 495 and 499, starting at 0.14 $ / min for calls to numbers of Russian mobile operators)</li>\r\n					<li>cost of call depends on its direction; location of the caller does not matter</li>\r\n					<li>the service and your SIM card have a single number and balance. This means you can use the SIM card balance both for international roaming and cheap calls through “VoIP-telephony” service</li>\r\n				</ul>\r\n			</p>\r\n			<p>To learn more about rating plans and additional services of easyroaming SIM card please visit <a class="scrollTo" href="#section-tariffs">Rating plans and additional services section</a>.</p>\r\n			<img src="{path}/resources/img/pdf-icon.png">  <a href="{path}/resources/files/Service_codes.pdf" target="_blank">Service codes of easyroaming SIM card</a>\r\n		</div>\r\n	</div>'),
(16, 'ru', '<h1>Звонки в Россию от <span class="ProximaNova-Bold color-orange">$0,03*</span> <br/>в другие страны от <span class="ProximaNova-Bold color-green">$0,19</span></h1>\r\n	<p>Сим-карта easyroaming – это не только низкие тарифы на международную роуминговую связь, но и отсутствие проблем с документацией при покупке. Международная туристическая сим-карта easyroaming обладает следующими преимуществами:\r\n		<ul>\r\n			<li>качественная и недорогая связь более чем в 160 странах мира</li>\r\n			<li>130 стран с бесплатными входящими вызовами</li>\r\n			<li>исходящие вызовы от 0,19$, смс из SIM-меню – 0,10$</li>\r\n			<li>звонок с сим-карты easyroaming на сим-карту easyroaming при условии нахождения обоих абонентов в странах с бесплатными входящими тарифицируется по цене 0,24$</li>\r\n			<li>бесплатное подключение VoIP-телефонии</li>\r\n			<li>стоимость 1Мб интернет-трафика в Европе – 0,19$, при подключении услуги «Интернет-пакет» стоимость 0,09$/Мб</li>\r\n			<li>сим-карты не имеют абонентской платы и ограничений по сроку действия</li>\r\n		</ul>\r\n	</p>\r\n	<div class="hide-show">\r\n		<p class="clearfix"><a href="#" class="more hide-show-link">Подробнее</a></p>\r\n		\r\n		<div class="hide-show-content">\r\n			<p>Мы рекомендуем Вам международную сим-карту easyroaming, потому что это своеобразный сервисный комплекс, помимо классических услуг мобильной связи представляющий множество дополнительных возможностей:\r\n				<ul>\r\n					<li>сохранение российского номера за границей</li>\r\n					<li>услуга «Перезвони мне»</li>\r\n					<li>управление «черным» и «белым» списком звонков абонента</li>\r\n					<li>услуга АнтиОпределитель номера</li>\r\n					<li>перевод баланса с карты на карту</li>\r\n					<li>уведомление по почте о достижении лимита</li>\r\n					<li>прием и отправка факсимильных сообщений</li>\r\n					<li>определение местоположения сим-карт</li>\r\n				</ul>\r\n			*Обратите внимание на услугу, которая доступна владельцам сим-карт easyroaming – услуга «VoIP-телефония»\r\n				<ul>\r\n					<li>данная услуга позволяет совершать звонки низкой стоимости (тарифы на звонки в Россию: 0,03$/мин на номера с кодом 812; 0,04$/мин на номера с кодом 495, 499, от 0,14$/мин на номера российских мобильных операторов) через интернет с помощью компьютера, мобильного или IP телефона</li>\r\n					<li>стоимость звонка зависит от его направления, а местонахождение абонента не имеет значения</li>\r\n					<li>услуга имеет единый номер и баланс с Вашей сим-картой, это означает, что Вы можете использовать баланс сим-карты и для международного роуминга и для дешевых звонков по услуге «VoIP-телефонии»</li>\r\n				</ul>\r\n			</p>\r\n			<p>Более подробную информацию о тарифных планах и дополнительных услугах сим-карты easyroaming смотрите в разделе <a class="scrollTo" href="#section-tariffs">Тарифные планы и дополнительные услуги</a>.</p>\r\n			<img src="{path}/resources/img/pdf-icon.png">  <a href="{path}/resources/files/Service_codes_ru.pdf" target="_blank">Сервисные команды сим-карты easyroaming</a>\r\n		</div>\r\n	</div>'),
(17, 'en', 'Your order'),
(17, 'ru', 'Данные Вашего заказа'),
(18, 'en', 'SIM card'),
(18, 'ru', 'Сим-карта'),
(19, 'en', 'Country'),
(19, 'ru', 'Страны'),
(20, 'en', 'Country'),
(20, 'ru', 'Страна '),
(21, 'en', 'The date of card activation'),
(21, 'ru', 'Дата активации карты'),
(22, 'en', 'Tariff plan'),
(22, 'ru', 'Тарифный план '),
(23, 'en', 'Type of SIM card'),
(23, 'ru', 'Тип сим-карты'),
(24, 'en', 'Promocode'),
(24, 'ru', 'Промокод'),
(25, 'en', 'Order price'),
(25, 'ru', 'Сумма заказа'),
(26, 'en', 'RUB'),
(26, 'ru', 'руб.'),
(27, 'en', 'First name, Last name'),
(27, 'ru', 'Имя Фамилия'),
(28, 'en', 'Phone'),
(28, 'ru', 'Телефон'),
(29, 'en', 'City'),
(29, 'ru', 'Город'),
(30, 'en', 'Delivery address'),
(30, 'ru', 'Адрес доставки'),
(31, 'en', 'SIM card'),
(31, 'ru', 'Сим-карта'),
(32, 'en', 'Phone number'),
(32, 'ru', 'Номер телефона'),
(33, 'en', 'Amount'),
(33, 'ru', 'Сумма'),
(34, 'en', 'ICCID number'),
(34, 'ru', 'Номер ICCID'),
(35, 'en', 'Top up'),
(35, 'ru', 'Пополнить'),
(36, 'en', 'Service'),
(36, 'ru', 'Сервис'),
(37, 'en', 'Frequently Asked Questions'),
(37, 'ru', 'Часто задаваемые вопросы'),
(38, 'en', 'Pick a country'),
(38, 'ru', 'Выберите страну'),
(39, 'en', 'Internet card'),
(39, 'ru', 'Интернет карта'),
(40, 'en', 'Travel period'),
(40, 'ru', 'Период поездки'),
(41, 'en', 'not less than 5 days'),
(41, 'ru', 'не менее 5-и дней'),
(42, 'en', 'Apply'),
(42, 'ru', 'Применить'),
(43, 'en', 'Add to order an equipment (router/modem)'),
(43, 'ru', 'Добавить к заказу оборудование (роутер/модем)'),
(44, 'en', 'Price per Mb'),
(44, 'ru', 'Цена за Мб'),
(45, 'en', 'Order'),
(45, 'ru', 'Заказать'),
(46, 'en', 'Enter'),
(46, 'ru', 'Введите'),
(47, 'en', 'Specify what you do in the Internet and calculate amount of traffic that you need'),
(47, 'ru', 'Укажите, какие действия вы совершаете в сутки, и проверьте, сколько Мб вы тратите'),
(48, 'en', 'emails per day'),
(48, 'ru', 'писем/день'),
(49, 'en', 'minutes per day'),
(49, 'ru', 'минут/день'),
(50, 'en', 'hours per day'),
(50, 'ru', 'часов/день'),
(51, 'en', 'Traffic day'),
(51, 'ru', 'Трафик в сутки'),
(52, 'en', 'Navigator'),
(52, 'ru', 'Навигатор'),
(53, 'en', 'Add to order'),
(53, 'ru', 'Добавить к заказу'),
(54, 'en', 'Social networks'),
(54, 'ru', 'Соц. Сети'),
(55, 'en', 'Mb'),
(55, 'ru', 'Мб'),
(56, 'en', 'Price'),
(56, 'ru', 'Цена'),
(57, 'en', 'universal SIM card'),
(57, 'ru', 'Универсальная сим-карта'),
(58, 'en', 'Outgoing call'),
(58, 'ru', 'Исх. звонки'),
(59, 'en', 'SMS'),
(59, 'ru', 'СМС'),
(60, 'en', 'Incoming call'),
(60, 'ru', 'Вход. звонки'),
(61, 'en', 'Outgoing call'),
(61, 'ru', 'Исходящие звонки'),
(62, 'en', 'Incoming call'),
(62, 'ru', 'Входящие звонки'),
(63, 'en', 'Specify what actions you do and check to see what the balance you need'),
(63, 'ru', 'Укажите, какие действия вы совершаете в сутки, и проверьте, какой баланс вам необходим'),
(64, 'en', 'Number of outgoing minutes per day'),
(64, 'ru', 'Количество исходящих минут в сутки'),
(65, 'en', 'Number of SMS per day'),
(65, 'ru', 'Количество СМС в сутки '),
(66, 'en', 'Recommended balance per day'),
(66, 'ru', 'Рекомендуемый баланс в сутки'),
(67, 'en', 'Add to order another SIM card'),
(67, 'ru', 'Добавить к заказу еще одну сим-карту'),
(68, 'en', '	<h1>For partners</h1>\r\n	<p>\r\n		Sales of Keepgo SIM cards and contracts for long-term service of Keepgo mobile Internet in roaming may be a separate business as well as additional activities of your company. For example, it is ideal for: Tour operators and agencies, cellular shops, transportation companies, airline companies, air and railway ticket offices, sales outlets in airports and Railway station.\r\n	</p>\r\n	<div class="row">\r\n		<div class="col-sm-2 col-md-2">\r\n			<img src="{path}/resources/img/keepgo-img.png" class="img-responsive">\r\n		</div>\r\n		<div class="col-sm-10 col-md-10">\r\n			<p class="p-promote">\r\n				If you are interested in becoming a part of a successful international project, please call: <strong>8 (495) 212-90-06</strong> <br/>or send us an email <a href="mailto:assist@easyroaming.ru">assist@easyroaming.ru</a>\r\n			</p>\r\n		</div>\r\n	</div>'),
(68, 'ru', '	<h1>Партнерам</h1>\r\n	<p>\r\nПродажа sim-карт для мобильного интернета и телефонной связи в роуминге может быть как отдельным бизнесом, так и дополнительным направлением деятельности Вашей компании. Так, например, это идеально подходит для туристических компаний, салонов сотовой связи, авиа-компаний, авиа-и железнодорожных билетных касс, точек продаж в аэропортах и ж/д вокзалах. Даже салоны красоты, фитнесс-клубы и службы такси могут предложить наши услуги своим клиентам. Для того чтобы начать зарабатывать с нами не нужны ни финансовые вложения, ни сложные схемы доставки, оплат, отчетов и логистики. Все что нужно, чтобы стать нашим аффилиатом - это ваше желание.\r\n	</p>\r\n	<div class="row">\r\n		<div class="col-sm-2 col-md-2">\r\n			<img src="{path}/resources/img/keepgo-img.png" class="img-responsive">\r\n		</div>\r\n		<div class="col-sm-10 col-md-10">\r\n			<p class="p-promote">\r\n				Если Вам интересно стать частью успешного международного проекта обращайтесь по телефону: <strong>8 (495) 212-90-06</strong> <br/>или пишите нам на электронную почту <a href="mailto:assist@easyroaming.ru">assist@easyroaming.ru</a>\r\n			</p>\r\n		</div>\r\n	</div>'),
(69, 'en', 'Read more'),
(69, 'ru', 'Подробнее'),
(70, 'en', 'Starting balance'),
(70, 'ru', 'Стартовый баланс'),
(71, 'en', 'Add balance'),
(71, 'ru', 'Добавить баланс'),
(72, 'en', 'Cost of SIM card without balance'),
(72, 'ru', 'Стоимость сим-карты без баланса'),
(73, 'en', 'Registration and Login'),
(73, 'ru', 'Зарегистрируйтесь или Войдите'),
(74, 'en', 'Registration'),
(74, 'ru', 'Регистрация нового пользователя'),
(75, 'en', 'Registration'),
(75, 'ru', 'Зарегистрироваться'),
(76, 'en', 'Tariff plans and additional services'),
(76, 'ru', 'Тарифные планы и дополнительные услуги'),
(77, 'en', 'None'),
(77, 'ru', 'Тариф «Звонки в Россию»'),
(78, 'en', 'Internet Package'),
(78, 'ru', 'Интернет-пакет'),
(79, 'en', 'Plan "Discount"'),
(79, 'ru', 'Тариф «Дисконт»'),
(80, 'en', 'GPRS service'),
(80, 'ru', 'Услуга GPRS'),
(81, 'en', '"Call Me Back" service'),
(81, 'ru', 'Услуга «Перезвони мне»'),
(82, 'en', '"Black/White List " service'),
(82, 'ru', 'Управление «черным» и «белым» списком звонков'),
(83, 'en', '"CLIR" service'),
(83, 'ru', 'Услуга «АнтиОпределитель номера»'),
(84, 'en', 'Balance transfer from card to card'),
(84, 'ru', 'Перевод баланса с карты на карту'),
(85, 'en', 'Notification by mail of the limit is reached'),
(85, 'ru', 'Уведомление по почте о достижении лимита'),
(86, 'en', 'Forward calls'),
(86, 'ru', 'Переадресация звонков'),
(87, 'en', '“Fax to E-mail” service'),
(87, 'ru', 'Прием и отправка факсимильных сообщений'),
(88, 'en', 'Locating SIM cards'),
(88, 'ru', 'Определение местоположения сим-карт'),
(89, 'en', '1'),
(89, 'ru', '<p>Пакет предоставляет возможность звонить по сниженным тарифам из 26 стран (список стран - ниже):\r\n								<ul>\r\n									<li>в Москву / Санкт-Петербург на прямые номера (код 495, 499, 812) - 0,19 USD/мин;</li>\r\n									<li>на все остальные номера России - 0,29 USD/мин.</li>\r\n								</ul>\r\n							</p>\r\n							<p>Пакет действует в течении 180 календарных дней с момента активации. При активации Пакета, все остальные тарифы остаются без изменений.</p>\r\n							<p><strong>Список стран: </strong> Австрия, Бельгия, Великобритания, Венгрия, Германия, Голландия, Греция, Дания, Израиль, Ирландия, Испания, Италия, Кипр, Латвия, Литва, Норвегия, Польша, Португалия, Румыния, Словения, Турция, Финляндия, Франция, Чешская Республика, Швейцария, Швеция. \r\n							 </p>\r\n							 <p><strong>Активация пакета:</strong> Для активации Пакета необходимо набрать на телефоне команду: <strong>*146*907*17#</strong> и нажать на клавишу «Вызов».</p>\r\n							 <p><strong>Проверка баланса Пакета:</strong>Для проверки баланса Пакета необходимо набрать на телефоне команду: <strong>*146*907#</strong> и нажать на клавишу «Вызов».</p>\r\n							<p>\r\n								<strong>Стоимость пакета:</strong>\r\n							</p>\r\n							<p class="et-tariffs-price">3 $</p>'),
(90, 'en', '<p>This Plan operates within the 33 countries (the list of countries - below). You may choose four options:</p>\r\n<ul>\r\n	<li>Plan "INTERNET 10" includes 10 MB of traffic;</li>\r\n<li>Plan "INTERNET 50" includes 50 MB of traffic;</li>\r\n<li>Plan "INTERNET 100" includes 100 MB of traffic;</li>\r\n<li>Plan "INTERNET 250" includes 250 MB of traffic;</li>\r\n</ul>\r\n\r\n\r\n<p><strong>Period of validity:</strong></p>\r\n<ul>\r\n<li>Plans "INTERNET 10" and "INTERNET 50" are valid for 24 hours from the time of activation. </li>\r\n<li>Plan "INTERNET 100" is valid for 7 days from the date of activation. </li>\r\n<li>Plans "INTERNET 250", "INTERNET 500" and "INTERNET 1000" is valid for 30 days from the date of activation.</li>\r\n</ul>\r\n<p>All other rates remains unchanged.</p>\r\n\r\n<p><strong>List of countries within which the plan is valid:</strong> Austria, Belgium, Bulgaria, \r\nGreat Britain, Hungary, Germany, Greece, Denmark, Ireland, Iceland, Spain, \r\nItaly, Cyprus, Latvia, Liechtenstein, Lithuania, Luxembourg, Malta, the \r\nNetherlands, Norway, Reunion Island, Jersey Island, Poland, Portugal, Romania, \r\nSlovakia, Slovenia, Finland, France, Croatia, Czech Republic, Sweden, Estonia.</p>\r\n\r\n<p><strong>Activation cost:</strong></p>\r\n\r\nTo activate the Plan you want to dial the phone corresponding to the package code.\r\n\r\n<table class="table table-bordered">\r\n													<tbody><tr><td>Plan</td><td>Activation cost</td><td> Activation code</td></tr>\r\n<tr><td>Plan "INTERNET 10" </td><td>0.90 USD</td><td> *146*907*27# </td></tr>\r\n<tr><td>Plan "INTERNET 50" </td><td>4.50 USD</td><td> *146*907*28# </td></tr>\r\n<tr><td>Plan "INTERNET 100" </td><td>9.00 USD</td><td> *146*907*29# </td></tr>\r\n<tr><td>Plan "INTERNET 250" </td><td>22.50 USD</td><td> *146*907*30# </td></tr>\r\n<tr><td>Plan "INTERNET 500" </td><td>45.00 USD</td><td> *146*907*33# </td></tr>\r\n<tr><td>Plan "INTERNET 1000" </td><td>90.00 USD</td><td> *146*907*34# </td></tr>\r\n					\r\n												</tbody></table>\r\n												\r\n<p>To check the balance of Plan, you need to dial the following command: *146*907#</p>\r\n<p>Increment - 100 KB.</p>\r\n<p>Any "Internet package" can be activated without waiting for the expiration of the previous packet, provided that the volume of data available in the previous package is less than 1 MB.</p>'),
(90, 'ru', '<ul>\r\n								<li>Минимальный объём передачи данных за одну сессию равен - 100 Кб.</li>\r\n								<li>Учет передачи данных производится с шагом в 100 Кб, с округлением в большую сторону.</li>\r\n								<li>При активации Пакетов, все остальные тарифы остаются неизменными.</li>\r\n								<li>Объем данных,  доступных  для использования,  зависит от выбранного  Абонентом  пакета</li>\r\n							</ul>\r\n							<p><strong>Список стран:</strong> Австрия,  Бельгия,  Болгария,  Великобритания,  Венгрия,  Германия,  Греция,  Дания, Ирландия, Исландия, Испания, Италия, Кипр, Латвия, Литва, Лихтенштейн, Люксембург, Мальта,  Нидерланды, Норвегия,  остров  Реюньон,  остров  Джерси,  Польша,  Португалия, Румыния, Словакия, Словения, Финляндия, Франция, Хорватия, Чехия, Швеция, Эстония.</p>\r\n							<p><strong>Активация услуги "интернет-пакет":</strong> Для  того  чтобы  активировать  выбранный  пакет,  необходимо  набрать  на  телефоне  код активации данного пакета и нажать на клавишу "Вызов". </p>\r\n							<p><strong>Проверка баланса:</strong> Для  проверки  баланса  услуги  "интернет-пакет"  необходимо  набрать  на  телефоне команду: <strong>*146*907#</strong> и нажать на клавишу "Вызов".</p>\r\n							<table class="table table-bordered">\r\n													<tbody><tr>\r\n														<td>УСЛУГА</td><td> НОМИНАЛ</td><td> КОД АКТИВАЦИИ</td><td>СТОИМОСТЬ</td><td>СРОК ДЕЙСТВИЯ</td>\r\n													</tr>\r\n													<tr>\r\n														<td>"ИНТЕРНЕТ-пакет 10"</td><td> 10 Мб </td><td>*146*907*27#</td><td>$0.90</td><td>24  часов  с  момента активации услуги</td>\r\n													</tr>\r\n													<tr>\r\n														<td>"ИНТЕРНЕТ-пакет 50" </td><td> 50 Мб </td><td>*146*907*28#</td><td>$4.50</td><td>24  часов  с  момента активации услуги</td>\r\n													</tr>\r\n													<tr>\r\n														<td>"ИНТЕРНЕТ-пакет 100"</td><td> 100 Мб </td><td>*146*907*29#</td><td>$9.00</td><td>в течение 7 календарных дней</td>\r\n													</tr>\r\n													<tr>\r\n														<td>"ИНТЕРНЕТ-пакет 250" </td><td> 250 Мб </td><td>*146*907*30#</td><td>$22.50</td><td>в течение 30 календарных дней</td>\r\n													</tr>\r\n													<tr>\r\n														<td>"ИНТЕРНЕТ-пакет 500" </td><td> 500 Мб </td><td>*146*907*33#</td><td>$45.00</td><td>в течение 30 календарных дней</td>\r\n													</tr>\r\n													<tr>\r\n														<td>"ИНТЕРНЕТ-пакет 1000" </td><td> 1000 Мб </td><td>*146*907*34#</td><td>$90.00</td><td>в течение 30 календарных дней</td>\r\n													</tr>\r\n												</tbody></table>\r\n<p>Любой "интернет-пакет" можно активировать, не дожидаясь окончания срока действия предыдущего пакета, при условии, что объем доступных данных в предыдущем пакете, составляет менее 1 Mб.</p>'),
(91, 'en', '<p>This Plan operates within the 30 countries (the list of countries - below):</p>\n							<ul>\n								<li>first minute of outgoing call is charged at the standard rate;</li>\n								<li>outgoing calls, from 2nd minute is only - 0,24 USD /min.;</li>\n								<li>special bonus for incoming calls, starting with the third minute - 0,03 USD /min.</li>\n							</ul>\n							<p><strong>Period of validity:</strong> The Plan is valid for <strong>180 calendar days</strong> from the date of activation. </p>\n							<p>All other rates remains unchanged.</p>\n							<p><strong>List of countries within which the Plan is valid:</strong>  Austria, Belgium, Great Britain, Hungary, Vietnam, Germany, Holland, Denmark, Greece, Egypt, Israel, Ireland, Iceland, Spain, Italy, Cyprus, Latvia, Lithuania, Norway, Poland, Portugal, Romania, Russia, Slovenia , Turkey, Finland, France, Czech Republic, Switzerland, Sweden.</p>\n							<p>To activate the Plan, you need to dial the phone command: <strong>*146*907*21#</strong></p>\n							<p>To check the balance of Plan, you need to dial the following command: <strong>*146*907#</strong></p>\n							<p>\n								<strong>Activation cost:</strong>\n							</p>\n							<p class="et-tariffs-price">2.90 USD</p>'),
(91, 'ru', '<p>Пакет включает в себя следующие услуги внутри 30 стран (список стран - ниже):</p>\r\n							<ul>\r\n								<li>первая минута исходящего звонка тарифицируется по стандартному тарифу;</li>\r\n								<li>исходящие звонки, начиная со 2-й минуты разговора — 0,24 USD/мин;</li>\r\n								<li>бонус за входящие звонки, начиная с 3й минуты разговора — 0,03 USD/мин.</li>\r\n							</ul>\r\n							<p>Пакет действует в течении 180 календарных дней с момента активации.</p>\r\n							<p>При активации Пакета, все остальные тарифы остаются без изменений.</p>\r\n							<p><strong>ВНИМАНИЕ: внутресетевые звонки тарифицируются по ценам пакета.</strong></p>\r\n							<p><strong>Список стран:</strong> Австрия, Бельгия, Великобритания, Венгрия, Вьетнам, Германия, Голландия, Греция, Дания, Египет, Израиль, Ирландия, Исландия, Испания, Италия, Кипр, Латвия, Литва, Норвегия, Польша, Португалия, Россия, Румыния, Словения, Турция, Финляндия, Франция, Чешская Республика, Швейцария, Швеция.\r\n							</p>\r\n							<p><strong>Активация пакета:</strong>Для активации Пакета необходимо набрать на телефоне команду: <strong>*146*907*21#</strong> и нажать на клавишу «Вызов».</p>\r\n							<p><strong>Проверка баланса Пакета:</strong>Для проверки баланса Пакета необходимо набрать на телефоне команду: <strong>*146*907#</strong> и нажать на клавишу «Вызов».</p>\r\n							<p>\r\n								<strong>Стоимость пакета:</strong>\r\n							</p>\r\n							<p class="et-tariffs-price">2.90 $</p>'),
(92, 'en', '<p><strong>In order to use that service you‘ll need to do next steps*:</strong></p>\r\n							<p>1. Activate «Data services / GPRS».</p>\r\n							<ul>\r\n								<li>In order to activate this service dial <strong>903</strong> (if your telephone does not support direct dial, dial <strong>*146*903*</strong>) and press «Call» button. Service had been activated.</li>\r\n								<li>In order to deactivate this service dial the same code <strong>903</strong> (or <strong>*146*903*</strong>) and press «Call» button. Service had been deactivated.</li>\r\n								<li>«Data services / GPRS» can be activated or deactivated in your on-line account on my.easyroaming.ru.</li>\r\n								<li>You just need to press "Edit card" button and check or uncheck «GPRS» box.</li>\r\n							</ul>\r\n							<p>2. Also you need to insert settings in your cell phone:</p>\r\n							<ul>\r\n								<li>APN: travel.lv</l>\r\n								<li>login: leave empty</li>\r\n								<li>password: leave empty</li>\r\n							</ul>\r\n							<p>3. In order to use your phone as a modem:</p>\r\n							<ul>\r\n								<li>SMTP server settings: mail.travelgprs.com</li>\r\n							</ul>\r\n							<p>Further instructions on how to set your phone you‘ll find in your cell phone manual.</p>\r\n							<p><strong>* Please make sure that your phone supports data services before activating this service.</strong></p>\r\n							<img src="{path}/resources/img/pdf-icon.png">  <a href="{path}/resources/files/GPRS_rates.pdf" target="_blank" class="countrylist">GPRS rates</a>'),
(92, 'ru', '<p><strong>Для пользования данной услугой Вам требуется произвести следующие действия*:</strong></p>\r\n							<p>1. Активировать услугу «Передачи данных / GPRS».</p>\r\n							<ul>\r\n								<li>Для активации услуги наберите на Вашем телефоне код <strong>903</strong> (если телефон не поддерживает прямой набор, то <strong>*146*903*</strong>) и нажмите на клавишу «Call». Сервис активирован. </li>\r\n								<li>Для отключения услуги наберите тот же код <strong>903</strong> (или <strong>*146*903*</strong>) и нажмите на клавишу «Call». Сервис деактивирован.</li>\r\n								<li>Услугу «Передачи данных / GPRS» также можно активировать или деактивировать в Вашем личном кабинете на сайте my.easyroaming.ru.</li>\r\n								<li>В разделе «Редактирование» надо только поставить или убрать галочку на сервис «GPRS».</li>\r\n							</ul>\r\n							<p>2. Произвести настройку вашего телефона:</p>\r\n							<ul>\r\n								<li>APN: travel.lv</l>\r\n								<li>Имя пользователя: оставьте пустым</li>\r\n								<li>Пароль: оставьте пустым</li>\r\n							</ul>\r\n							<p>3. Для использования телефона в качестве модема:</p>\r\n							<ul>\r\n								<li>Установки SMTP сервера: mail.travelgprs.com</li>\r\n							</ul>\r\n							<p><strong>* Перед подключением услуги убедитесь, что ваш телефон поддерживает услугу передачи данных.</strong></p>\r\n							<img src="{path}/resources/img/pdf-icon.png">  <a href="{path}/resources/files/GPRS_rates_ru.pdf" target="_blank" class="countrylist">Тарифы на услуги GPRS</a>'),
(93, 'en', '<p>In case you have run out of balance in your Eurosim card, the “Call Me Back” service lets you send a message to the subscriber of any mobile operator asking to call you back.</p>\n<p>This service is free of charge and does not require a separate enabling or any additional configuration.</p>\n<p>To ask a subscriber to call you back, simply dial the command <strong>*146*90*00(country code)(phone number)#</strong> and press Call button. After that a notification saying that the message has been sent will appear on the display.</p>\n<p>The subscriber, whom you are asking to call you back, will receive a text message in your name with the following text: “This subscriber has insufficient funds for a call. Please, call them back.”</p>\n<p>Or your convenience, you can add the command <strong>*146*90*00(country code)(phone number)#</strong> to your phonebook. </p>\n<p>If necessary, just select this record in your phonebook.</p>\n<p><strong>Note:</strong> the “Call Me Back” service can be used no more than 5 times in a consecutive period of 24 hours.</p>'),
(93, 'ru', '<p>Если у Вас закончился баланс на карте, услуга «Перезвони мне» предоставляет Вам возможность отправить сообщение абоненту любого мобильного оператора с просьбой перезвонить Вам.</p>\r\n							<p>Абонентам туристической сим-карты easyroaming данная услуга предоставляется бесплатно и не требует подключения или дополнительных настроек.</p>\r\n							<p>Для того, чтобы попросить абонента перезвонить Вам, просто наберите у себя в телефоне команду <strong>*146*90*00 код страны номер телефона#</strong> и нажмите «Call». Вы получите информацию на экран Вашего телефона о том, что сообщение отправлено.</p>\r\n							<p>Абонент, которого вы просите позвонить Вам, получит от Вашего имени SMS с текстом «У этого абонента недостаточно средств для звонка. Пожалуйста, перезвоните.»</p>\r\n							<p>Для удобства добавьте данную команду <strong>*146*90*00 код страны номер телефона#</strong> в телефонный справочник. При необходимости просто выберите нужную запись из адресной книги.</p>\r\n							<p>Услугой «Перезвони мне» можно воспользоваться не более 5ти раз в сутки (за сутки принимается временной интервал в 24 часа). Предоставленная в данной инструкции информация и ограничения носят ознакомительный характер и могут быть изменены без особого уведомления.</p>');
INSERT INTO `i18n_translate` (`id`, `language`, `translation`) VALUES
(94, 'en', '<p>In order to create a black or a white list, you need to enter your Personal Cabinet. Then you need to configure the section “Black/White List”:</p>\n<p><strong>Black list</strong></p>\n<p>The system will refuse to accept incoming calls from numbers, which you have entered into the Black List. The “reject” command.</p>\n<p><strong>White list</strong></p>\n<p>The system will allow incoming calls only from those numbers, which you have entered into the White List. The “allow” command.</p>\n<p>If you wish to create the both lists, the system will process a call first in accordance with the Black List, and then – through the White List. The rule of entering a desired or undesired number in the Personal Cabinet is as follows: <strong>country code + phone number.</strong></p>\n<p>Example: 37121000000</p>\n<p><strong>The conditions of execution of the “Black/White List” service</strong></p>\n<p>The system executes the service “Black/White List” depending on which list the number of the incoming call is stored in. The main condition for the execution of the service “Black/White List” is that the desired/undesired number must be entered into the “Incoming Number” section of the program.\n\nThe additional condition for the execution of the above mentioned service is the use of the Destination Number (one of the numbers assigned to the Eurosim card). The additional condition can be fulfilled only together with the main condition by selecting either “And” or “Or” in the “And/Or” field. “And” means that the system will process both the Incoming Number and the Destination Number. “Or” triggers the system if either the incoming number or the number of the SIM card matches the number specified in field“Incoming Number” or “Destination Number”. This \nfunction implies the presence of several numbers on the SIM card. If you don’t use the additional condition, then the “Destination Number” field must contain the “*” symbol.</p>\n<p>It is also possible to put limitations on the service, such as by the days of the week, time, and period of validity of the list. A list can be blocked (deactivated) by checking the corresponding section.</p>'),
(94, 'ru', '<p>Данная услуга подразумевает возможность избавления от нежелательных звонков и контроля денежных средств на балансе сим-карты easyroaming.  Данная услуга на данный момент подключается в ручном режиме.</p>\r\n							<p>Данная услуга бесплатная.</p>\r\n							<p>Для подключения услуги обращайтесь в по телефону 8 (495) 212-90-06 или пишите на почту <a href="mailto:assist@easyroaming.ru">assist@easyroaming.ru</a></p>\r\n							\r\n							<p>\r\n								<strong>Стоимость услуги:</strong>\r\n							</p>\r\n							<p class="et-tariffs-price">Бесплатно</p>\r\n\r\n\r\n\r\n\r\n\r\n'),
(95, 'en', '<p>To activate the service, you need to dial code <strong>0900</strong> (or ‘manually’ – <strong>*146*900#</strong>) and press the Call button. </p>\n<p>If the function is not installed, the command will install it and confirm with a message.</p>\n<p>If the function is already installed, the command will disable it and confirm with a message.</p>'),
(95, 'ru', '<p>Данная услуга предоставляет возможность скрыть Ваш номер телефона при исходящем вызове.</p>\r\n							<p>Для активации/деактивации услуги наберите на Вашем телефоне (с роуминг картой) код <strong>900</strong> (если телефон не поддерживает прямой набор, то <strong>*146*900#</strong>) и нажмите на клавишу «Call». Сервис активирован.</p>\r\n							<p>Абонентам туристической сим-карты easyroaming данная услуга предоставляется бесплатно.</p>\r\n							<p>\r\n								<strong>Стоимость услуги:</strong>\r\n							</p>\r\n							<p class="et-tariffs-price">Бесплатно</p>'),
(96, 'en', '<p>Balance transfer from card to card available if you have purchased in the one Partner.</p>\n<p>To transfer the balance (or part thereof) dial <strong>*146*89*371hhhhhhhh XXX#</strong> (XXX amount you want to transfer), press «Call».</p>\n<p><strong>Example of entering the transferred amount:</strong></p>\n<p><strong>!</strong> amount should not contain the characters "." and ",";</p>\n<p>a. amount of 0.01 = 001</p>\n<p>b. amount of 1 = 100</p>\n<p>c. amount of 1.01 = 101</p>\n<p>On the screen will display a message about the successful transfer of amount.</p>\n<p>The receiving subscriber will not receive a message stating that his balance was replenished.</p>'),
(96, 'ru', '<p>Перевод баланса с карты на карту возможен при условии приобретения у одного Партнера.</p>\r\n							<p>Для переноса баланса (или его части) наберите код <strong>*146*89*371хххххххх*ХХХ#</strong> (ХХХ-сумма которую вы хотите перечислить), нажмите клавишу «Call».</p>\r\n							<p>Пример ввода суммы для перевода:\r\n							<ul>\r\n								<li>!сумма не должна содержать знаков «.» и «,»;</li>\r\n								<li>a. сумма 0,01 = 001</li>\r\n								<li>b. сумма 1 = 100</li>\r\n								<li>c. сумма 1,01 = 101</li>\r\n							</ul>\r\n							</p>\r\n							<p>При успешном переводе суммы на экране отобразится сообщение о том, что перевод завершен.</p>\r\n							<p> «Принимающий» абонент НЕ получит сообщение о том, что его баланс пополнен.</p>'),
(97, 'en', '<p>Notice of achieving card limit: the limit at which will be send mail notification. </p>\n<p>This limit is set by our experts.</p>\n<p>This service is free for individuals and for legal persons.</p>\n<p>To activate the service, please contact in by phone 8 (495) 212-90-06 or e-mail <a href="mailto:assist@easyroaming.ru">assist@easyroaming.ru</a></p>'),
(97, 'ru', '<p>Уведомление о достижении лимита карты: лимит, при достижении которого высылается уведомление на почту, устанавливается в параметрах карты нашими специалистами.</p>\r\n							<p>Данная услуга бесплатная как для физических, так и для юридических лиц.</p>\r\n							<p>Для подключения услуги обращайтесь в в по телефону 8 (495) 212-90-06 или пишите на почту assist@easyroaming.ru</p>\r\n							<p>\r\n								<strong>Стоимость услуги:</strong>\r\n							</p>\r\n							<p class="et-tariffs-price">Бесплатно</p>'),
(98, 'en', '<p><strong>«Call forwarding» service</strong> can be activated or deactivated in your on-line account.</p>\r\n<p>Press <strong>"Edit card"</strong> and in <strong>"Call forward/Twinning"</strong> section check or uncheck "Call forward/Twinning" box. For call forwarding to work you need to enter a phone number where you wnat to forward all your calls from your "NovaSIM" phone number in a call forward number \r\nfield (for example: <strong>371222ххххх</strong>).</p>\r\n<p>Following/further activation or deactivation can be done on your cell phone.</p>\r\n<p>In order to activate service you should dial <strong>902</strong> code on your cell phone (in your cell phone does not support direct dial, you need to dial <strong>*146*902*</strong>) and press <strong>«Call»</strong> button. Service has been activated and all the calls will be forwarded to the number specified in your on-line account.</p>\r\n<p>To deactivate the service please dial the same code <strong>902</strong> (or <strong>*146*902*</strong>) and press <strong>«Call»</strong>. The service has been deactivated.</p>'),
(98, 'ru', '<p>Переадресацию можно установить/изменить с помощью Вашего мобильно телефона. Для этого наберите команду <strong>*146*902# код страны номер телефона#</strong> и нажмите на клавишу "Call".</p>\r\n							<p>Пример: *146*902*37122220000#, где 37122220000 номер, на который будет осуществляться переадресация входящего звонка.</p>\r\n							<p><strong>Тарификация услуги "Переадресация звонков":</strong>Переадресация звонков тарифицируется так же как и входящие звонки (Incoming Rate план).</p>'),
(99, 'en', '<p>All easyroaming cards support the facsimile message reception function:</p>\n<p><strong>Reception</strong></p>\n<p>1. Enter the Personal Cabinet of your card;</p>\n<p>2. From the <strong>“My Card”</strong> screen, enter the <strong>“Edit”</strong> section and specify the e-mail address, to which you would like to receive facsimile messages;</p>\n<p>3. Now, in case a fax is received to your e-mail, you will receive a text message to your phone informing you thereof.</p>\n\n<p><strong>Sending (To easyroaming number)</strong></p>\n<p>1. Sending a facsimile message is performed in the regular mode;</p>\n<p>2. Dial a telephone number, to which you would like to send the information (003712ххххххх) and press the <strong>Start</strong> button.</p>\n<p>3. The destination subscriber will receive a message to his/her phone saying that a fax has been received in his/her e-mail.</p>'),
(99, 'ru', '<p>Для подключения данной услуги  рекомендуем обратиться  в справочную службу  по телефону 8 (495) 212-90-06</p>\r\n							<p>Прием: \r\n								<ul>\r\n									<li>Теперь, при получении факса на Ваш адрес электронной почты, к Вам на телефон будет приходить SMS с сообщением об этом.</li>\r\n								</ul>\r\n							</p>\r\n							<p>Отправка\r\n								<ul>\r\n									<li>Отправка факсимильного сообщения происходит в обычном режиме.</li>\r\n									<li>Наберите телефонный номер, на который Вы желаете отправить информацию (003712ххххххх) и нажмите кнопку «Пуск».</li>\r\n									<li>Абоненту поступит сообщение на телефон о том, что факс принят на его e-mail.</li>\r\n								</ul>\r\n							</p>'),
(100, 'en', '<p>Service "Locating your SIM card" allows the owner of the SIM card determine the location of their SIM card at any given time. Service is available when the connected to mobile operator network. If the phone is switched off, the service is not available. </p>\n<p>Limit: 20 requests per day. </p>\n<p>To connect this service, we suggest contacting the help desk by phone 8 (495) 212-90-06</p>'),
(100, 'ru', '<p>Услуга “Определение местоположения своих сим-карт” предоставляет возможность владельцу сим-карты определить местоположение своей сим-карты в данный конкретный момент времени. Услуга доступна при включенном и подключенном к сети мобильного оператора телефоне. Если телефон отключен, услуга недоступна.</p>\r\n							<p>Ограничение: 20 запросов в день.</p>\r\n							<p>Для подключения данной услуги  рекомендуем обратиться  в справочную службу  по телефону 8 (495) 212-90-06</p>'),
(101, 'en', 'News'),
(101, 'ru', 'Новости'),
(102, 'en', 'About company'),
(102, 'ru', 'О компании'),
(103, 'en', 'For corporate clients'),
(103, 'ru', 'Корпоративным клиентам'),
(104, 'en', 'Rates by country'),
(104, 'ru', 'Тарифы по странам'),
(105, 'en', 'Instructions'),
(105, 'ru', 'Инструкции'),
(106, 'en', 'Payment methods'),
(106, 'ru', 'Способы оплаты'),
(107, 'en', 'Delivery'),
(107, 'ru', 'Доставка'),
(108, 'en', 'Web Up'),
(108, 'ru', 'Веб-звонок'),
(109, 'en', 'Send SMS'),
(109, 'ru', 'Отправить СМС'),
(110, 'en', 'For partners'),
(110, 'ru', 'Партнерам'),
(111, 'en', 'VoIP'),
(111, 'ru', 'VoIP'),
(112, 'en', 'Legal information'),
(112, 'ru', 'Юридическая информация'),
(113, 'en', '<p>Communication service for Keepgo SIM cards carries foreign telecom operator «Focus Mobile Inc.», which is a legal entity incorporated under the laws of the United States, legal address - 1220 N Market Street #804, Wilmington, DE 19801, providing services to mobile (cellular) radio in GSM outside of Russia, on the basis of a license and a public contact (offer) as well as within their own agreements with roaming partners.</p>\r\n<p>Communication services for SIM-cards «easyroaming» carries foreign telecom operator «Camel Mobile», which is a legal entity registered under the laws of the Republic of Latvia, legal address - Mūkusalas Street 41, Riga, Republic of Latvia, providing services of mobile (cellular) radio GSM standard outside of Russia, on the basis of a license to provide mobile communications and public contract (offer), as well as within their own agreements with roaming partners.</p>'),
(113, 'ru', '<p>Услуги связи по SIM-картам «KeepGo» и «Gb2Go» осуществляет зарубежный оператор связи «Focus Mobile Inc.», являющееся юридическим лицом, зарегистрированным в соответствии с законодательством Соединенных Штатов Америки, юридический адрес - 1220 N Market Street #804, Wilmington, DE 19801, оказывающий услуги подвижной (сотовой) радиосвязи в стандарте GSM за пределами России, на основании лицензии и публичного договора (оферты), а также в рамках собственных договоров с роуминг-партнерами.</p>\r\n<p>Услуги связи по SIM-картам «easyroaming» осуществляет зарубежный оператор связи «Camel Mobile», являющийся юридическим лицом, зарегистрированным в соответствии с законодательством Латвийской Республики, юридический адрес - улица Мукусалас, 41, Рига, Латвийская Республика, оказывающая услуги подвижной (сотовой) радиосвязи в стандарте GSM за пределами России, на основании лицензии по предоставлению мобильной связи и публичного договора (оферты), а также в рамках собственных договоров с роуминг-партнерами.</p>'),
(114, 'en', 'Follow us'),
(114, 'ru', 'Следуйте за нами'),
(115, 'en', '50 Mb/day'),
(115, 'ru', '50 Мб/сутки'),
(116, 'en', '100 Mb/day'),
(116, 'ru', '100 Мб/сутки'),
(117, 'en', '500 Mb/day'),
(117, 'ru', '500 Мб/сутки'),
(118, 'en', '1 Gb/month'),
(118, 'ru', '1 Гб/месяц'),
(119, 'en', NULL),
(119, 'ru', '<p>Наш проект призван помочь путешественникам получить лучшие услуги мобильной связи в международном роуминге в различных странах мира по лучшим ценам. Стоимость мобильной связи и мобильного интернет в международном роуминге обычно не дешевое удовольствие, и порой многие путешественники вообще выключают передачу данных в роуминге, чтобы потом не испытать шок от счета. Вместе с тем, необходимость иметь доступ в интернет постоянно становится для многих путешественников насущной и ежечасной потребностью. Ведь наши люди стали путешествовать и по экзотическим странам, часто ездить в командировки, перелетая за один день несколько стран и уезжать жить надолго, при этом им нужно быть в курсе последних событий как на родине, так и в мире. А целая плеяда «цифровых кочевников» - программистов, веб-дизайнеров, блогеров, инвесторов и предпринимателей интернет–индустрии вообще не представляют свою жизнь без ежеминутного общения всевозможными каналами связи – видеоконференцсвязью, через социальные сети, по e-mail и IP-телефонии. Так что же делать? Ну не работать же на интернет!<p>\r\n	<p>И теперь выход найден – развитие мобильных виртуальных операторов связи (MVNO) за рубежом принесло массу решений по сокращению расходов на мобильную связь и интернет. Мы выбрали лучших из них и постоянно работаем на тем, чтобы наши услуги стоили еще дешевле. Но мы также хотим предупредить, что вы не найдете здесь предложений по продаже местных (локальных) sim-карт, мы не занимаемся этим «бизнесом», ведь при этом невозможно гарантировать ничего, - ни поддержки, ни возврата остатка средств на sim-карте ни даже того, что вы сможете сами активировать и пополнить баланс этой симки в стране пребывания. Кроме этого, купив в одной стране сим-карту и уехав в соседнюю вы получите такие же грабительские тарифы на роуминг, как и у вашего домашнего оператора.</p>\r\n	<p>Мы же, в отличие от домашних и локальных мобильных операторов предлагаем вам настоящую мобильную роуминговую связь, которая дает вам единые цены в роуминге одновременно во многих странах мира, полный контроль расходов режиме «онлайн», гарантию надежности и возможность 100% возврата денег (в случае если ваша сим-карта не заработает по нашей вине), возможность ограничить свои затраты и трафик, оплату и получение «у двери» до отъезда, кредитную форму расчетов, русскоязычную техподдержку, аренду оборудования и многое другое, что отличает нас от местных и домашних операторов связи.</p>\r\n	<p>Наш девиз – лучшие и надежные услуги по лучшей цене и с непревзойдённым качеством!</p>'),
(120, 'en', NULL),
(120, 'ru', '<p><strong>Москва</strong></p>\r\n	<p>Доставка по Москве осуществляется на следующий день после оплаты заказа.</p>\r\n	<p><strong>Стоимость доставки:</strong> 380 рублей.</p>\r\n	<hr/>\r\n	<p><strong>Другие регионы</strong></p>\r\n	<p>Доставка в другие регионы осуществляется двумя способами:</p>\r\n	<ul>\r\n		<li>курьером</li>\r\n		<li>почтой России</li>\r\n	</ul>\r\n	<p>Стоимость доставки в другие регионы уточняйте у наших операторов по телефону: <br/><strong>8 (495) 212-90-06</strong></p>'),
(121, 'en', NULL),
(121, 'ru', '<p><strong>Оплатить нашу продукцию вы можете следующими способами:</strong></p>\r\n			<div class="row pad40">\r\n				<div class="col-sm-6 col-md-6">\r\n					<img src="{path}/resources/img/payments-vma.png">\r\n				</div>\r\n				<div class="col-sm-6 col-md-6">\r\n					Банковской картой\r\n				</div>\r\n			</div>\r\n			<div class="row pad40">\r\n				<div class="col-sm-6 col-md-6">\r\n					<img src="{path}/resources/img/payments-sber.png">\r\n				</div>\r\n				<div class="col-sm-6 col-md-6">\r\n					По квитанции через Сбербанк\r\n				</div>\r\n			</div>\r\n			<div class="row pad40">\r\n				<div class="col-sm-6 col-md-6">\r\n					<img src="{path}/resources/img/payments-pya.png">\r\n				</div>\r\n				<div class="col-sm-6 col-md-6">\r\n					Электронными деньгами\r\n				</div>\r\n			</div>\r\n			<div class="row pad40">\r\n				<div class="col-sm-6 col-md-6">\r\n					<img src="{path}/resources/img/payments-seq.png">\r\n				</div>\r\n				<div class="col-sm-6 col-md-6">\r\n					В розничных сетях и терминалах мгновенной оплаты\r\n				</div>\r\n			</div>'),
(122, 'en', 'Shown approximate calculation of the traffic flow. These calculations can not be tariffed template.'),
(122, 'ru', 'Приведен приблизительный расчет расхода трафика. Данные расчеты не могут быть тарифицируемым шаблоном.'),
(123, 'en', 'VoIP call rates'),
(123, 'ru', 'Стоимость VoIP-звонка');

-- --------------------------------------------------------

--
-- Table structure for table `key_value`
--

CREATE TABLE IF NOT EXISTS `key_value` (
  `id` int(11) NOT NULL AUTO_INCREMENT,
  `key` varchar(100) NOT NULL,
  `value` int(11) NOT NULL,
  `name` varchar(255) NOT NULL,
  `cost` double DEFAULT NULL,
  `default` tinyint(1) DEFAULT NULL,
  PRIMARY KEY (`id`)
) ENGINE=InnoDB  DEFAULT CHARSET=utf8 AUTO_INCREMENT=23 ;

--
-- Dumping data for table `key_value`
--

INSERT INTO `key_value` (`id`, `key`, `value`, `name`, `cost`, `default`) VALUES
(4, 'order_type_1.type_sim_id', 1, 'Standart Sim', NULL, 1),
(5, 'order_type_1.type_sim_id', 2, 'Micro Sim', NULL, NULL),
(6, 'order_type_1.type_sim_id', 3, 'Nano Sim', NULL, NULL),
(10, 'order_type_2.balans_id', 1, '20$', 20, NULL),
(11, 'order_type_2.balans_id', 2, '50$', 50, NULL),
(12, 'order_type_2.tariff_sim_id', 2, '+371', NULL, NULL),
(13, 'order_type_2.tariff_sim_id', 3, '+372', NULL, NULL),
(14, 'order_type_4.tariff_id', 1, 'SIM-карта Gb2Go Europe', 95, NULL),
(15, 'order_type_4.tariff_id', 2, 'SIM-карта Gb2Go Ukraine', 79, NULL),
(16, 'order_type_4.tariff_id', 3, 'SIM-карта Gb2Go Europe+America', 145, NULL),
(17, 'order_type_5.tariff_id', 1, '100 Мб Gb2Go Europa', 15, NULL),
(18, 'order_type_5.tariff_id', 2, '500 Мб Gb2Go Europa', 52, NULL),
(19, 'order_type_5.tariff_id', 3, '1024 Мб Gb2Go Europa', 92, NULL),
(20, 'order_type_5.tariff_id', 4, '100 Мб Gb2Go Europa+America', 18, NULL),
(21, 'order_type_5.tariff_id', 5, '500 Мб Gb2Go Europa+America', 68, NULL),
(22, 'order_type_5.tariff_id', 6, '1024 Мб Gb2Go Europa+America', 115, NULL);

-- --------------------------------------------------------

--
-- Table structure for table `logs`
--

CREATE TABLE IF NOT EXISTS `logs` (
  `id` int(11) NOT NULL AUTO_INCREMENT,
  `content` text,
  `datetime` timestamp NULL DEFAULT CURRENT_TIMESTAMP,
  PRIMARY KEY (`id`)
) ENGINE=InnoDB  DEFAULT CHARSET=utf8 AUTO_INCREMENT=82 ;

--
-- Dumping data for table `logs`
--

INSERT INTO `logs` (`id`, `content`, `datetime`) VALUES
(1, '{"OutSum":"684","InvId":"398","SignatureValue":"F5C1F19888F1A503CBE29AD84B1407BE","id":"1"}', '2014-07-10 23:17:26'),
(2, '{"out_summ":"3990.000000","OutSum":"3990.000000","inv_id":"411077918","InvId":"411077918","crc":"CB11D171AB38024948389B6C6C43C149","SignatureValue":"CB11D171AB38024948389B6C6C43C149","PaymentMethod":"Qiwi","IncSum":"3990.000000","IncCurrLabel":"Qiwi29OceanR","id":"1"}', '2014-07-13 12:25:57'),
(3, '{"out_summ":"3990.000000","OutSum":"3990.000000","inv_id":"411077918","InvId":"411077918","crc":"CB11D171AB38024948389B6C6C43C149","SignatureValue":"CB11D171AB38024948389B6C6C43C149","PaymentMethod":"Qiwi","IncSum":"3990.000000","IncCurrLabel":"Qiwi29OceanR","id":"1"}', '2014-07-13 12:26:57'),
(4, '{"out_summ":"3990.000000","OutSum":"3990.000000","inv_id":"411077918","InvId":"411077918","crc":"CB11D171AB38024948389B6C6C43C149","SignatureValue":"CB11D171AB38024948389B6C6C43C149","PaymentMethod":"Qiwi","IncSum":"3990.000000","IncCurrLabel":"Qiwi29OceanR","id":"1"}', '2014-07-13 12:27:57'),
(5, '{"out_summ":"3990.000000","OutSum":"3990.000000","inv_id":"411077918","InvId":"411077918","crc":"CB11D171AB38024948389B6C6C43C149","SignatureValue":"CB11D171AB38024948389B6C6C43C149","PaymentMethod":"Qiwi","IncSum":"3990.000000","IncCurrLabel":"Qiwi29OceanR","id":"1"}', '2014-07-13 12:28:58'),
(6, '{"out_summ":"2619.000000","OutSum":"2619.000000","inv_id":"407","InvId":"407","crc":"1083099864541E4B15D76C4ED9E48810","SignatureValue":"1083099864541E4B15D76C4ED9E48810","PaymentMethod":"Qiwi","IncSum":"2619.000000","IncCurrLabel":"Qiwi29OceanR","id":"1"}', '2014-07-15 13:17:40'),
(7, '{"out_summ":"2619.000000","OutSum":"2619.000000","inv_id":"407","InvId":"407","crc":"1083099864541E4B15D76C4ED9E48810","SignatureValue":"1083099864541E4B15D76C4ED9E48810","PaymentMethod":"Qiwi","IncSum":"2619.000000","IncCurrLabel":"Qiwi29OceanR","id":"1"}', '2014-07-15 13:18:40'),
(8, '{"out_summ":"2619.000000","OutSum":"2619.000000","inv_id":"407","InvId":"407","crc":"1083099864541E4B15D76C4ED9E48810","SignatureValue":"1083099864541E4B15D76C4ED9E48810","PaymentMethod":"Qiwi","IncSum":"2619.000000","IncCurrLabel":"Qiwi29OceanR","id":"1"}', '2014-07-15 13:19:41'),
(9, '{"out_summ":"2619.000000","OutSum":"2619.000000","inv_id":"407","InvId":"407","crc":"1083099864541E4B15D76C4ED9E48810","SignatureValue":"1083099864541E4B15D76C4ED9E48810","PaymentMethod":"Qiwi","IncSum":"2619.000000","IncCurrLabel":"Qiwi29OceanR","id":"1"}', '2014-07-15 13:20:41'),
(10, '{"out_summ":"450.000000","OutSum":"450.000000","inv_id":"2122103352","InvId":"2122103352","crc":"0470B46476D8E3DC9993A4B90AEC6FF5","SignatureValue":"0470B46476D8E3DC9993A4B90AEC6FF5","PaymentMethod":"Qiwi","IncSum":"450.000000","IncCurrLabel":"Qiwi29OceanR","id":"1"}', '2014-07-15 13:54:54'),
(11, '{"out_summ":"450.000000","OutSum":"450.000000","inv_id":"2122103352","InvId":"2122103352","crc":"0470B46476D8E3DC9993A4B90AEC6FF5","SignatureValue":"0470B46476D8E3DC9993A4B90AEC6FF5","PaymentMethod":"Qiwi","IncSum":"450.000000","IncCurrLabel":"Qiwi29OceanR","id":"1"}', '2014-07-15 13:55:55'),
(12, '{"out_summ":"450.000000","OutSum":"450.000000","inv_id":"2122103352","InvId":"2122103352","crc":"0470B46476D8E3DC9993A4B90AEC6FF5","SignatureValue":"0470B46476D8E3DC9993A4B90AEC6FF5","PaymentMethod":"Qiwi","IncSum":"450.000000","IncCurrLabel":"Qiwi29OceanR","id":"1"}', '2014-07-15 13:56:55'),
(13, '{"out_summ":"450.000000","OutSum":"450.000000","inv_id":"2122103352","InvId":"2122103352","crc":"0470B46476D8E3DC9993A4B90AEC6FF5","SignatureValue":"0470B46476D8E3DC9993A4B90AEC6FF5","PaymentMethod":"Qiwi","IncSum":"450.000000","IncCurrLabel":"Qiwi29OceanR","id":"1"}', '2014-07-15 13:57:56'),
(14, '{"out_summ":"760.000000","OutSum":"760.000000","inv_id":"409","InvId":"409","crc":"88E37B734684DDD6285D75362EA215DE","SignatureValue":"88E37B734684DDD6285D75362EA215DE","PaymentMethod":"OceanBank","IncSum":"760.000000","IncCurrLabel":"BANKOCEAN2R","id":"1"}', '2014-07-19 13:57:56'),
(15, '{"out_summ":"760.000000","OutSum":"760.000000","inv_id":"409","InvId":"409","crc":"88E37B734684DDD6285D75362EA215DE","SignatureValue":"88E37B734684DDD6285D75362EA215DE","PaymentMethod":"OceanBank","IncSum":"760.000000","IncCurrLabel":"BANKOCEAN2R","id":"1"}', '2014-07-19 13:58:57'),
(16, '{"out_summ":"760.000000","OutSum":"760.000000","inv_id":"409","InvId":"409","crc":"88E37B734684DDD6285D75362EA215DE","SignatureValue":"88E37B734684DDD6285D75362EA215DE","PaymentMethod":"OceanBank","IncSum":"760.000000","IncCurrLabel":"BANKOCEAN2R","id":"1"}', '2014-07-19 13:59:58'),
(17, '{"out_summ":"760.000000","OutSum":"760.000000","inv_id":"409","InvId":"409","crc":"88E37B734684DDD6285D75362EA215DE","SignatureValue":"88E37B734684DDD6285D75362EA215DE","PaymentMethod":"OceanBank","IncSum":"760.000000","IncCurrLabel":"BANKOCEAN2R","id":"1"}', '2014-07-19 14:00:58'),
(18, '{"out_summ":"760.000000","OutSum":"760.000000","inv_id":"410","InvId":"410","crc":"17F35223A261C4D23D250895F8BBFD63","SignatureValue":"17F35223A261C4D23D250895F8BBFD63","PaymentMethod":"OceanBank","IncSum":"760.000000","IncCurrLabel":"BANKOCEAN2R","id":"1"}', '2014-07-19 16:13:28'),
(19, '{"out_summ":"760.000000","OutSum":"760.000000","inv_id":"410","InvId":"410","crc":"17F35223A261C4D23D250895F8BBFD63","SignatureValue":"17F35223A261C4D23D250895F8BBFD63","PaymentMethod":"OceanBank","IncSum":"760.000000","IncCurrLabel":"BANKOCEAN2R","id":"1"}', '2014-07-19 16:14:28'),
(20, '{"out_summ":"760.000000","OutSum":"760.000000","inv_id":"410","InvId":"410","crc":"17F35223A261C4D23D250895F8BBFD63","SignatureValue":"17F35223A261C4D23D250895F8BBFD63","PaymentMethod":"OceanBank","IncSum":"760.000000","IncCurrLabel":"BANKOCEAN2R","id":"1"}', '2014-07-19 16:15:29'),
(21, '{"out_summ":"760.000000","OutSum":"760.000000","inv_id":"410","InvId":"410","crc":"17F35223A261C4D23D250895F8BBFD63","SignatureValue":"17F35223A261C4D23D250895F8BBFD63","PaymentMethod":"OceanBank","IncSum":"760.000000","IncCurrLabel":"BANKOCEAN2R","id":"1"}', '2014-07-19 16:16:29'),
(22, '{"out_summ":"11514.000000","OutSum":"11514.000000","inv_id":"254528354","InvId":"254528354","crc":"6EDDBE0036788FD7AFACC9F520A3E00E","SignatureValue":"6EDDBE0036788FD7AFACC9F520A3E00E","PaymentMethod":"OceanBank","IncSum":"11514.000000","IncCurrLabel":"BANKOCEAN2R","id":"1"}', '2014-07-24 09:01:33'),
(23, '{"out_summ":"11514.000000","OutSum":"11514.000000","inv_id":"254528354","InvId":"254528354","crc":"6EDDBE0036788FD7AFACC9F520A3E00E","SignatureValue":"6EDDBE0036788FD7AFACC9F520A3E00E","PaymentMethod":"OceanBank","IncSum":"11514.000000","IncCurrLabel":"BANKOCEAN2R","id":"1"}', '2014-07-24 09:02:34'),
(24, '{"out_summ":"11514.000000","OutSum":"11514.000000","inv_id":"254528354","InvId":"254528354","crc":"6EDDBE0036788FD7AFACC9F520A3E00E","SignatureValue":"6EDDBE0036788FD7AFACC9F520A3E00E","PaymentMethod":"OceanBank","IncSum":"11514.000000","IncCurrLabel":"BANKOCEAN2R","id":"1"}', '2014-07-24 09:03:35'),
(25, '{"out_summ":"11514.000000","OutSum":"11514.000000","inv_id":"254528354","InvId":"254528354","crc":"6EDDBE0036788FD7AFACC9F520A3E00E","SignatureValue":"6EDDBE0036788FD7AFACC9F520A3E00E","PaymentMethod":"OceanBank","IncSum":"11514.000000","IncCurrLabel":"BANKOCEAN2R","id":"1"}', '2014-07-24 09:04:35'),
(26, '{"out_summ":"10512.000000","OutSum":"10512.000000","inv_id":"18","InvId":"18","crc":"9E273C356E149C2CEF87FA19740B6376","SignatureValue":"9E273C356E149C2CEF87FA19740B6376","PaymentMethod":"OceanBank","IncSum":"10512.000000","IncCurrLabel":"BANKOCEAN2R","id":"1"}', '2014-07-30 10:34:07'),
(27, '{"out_summ":"10512.000000","OutSum":"10512.000000","inv_id":"18","InvId":"18","crc":"9E273C356E149C2CEF87FA19740B6376","SignatureValue":"9E273C356E149C2CEF87FA19740B6376","PaymentMethod":"OceanBank","IncSum":"10512.000000","IncCurrLabel":"BANKOCEAN2R","id":"1"}', '2014-07-30 10:35:08'),
(28, '{"out_summ":"10512.000000","OutSum":"10512.000000","inv_id":"18","InvId":"18","crc":"9E273C356E149C2CEF87FA19740B6376","SignatureValue":"9E273C356E149C2CEF87FA19740B6376","PaymentMethod":"OceanBank","IncSum":"10512.000000","IncCurrLabel":"BANKOCEAN2R","id":"1"}', '2014-07-30 10:36:09'),
(29, '{"out_summ":"10512.000000","OutSum":"10512.000000","inv_id":"18","InvId":"18","crc":"9E273C356E149C2CEF87FA19740B6376","SignatureValue":"9E273C356E149C2CEF87FA19740B6376","PaymentMethod":"OceanBank","IncSum":"10512.000000","IncCurrLabel":"BANKOCEAN2R","id":"1"}', '2014-07-30 10:37:09'),
(30, '{"out_summ":"760.000000","OutSum":"760.000000","inv_id":"420","InvId":"420","crc":"88E95A0BA7BC327111565F07AAE0D805","SignatureValue":"88E95A0BA7BC327111565F07AAE0D805","PaymentMethod":"OceanBank","IncSum":"760.000000","IncCurrLabel":"BANKOCEAN2R","id":"1"}', '2014-08-03 10:19:19'),
(31, '{"out_summ":"760.000000","OutSum":"760.000000","inv_id":"420","InvId":"420","crc":"88E95A0BA7BC327111565F07AAE0D805","SignatureValue":"88E95A0BA7BC327111565F07AAE0D805","PaymentMethod":"OceanBank","IncSum":"760.000000","IncCurrLabel":"BANKOCEAN2R","id":"1"}', '2014-08-03 10:20:19'),
(32, '{"out_summ":"760.000000","OutSum":"760.000000","inv_id":"420","InvId":"420","crc":"88E95A0BA7BC327111565F07AAE0D805","SignatureValue":"88E95A0BA7BC327111565F07AAE0D805","PaymentMethod":"OceanBank","IncSum":"760.000000","IncCurrLabel":"BANKOCEAN2R","id":"1"}', '2014-08-03 10:21:20'),
(33, '{"out_summ":"760.000000","OutSum":"760.000000","inv_id":"420","InvId":"420","crc":"88E95A0BA7BC327111565F07AAE0D805","SignatureValue":"88E95A0BA7BC327111565F07AAE0D805","PaymentMethod":"OceanBank","IncSum":"760.000000","IncCurrLabel":"BANKOCEAN2R","id":"1"}', '2014-08-03 10:22:20'),
(34, '{"out_summ":"15820.000000","OutSum":"15820.000000","inv_id":"20","InvId":"20","crc":"CAF3B5934CBB34E2913F628FD195A6A5","SignatureValue":"CAF3B5934CBB34E2913F628FD195A6A5","PaymentMethod":"OceanBank","IncSum":"15820.000000","IncCurrLabel":"BANKOCEAN2R","id":"1"}', '2014-08-05 09:14:35'),
(35, '{"out_summ":"15820.000000","OutSum":"15820.000000","inv_id":"20","InvId":"20","crc":"CAF3B5934CBB34E2913F628FD195A6A5","SignatureValue":"CAF3B5934CBB34E2913F628FD195A6A5","PaymentMethod":"OceanBank","IncSum":"15820.000000","IncCurrLabel":"BANKOCEAN2R","id":"1"}', '2014-08-05 09:15:35'),
(36, '{"out_summ":"15820.000000","OutSum":"15820.000000","inv_id":"20","InvId":"20","crc":"CAF3B5934CBB34E2913F628FD195A6A5","SignatureValue":"CAF3B5934CBB34E2913F628FD195A6A5","PaymentMethod":"OceanBank","IncSum":"15820.000000","IncCurrLabel":"BANKOCEAN2R","id":"1"}', '2014-08-05 09:16:36'),
(37, '{"out_summ":"15820.000000","OutSum":"15820.000000","inv_id":"20","InvId":"20","crc":"CAF3B5934CBB34E2913F628FD195A6A5","SignatureValue":"CAF3B5934CBB34E2913F628FD195A6A5","PaymentMethod":"OceanBank","IncSum":"15820.000000","IncCurrLabel":"BANKOCEAN2R","id":"1"}', '2014-08-05 09:17:37'),
(38, '{"out_summ":"1458.000000","OutSum":"1458.000000","inv_id":"21","InvId":"21","crc":"2614BB07DDD66A852158FD50A2E1478C","SignatureValue":"2614BB07DDD66A852158FD50A2E1478C","PaymentMethod":"OceanBank","IncSum":"1458.000000","IncCurrLabel":"BANKOCEAN2R","id":"1"}', '2014-08-07 07:06:20'),
(39, '{"out_summ":"1458.000000","OutSum":"1458.000000","inv_id":"21","InvId":"21","crc":"2614BB07DDD66A852158FD50A2E1478C","SignatureValue":"2614BB07DDD66A852158FD50A2E1478C","PaymentMethod":"OceanBank","IncSum":"1458.000000","IncCurrLabel":"BANKOCEAN2R","id":"1"}', '2014-08-07 07:07:20'),
(40, '{"out_summ":"1458.000000","OutSum":"1458.000000","inv_id":"21","InvId":"21","crc":"2614BB07DDD66A852158FD50A2E1478C","SignatureValue":"2614BB07DDD66A852158FD50A2E1478C","PaymentMethod":"OceanBank","IncSum":"1458.000000","IncCurrLabel":"BANKOCEAN2R","id":"1"}', '2014-08-07 07:08:20'),
(41, '{"out_summ":"1458.000000","OutSum":"1458.000000","inv_id":"21","InvId":"21","crc":"2614BB07DDD66A852158FD50A2E1478C","SignatureValue":"2614BB07DDD66A852158FD50A2E1478C","PaymentMethod":"OceanBank","IncSum":"1458.000000","IncCurrLabel":"BANKOCEAN2R","id":"1"}', '2014-08-07 07:09:21'),
(42, '{"out_summ":"3610.000000","OutSum":"3610.000000","inv_id":"423","InvId":"423","crc":"80D4DF627FD6169B85967E4474B880A8","SignatureValue":"80D4DF627FD6169B85967E4474B880A8","PaymentMethod":"OceanBank","IncSum":"3610.000000","IncCurrLabel":"BANKOCEAN2R","id":"1"}', '2014-08-11 12:03:51'),
(43, '{"out_summ":"3610.000000","OutSum":"3610.000000","inv_id":"423","InvId":"423","crc":"80D4DF627FD6169B85967E4474B880A8","SignatureValue":"80D4DF627FD6169B85967E4474B880A8","PaymentMethod":"OceanBank","IncSum":"3610.000000","IncCurrLabel":"BANKOCEAN2R","id":"1"}', '2014-08-11 12:04:50'),
(44, '{"out_summ":"3610.000000","OutSum":"3610.000000","inv_id":"423","InvId":"423","crc":"80D4DF627FD6169B85967E4474B880A8","SignatureValue":"80D4DF627FD6169B85967E4474B880A8","PaymentMethod":"OceanBank","IncSum":"3610.000000","IncCurrLabel":"BANKOCEAN2R","id":"1"}', '2014-08-11 12:05:51'),
(45, '{"out_summ":"3610.000000","OutSum":"3610.000000","inv_id":"423","InvId":"423","crc":"80D4DF627FD6169B85967E4474B880A8","SignatureValue":"80D4DF627FD6169B85967E4474B880A8","PaymentMethod":"OceanBank","IncSum":"3610.000000","IncCurrLabel":"BANKOCEAN2R","id":"1"}', '2014-08-11 12:06:52'),
(46, '{"out_summ":"380.000000","OutSum":"380.000000","inv_id":"23","InvId":"23","crc":"D1DCF35F2C967DE77DEFD22FD899E160","SignatureValue":"D1DCF35F2C967DE77DEFD22FD899E160","PaymentMethod":"OceanBank","IncSum":"380.000000","IncCurrLabel":"BANKOCEAN2R","id":"1"}', '2014-08-11 12:21:50'),
(47, '{"out_summ":"380.000000","OutSum":"380.000000","inv_id":"23","InvId":"23","crc":"D1DCF35F2C967DE77DEFD22FD899E160","SignatureValue":"D1DCF35F2C967DE77DEFD22FD899E160","PaymentMethod":"OceanBank","IncSum":"380.000000","IncCurrLabel":"BANKOCEAN2R","id":"1"}', '2014-08-11 12:22:52'),
(48, '{"out_summ":"380.000000","OutSum":"380.000000","inv_id":"23","InvId":"23","crc":"D1DCF35F2C967DE77DEFD22FD899E160","SignatureValue":"D1DCF35F2C967DE77DEFD22FD899E160","PaymentMethod":"OceanBank","IncSum":"380.000000","IncCurrLabel":"BANKOCEAN2R","id":"1"}', '2014-08-11 12:23:52'),
(49, '{"out_summ":"380.000000","OutSum":"380.000000","inv_id":"23","InvId":"23","crc":"D1DCF35F2C967DE77DEFD22FD899E160","SignatureValue":"D1DCF35F2C967DE77DEFD22FD899E160","PaymentMethod":"OceanBank","IncSum":"380.000000","IncCurrLabel":"BANKOCEAN2R","id":"1"}', '2014-08-11 12:24:53'),
(50, '{"out_summ":"3800.000000","OutSum":"3800.000000","inv_id":"424","InvId":"424","crc":"CE35516CF44E9E55D7650126295BFCF4","SignatureValue":"CE35516CF44E9E55D7650126295BFCF4","PaymentMethod":"eInvoicing","IncSum":"3800.000000","IncCurrLabel":"AlfaBankOceanR","id":"1"}', '2014-08-16 14:44:19'),
(51, '{"out_summ":"3800.000000","OutSum":"3800.000000","inv_id":"424","InvId":"424","crc":"CE35516CF44E9E55D7650126295BFCF4","SignatureValue":"CE35516CF44E9E55D7650126295BFCF4","PaymentMethod":"eInvoicing","IncSum":"3800.000000","IncCurrLabel":"AlfaBankOceanR","id":"1"}', '2014-08-16 14:45:19'),
(52, '{"out_summ":"3800.000000","OutSum":"3800.000000","inv_id":"424","InvId":"424","crc":"CE35516CF44E9E55D7650126295BFCF4","SignatureValue":"CE35516CF44E9E55D7650126295BFCF4","PaymentMethod":"eInvoicing","IncSum":"3800.000000","IncCurrLabel":"AlfaBankOceanR","id":"1"}', '2014-08-16 14:46:19'),
(53, '{"out_summ":"3800.000000","OutSum":"3800.000000","inv_id":"424","InvId":"424","crc":"CE35516CF44E9E55D7650126295BFCF4","SignatureValue":"CE35516CF44E9E55D7650126295BFCF4","PaymentMethod":"eInvoicing","IncSum":"3800.000000","IncCurrLabel":"AlfaBankOceanR","id":"1"}', '2014-08-16 14:47:21'),
(54, '{"out_summ":"4000.000000","OutSum":"4000.000000","inv_id":"24","InvId":"24","crc":"5C58757C8B2D6110F6DE01A43C9AFD73","SignatureValue":"5C58757C8B2D6110F6DE01A43C9AFD73","PaymentMethod":"OceanBank","IncSum":"4000.000000","IncCurrLabel":"BANKOCEAN2R","id":"1"}', '2014-08-18 19:38:08'),
(55, '{"out_summ":"4000.000000","OutSum":"4000.000000","inv_id":"24","InvId":"24","crc":"5C58757C8B2D6110F6DE01A43C9AFD73","SignatureValue":"5C58757C8B2D6110F6DE01A43C9AFD73","PaymentMethod":"OceanBank","IncSum":"4000.000000","IncCurrLabel":"BANKOCEAN2R","id":"1"}', '2014-08-18 19:39:08'),
(56, '{"out_summ":"4000.000000","OutSum":"4000.000000","inv_id":"24","InvId":"24","crc":"5C58757C8B2D6110F6DE01A43C9AFD73","SignatureValue":"5C58757C8B2D6110F6DE01A43C9AFD73","PaymentMethod":"OceanBank","IncSum":"4000.000000","IncCurrLabel":"BANKOCEAN2R","id":"1"}', '2014-08-18 19:40:09'),
(57, '{"out_summ":"4000.000000","OutSum":"4000.000000","inv_id":"24","InvId":"24","crc":"5C58757C8B2D6110F6DE01A43C9AFD73","SignatureValue":"5C58757C8B2D6110F6DE01A43C9AFD73","PaymentMethod":"OceanBank","IncSum":"4000.000000","IncCurrLabel":"BANKOCEAN2R","id":"1"}', '2014-08-18 19:41:10'),
(58, '{"out_summ":"152.000000","OutSum":"152.000000","inv_id":"426","InvId":"426","crc":"827B97AE13CDA89A4AEC6AF17E001E22","SignatureValue":"827B97AE13CDA89A4AEC6AF17E001E22","PaymentMethod":"OceanBank","IncSum":"152.000000","IncCurrLabel":"BANKOCEAN2R","id":"1"}', '2014-08-19 07:27:41'),
(59, '{"out_summ":"152.000000","OutSum":"152.000000","inv_id":"426","InvId":"426","crc":"827B97AE13CDA89A4AEC6AF17E001E22","SignatureValue":"827B97AE13CDA89A4AEC6AF17E001E22","PaymentMethod":"OceanBank","IncSum":"152.000000","IncCurrLabel":"BANKOCEAN2R","id":"1"}', '2014-08-19 07:28:41'),
(60, '{"out_summ":"152.000000","OutSum":"152.000000","inv_id":"426","InvId":"426","crc":"827B97AE13CDA89A4AEC6AF17E001E22","SignatureValue":"827B97AE13CDA89A4AEC6AF17E001E22","PaymentMethod":"OceanBank","IncSum":"152.000000","IncCurrLabel":"BANKOCEAN2R","id":"1"}', '2014-08-19 07:29:41'),
(61, '{"out_summ":"152.000000","OutSum":"152.000000","inv_id":"426","InvId":"426","crc":"827B97AE13CDA89A4AEC6AF17E001E22","SignatureValue":"827B97AE13CDA89A4AEC6AF17E001E22","PaymentMethod":"OceanBank","IncSum":"152.000000","IncCurrLabel":"BANKOCEAN2R","id":"1"}', '2014-08-19 07:30:43'),
(62, '{"out_summ":"152.000000","OutSum":"152.000000","inv_id":"427","InvId":"427","crc":"0DBB97DDFEE784E74D9781A8766CE3DC","SignatureValue":"0DBB97DDFEE784E74D9781A8766CE3DC","PaymentMethod":"OceanBank","IncSum":"152.000000","IncCurrLabel":"BANKOCEAN2R","id":"1"}', '2014-08-19 22:18:16'),
(63, '{"out_summ":"152.000000","OutSum":"152.000000","inv_id":"427","InvId":"427","crc":"0DBB97DDFEE784E74D9781A8766CE3DC","SignatureValue":"0DBB97DDFEE784E74D9781A8766CE3DC","PaymentMethod":"OceanBank","IncSum":"152.000000","IncCurrLabel":"BANKOCEAN2R","id":"1"}', '2014-08-19 22:19:16'),
(64, '{"out_summ":"152.000000","OutSum":"152.000000","inv_id":"427","InvId":"427","crc":"0DBB97DDFEE784E74D9781A8766CE3DC","SignatureValue":"0DBB97DDFEE784E74D9781A8766CE3DC","PaymentMethod":"OceanBank","IncSum":"152.000000","IncCurrLabel":"BANKOCEAN2R","id":"1"}', '2014-08-19 22:20:17'),
(65, '{"out_summ":"152.000000","OutSum":"152.000000","inv_id":"427","InvId":"427","crc":"0DBB97DDFEE784E74D9781A8766CE3DC","SignatureValue":"0DBB97DDFEE784E74D9781A8766CE3DC","PaymentMethod":"OceanBank","IncSum":"152.000000","IncCurrLabel":"BANKOCEAN2R","id":"1"}', '2014-08-19 22:21:18'),
(66, '{"out_summ":"1900.000000","OutSum":"1900.000000","inv_id":"432","InvId":"432","crc":"99C15E2683F4782ACC3F92A492936560","SignatureValue":"99C15E2683F4782ACC3F92A492936560","PaymentMethod":"OceanBank","IncSum":"1900.000000","IncCurrLabel":"BANKOCEAN2R","id":"1"}', '2014-09-02 07:47:48'),
(67, '{"out_summ":"1900.000000","OutSum":"1900.000000","inv_id":"432","InvId":"432","crc":"99C15E2683F4782ACC3F92A492936560","SignatureValue":"99C15E2683F4782ACC3F92A492936560","PaymentMethod":"OceanBank","IncSum":"1900.000000","IncCurrLabel":"BANKOCEAN2R","id":"1"}', '2014-09-02 07:48:49'),
(68, '{"out_summ":"1900.000000","OutSum":"1900.000000","inv_id":"432","InvId":"432","crc":"99C15E2683F4782ACC3F92A492936560","SignatureValue":"99C15E2683F4782ACC3F92A492936560","PaymentMethod":"OceanBank","IncSum":"1900.000000","IncCurrLabel":"BANKOCEAN2R","id":"1"}', '2014-09-02 07:49:49'),
(69, '{"out_summ":"1900.000000","OutSum":"1900.000000","inv_id":"432","InvId":"432","crc":"99C15E2683F4782ACC3F92A492936560","SignatureValue":"99C15E2683F4782ACC3F92A492936560","PaymentMethod":"OceanBank","IncSum":"1900.000000","IncCurrLabel":"BANKOCEAN2R","id":"1"}', '2014-09-02 07:50:50'),
(70, '{"id":"1"}', '2014-10-05 16:53:02'),
(71, '{"id":"2"}', '2014-10-05 16:53:05'),
(72, '{"id":"3"}', '2014-10-05 16:53:08'),
(73, '{"OutSum":"4919","InvId":"788","SignatureValue":"C4EC114293E235FF60160D2BE42E3D40","id":"1"}', '2014-10-10 23:43:05'),
(74, '{"OutSum":"4919","InvId":"788","SignatureValue":"C4EC114293E235FF60160D2BE42E3D40","id":"1"}', '2014-10-10 23:46:24'),
(75, '{"OutSum":"4919","InvId":"788","SignatureValue":"C4EC114293E235FF60160D2BE42E3D40","id":"1"}', '2014-10-10 23:47:06'),
(76, '{"OutSum":"4919","InvId":"788","SignatureValue":"C4EC114293E235FF60160D2BE42E3D40","id":"1"}', '2014-10-10 23:47:32'),
(77, '{"OutSum":"4919","InvId":"788","SignatureValue":"C4EC114293E235FF60160D2BE42E3D40","id":"1"}', '2014-10-10 23:50:54'),
(78, '{"OutSum":"4067","InvId":"789","SignatureValue":"DB5F6E47A5281B694A2CD0D1EEF80D03","id":"1"}', '2014-10-10 23:58:24'),
(79, '{"OutSum":"5105","InvId":"790","SignatureValue":"02313FC6C8433B038C75D3C5AACEE2C0","id":"1"}', '2014-10-11 00:10:18'),
(80, '{"OutSum":"3818","InvId":"791","SignatureValue":"72F4359DAD8971324027B5C958530F35","id":"1"}', '2014-10-11 00:11:31'),
(81, '{"OutSum":"1370","InvId":"454","SignatureValue":"EB3EAFBFF46C224512002F9143ED8C9F","id":"1"}', '2014-10-11 00:53:13');

-- --------------------------------------------------------

--
-- Table structure for table `news`
--

CREATE TABLE IF NOT EXISTS `news` (
  `id` int(11) NOT NULL AUTO_INCREMENT,
  `title` text NOT NULL,
  `description` text NOT NULL,
  `content` text NOT NULL,
  `datetime` timestamp NOT NULL DEFAULT CURRENT_TIMESTAMP,
  PRIMARY KEY (`id`)
) ENGINE=InnoDB  DEFAULT CHARSET=utf8 AUTO_INCREMENT=6 ;

--
-- Dumping data for table `news`
--

INSERT INTO `news` (`id`, `title`, `description`, `content`, `datetime`) VALUES
(1, 'Новый продукт - сим-карты KeepGo', '<p>Итак, новая команда проекта easyroaming приветствует вас на странице нашего нового сайта - <a href="http://www.easytravel.me">www.easytravel.me</a></p>\r\n<p>У нас появился новый продукт - сим-карты KeepGo - мобильный интернет по всему миру и по самым низким ценам в роуминге!</p>\r\n<p>Мы с радостью объявляем вам о том, что всем тем, кто уже пользуется сим-картами easyroaming, и всем новым членам нашего клуба мы будем начислять от 5 до 10 % на баланс ваших мобильных телефонов за любой заказ на сайте <a href="http://www.easytravel.me">www.easytravel.me</a></p>', '', '2013-09-24 20:00:00'),
(2, 'Льготный мобильный интернет для сим-карт easyroaming@371', '<p>Пользователям сим-карт easyroaming@371 теперь доступны пакеты льготного мобильного интернет, которые можно заказать на той же сим-карте.</p>\r\n					<p><strong>Описание пакетов:</strong></p>\r\n					<ul class="marker">\r\n						<li>Минимальный объём передачи данных за одну сессию равен - 100 Кб.</li>\r\n						<li>Учет передачи данных производится с шагом в 100 Кб, с округлением в большую сторону.</li>\r\n						<li>При активации Пакетов, все остальные тарифы остаются неизменными.</li>\r\n						<li>При активации Пакета, все остальные тарифы остаются без изменений.</li>\r\n					</ul>\r\n					<p><strong>Пакеты доступны в 33 странах:</strong> Австрия, Бельгия, Болгария, Великобритания, Венгрия, Германия, Греция, Дания, Ирландия, Исландия, Испания, Италия, Кипр, Латвия, Литва, Лихтенштейн, Люксембург, Мальта, Нидерланды, Норвегия, остров Реюньон, остров Джерси, Польша, Португалия, Румыния, Словакия, Словения, Финляндия, Франция, Хорватия, Чехия, Швеция, Эстония.\r\n					</p>\r\n					<table class="table table-bordered">\r\n						<tr>\r\n							<td>Название пакета</td><td> Номинал</td><td> Код активации</td><td> Стоимость</td><td> Срок действия</td>\r\n						</tr>\r\n						<tr>\r\n							<td>Интернет 10</td><td> 10 Мб </td><td>*146*907*27#</td><td>$1,90</td><td>1 день (24 часа)</td>\r\n						</tr>\r\n						<tr>\r\n							<td>Интернет 50</td><td> 50 Мб </td><td>*146*907*28#</td><td>$9,50</td><td>1 день (24 часа)</td>\r\n						</tr>\r\n						<tr>\r\n							<td>Интернет 100</td><td> 100 Мб </td><td>*146*907*29#</td><td>$19</td><td>7 дней</td>\r\n						</tr>\r\n						<tr>\r\n							<td>Интернет 250</td><td> 250 Мб </td><td>*146*907*30#</td><td>$47,50</td><td>30 дней</td>\r\n						</tr>\r\n					</table>\r\n					<p><strong>Проверка баланса Пакета:</strong> Для проверки баланса Пакета необходимо набрать на телефоне команду: <strong>*146*907#</strong> и нажать на клавишу "Вызов".</p>', '', '2013-02-25 20:00:00'),
(3, 'Gb2Go (Гигабайт в дорогу) всего за $99', '<p>Уважаемые клиенты! Спешим вас порадовать хорошей новостью:<br/>\r\n					У нас новое уникальное предложение для путешественников по Европе – сим-карта Gb2Go (Гигабайт в дорогу), это 1 Гбайт мобильного интернет в 30 странах Европы в течение 30 дней с момента первого выхода в сеть. </p>\r\n				<p><strong>Стоимость без учета доставки – $99</strong></p>\r\n				<p>Спешите, предложение ограничено! </p>\r\n				<p>Звоните +7 495 2129006 и заказывайте прямо сейчас.</p>', '', '2013-09-28 20:00:00'),
(5, 'Льготный мобильный интернет для сим-карт easyroaming@371', '<p><strong>Хорошие новости!</strong> Теперь сим-карты Gb2Go стали пополняемые и добавилась еще одна страна роуминга - Хорватия. Каждое пополнение (100, 500 и 1024 Мбайт) дает вам 30 дней на использование пакета трафика. По истечении 30 дней или пакета трафика сим-карта переходит в спящий режим и новое пополнение переведет ее снова в активный режим.</p>\r\n<p>Произвести пополнение вы сможете на нашем сайте в разделе <a href="http://easytravel.me/addcash371372">Пополнить баланс</a></p>\r\n<p>Напоминаем также о акции - сим-карта Gb2Go EU+AM с полным профилем (54 страны Европы, Северной, Южной и Центральной Америки) и 1 Гбайт "на борту" стоит всего 119$. Спешите, предложение ограничено <a href="http://easytravel.me/shopkeepgo">http://easytravel.me/shopkeepgo</a> </p>', '', '2014-06-29 20:00:00');

-- --------------------------------------------------------

--
-- Table structure for table `orders`
--

CREATE TABLE IF NOT EXISTS `orders` (
  `id` int(11) NOT NULL AUTO_INCREMENT,
  `user_id` int(11) DEFAULT NULL,
  `type_id` int(11) DEFAULT NULL,
  `delivery_id` int(11) DEFAULT NULL,
  `payment_system_id` int(11) DEFAULT NULL,
  `payment_status` varchar(100) DEFAULT NULL,
  `cost` double DEFAULT NULL,
  `certificate_id` int(11) DEFAULT NULL,
  `certificate` varchar(100) DEFAULT NULL,
  `datetime` timestamp NULL DEFAULT CURRENT_TIMESTAMP,
  PRIMARY KEY (`id`),
  KEY `delivery_id` (`delivery_id`),
  KEY `user_id` (`user_id`),
  KEY `certificate_id` (`certificate_id`),
  KEY `payment_system_id` (`payment_system_id`),
  KEY `type_id` (`type_id`)
) ENGINE=InnoDB  DEFAULT CHARSET=utf8 AUTO_INCREMENT=792 ;

--
-- Dumping data for table `orders`
--

INSERT INTO `orders` (`id`, `user_id`, `type_id`, `delivery_id`, `payment_system_id`, `payment_status`, `cost`, `certificate_id`, `certificate`, `datetime`) VALUES
(1, 2, 1, 120, NULL, NULL, 0, NULL, NULL, '2013-09-13 22:56:53'),
(2, 2, 1, 122, NULL, NULL, 179.9, NULL, NULL, '2013-09-13 23:00:24'),
(3, 2, 1, 123, NULL, NULL, 179.9, NULL, NULL, '2013-09-13 23:08:48'),
(4, 2, 1, 124, NULL, NULL, 468.62, NULL, NULL, '2013-09-13 23:10:05'),
(15, 2, 1, 135, NULL, NULL, 17.98, NULL, NULL, '2013-09-13 23:39:29'),
(19, 2, 1, 139, 3, '1', 17.98, NULL, NULL, '2013-09-13 23:44:33'),
(20, 2, 1, 140, NULL, '1', 223.86, NULL, NULL, '2013-09-14 00:07:44'),
(21, 2, 1, 141, 3, '1', 39.98, NULL, NULL, '2013-09-14 00:14:21'),
(22, 2, 1, 142, 3, '1', 33.98, NULL, NULL, '2013-09-14 00:15:39'),
(23, 2, 1, 143, 3, '1', 17.98, NULL, NULL, '2013-09-14 00:27:17'),
(24, 2, 1, 144, 3, '1', 17.98, NULL, NULL, '2013-09-14 00:34:09'),
(25, 2, 1, 145, 1, '1', 17.98, NULL, NULL, '2013-09-14 00:45:44'),
(26, 2, 1, 146, NULL, NULL, 115.98, NULL, NULL, '2013-09-14 00:54:43'),
(27, 2, 1, 147, NULL, NULL, 121.98, NULL, NULL, '2013-09-14 01:10:46'),
(28, 2, 1, 148, NULL, NULL, 121.98, NULL, NULL, '2013-09-14 01:26:44'),
(29, 2, 1, 149, NULL, NULL, 121.98, NULL, NULL, '2013-09-14 01:29:40'),
(30, 2, 1, 150, NULL, NULL, 121.98, NULL, NULL, '2013-09-14 01:30:25'),
(31, 2, 1, 151, NULL, NULL, 17.98, NULL, NULL, '2013-09-14 01:51:35'),
(32, 2, 1, 152, NULL, NULL, 17.98, NULL, NULL, '2013-09-14 01:53:50'),
(33, 2, 1, 153, NULL, NULL, 17.98, NULL, NULL, '2013-09-14 02:10:37'),
(34, 2, 1, 154, NULL, NULL, 17.98, NULL, NULL, '2013-09-14 02:22:36'),
(35, 2, 1, 155, NULL, NULL, 17.98, NULL, NULL, '2013-09-14 02:23:10'),
(36, NULL, 3, NULL, NULL, NULL, 1, NULL, NULL, '2013-09-14 02:49:26'),
(37, NULL, 3, NULL, NULL, NULL, 1, NULL, NULL, '2013-09-14 02:51:21'),
(38, NULL, 3, NULL, NULL, NULL, 1, NULL, NULL, '2013-09-14 02:52:29'),
(39, NULL, 3, NULL, NULL, NULL, 1, NULL, NULL, '2013-09-14 02:52:53'),
(40, NULL, 3, NULL, NULL, NULL, 1, NULL, NULL, '2013-09-14 02:53:44'),
(41, NULL, 3, NULL, NULL, NULL, 1, NULL, NULL, '2013-09-14 02:54:08'),
(42, NULL, 3, NULL, NULL, NULL, 1, NULL, NULL, '2013-09-14 02:54:56'),
(43, NULL, 3, NULL, 3, '1', 1, NULL, NULL, '2013-09-14 02:55:13'),
(44, 2, 3, NULL, NULL, NULL, 2, NULL, NULL, '2013-09-14 02:57:53'),
(45, NULL, 3, NULL, 1, '1', 4, NULL, NULL, '2013-09-14 03:01:11'),
(46, NULL, 3, NULL, NULL, NULL, 7, NULL, NULL, '2013-09-14 03:08:50'),
(47, 2, 2, 156, 1, '1', 60, NULL, NULL, '2013-09-15 07:10:30'),
(48, 2, 1, 157, 1, '1', 17.98, NULL, NULL, '2013-09-15 09:56:59'),
(49, 2, 1, 158, 1, '1', 253.86, NULL, NULL, '2013-09-15 14:04:58'),
(50, NULL, 3, NULL, NULL, NULL, 0, NULL, NULL, '2013-09-15 14:18:31'),
(51, 2, 1, 159, 1, '1', 281.86, NULL, NULL, '2013-09-15 14:31:15'),
(52, 2, 1, 160, 1, '1', 594.3, NULL, NULL, '2013-09-15 14:57:20'),
(53, 2, 2, 161, 1, '1', 60, NULL, NULL, '2013-09-15 18:42:05'),
(54, 2, 3, NULL, 1, '1', 20, NULL, NULL, '2013-09-15 19:13:13'),
(55, NULL, 3, NULL, NULL, NULL, 3, NULL, NULL, '2013-09-17 15:54:16'),
(56, 12, 1, 162, NULL, NULL, 223.86, NULL, NULL, '2013-09-18 07:11:34'),
(57, NULL, 3, NULL, NULL, NULL, 1, NULL, NULL, '2013-09-18 08:07:12'),
(58, NULL, 3, NULL, 3, NULL, 25, NULL, NULL, '2013-09-18 08:07:47'),
(59, NULL, 3, NULL, NULL, NULL, 10, NULL, NULL, '2013-09-18 08:42:02'),
(60, NULL, 3, NULL, 1, '1', 10, NULL, NULL, '2013-09-18 08:43:06'),
(61, NULL, 3, NULL, 4, NULL, 1, NULL, NULL, '2013-09-18 09:23:12'),
(62, NULL, 3, NULL, 4, NULL, 1, NULL, NULL, '2013-09-18 09:52:36'),
(63, NULL, 3, NULL, 4, NULL, 1, NULL, NULL, '2013-09-18 09:57:49'),
(64, NULL, 3, NULL, 4, NULL, 1, NULL, NULL, '2013-09-18 09:58:27'),
(65, NULL, 3, NULL, 2, NULL, 1, NULL, NULL, '2013-09-18 10:28:56'),
(66, NULL, 3, NULL, 2, NULL, 1, NULL, NULL, '2013-09-18 10:36:00'),
(67, NULL, 3, NULL, 2, NULL, 1, NULL, NULL, '2013-09-18 10:41:56'),
(68, NULL, 3, NULL, 2, NULL, 1, NULL, NULL, '2013-09-18 10:45:01'),
(69, NULL, 3, NULL, 2, NULL, 1, NULL, NULL, '2013-09-18 10:46:25'),
(70, NULL, 3, NULL, NULL, NULL, 1, NULL, NULL, '2013-09-18 11:16:10'),
(71, NULL, 3, NULL, 2, NULL, 1, NULL, NULL, '2013-09-18 14:25:36'),
(72, NULL, 3, NULL, NULL, NULL, 100, NULL, NULL, '2013-09-20 06:31:00'),
(73, NULL, 3, NULL, 3, NULL, 1, NULL, NULL, '2013-09-20 20:33:24'),
(74, NULL, 3, NULL, 4, NULL, 1, NULL, NULL, '2013-09-20 20:33:58'),
(75, NULL, 3, NULL, NULL, NULL, 1, NULL, NULL, '2013-09-20 20:36:14'),
(76, NULL, 3, NULL, 1, NULL, 1, NULL, NULL, '2013-09-20 20:37:59'),
(77, NULL, 3, NULL, 2, NULL, 1, NULL, NULL, '2013-09-20 20:38:13'),
(78, NULL, 3, NULL, 3, NULL, 1, NULL, NULL, '2013-09-20 21:03:44'),
(79, NULL, 3, NULL, NULL, NULL, 1, NULL, NULL, '2013-09-20 21:04:38'),
(80, NULL, 3, NULL, NULL, NULL, 1, NULL, NULL, '2013-09-20 21:11:48'),
(81, NULL, 3, NULL, 3, NULL, 100, NULL, NULL, '2013-09-24 20:13:57'),
(82, NULL, 3, NULL, 3, NULL, 1, NULL, NULL, '2013-10-02 10:33:45'),
(83, NULL, 3, NULL, 4, NULL, 1, NULL, NULL, '2013-10-02 10:34:19'),
(84, NULL, 3, NULL, 1, NULL, 1, NULL, NULL, '2013-10-02 10:34:28'),
(85, NULL, 3, NULL, 2, NULL, 1, NULL, NULL, '2013-10-02 10:34:57'),
(86, 2, 1, 163, 1, NULL, 223.86, NULL, NULL, '2013-10-04 09:20:36'),
(87, 2, 1, 164, 1, NULL, 223.86, NULL, NULL, '2013-10-04 09:21:02'),
(88, 2, 1, 165, 1, NULL, 125.86, NULL, NULL, '2013-10-04 13:01:52'),
(89, 2, 1, 166, 3, NULL, 125.86, NULL, NULL, '2013-10-04 13:02:47'),
(90, 2, 1, 167, 3, NULL, 125.86, NULL, NULL, '2013-10-04 13:23:01'),
(91, 2, 1, 168, 3, NULL, 125.86, NULL, NULL, '2013-10-04 13:36:38'),
(92, 2, 1, 169, 3, NULL, 97.86, NULL, NULL, '2013-10-04 13:44:09'),
(93, 2, 1, 170, 3, NULL, 97.86, NULL, NULL, '2013-10-04 13:50:16'),
(94, 2, 1, 171, 3, NULL, 97.86, NULL, NULL, '2013-10-04 13:51:04'),
(95, 2, 1, 172, 3, '1', 97.86, NULL, NULL, '2013-10-04 13:51:31'),
(96, 2, 1, 173, 2, NULL, 253.86, NULL, NULL, '2013-10-04 13:54:53'),
(97, 2, 1, 174, 2, NULL, 253.86, NULL, NULL, '2013-10-04 14:03:40'),
(98, 2, 1, 175, NULL, NULL, 253.86, NULL, NULL, '2013-10-04 14:04:11'),
(99, 2, 1, 176, 2, NULL, 128.01, NULL, NULL, '2013-10-04 14:08:42'),
(100, 2, 1, 177, NULL, NULL, 128.01, NULL, NULL, '2013-10-04 14:09:29'),
(101, 2, 1, 178, 2, NULL, 0.01, NULL, NULL, '2013-10-04 14:10:54'),
(102, 2, 1, 179, 2, NULL, 0.01, NULL, NULL, '2013-10-04 14:11:41'),
(103, 2, 1, 180, 2, '1', 0.01, NULL, NULL, '2013-10-04 14:12:07'),
(104, 2, 1, 181, 4, NULL, 97.86, NULL, NULL, '2013-10-04 14:44:10'),
(105, 2, 1, 182, 4, NULL, 83.86, NULL, NULL, '2013-10-04 14:47:19'),
(106, 2, 1, 183, 4, NULL, 83.86, NULL, NULL, '2013-10-04 14:48:06'),
(107, 2, 1, 184, 4, NULL, 55.86, NULL, NULL, '2013-10-04 14:49:22'),
(108, 2, 1, 185, 4, NULL, 125.86, NULL, NULL, '2013-10-04 14:54:15'),
(109, 2, 1, 186, 4, NULL, 97.86, NULL, NULL, '2013-10-04 15:00:22'),
(110, 2, 1, 187, 4, NULL, 125.86, NULL, NULL, '2013-10-04 15:02:39'),
(111, 2, 1, 188, 4, NULL, 83.86, NULL, NULL, '2013-10-04 15:06:45'),
(112, 2, 1, 189, 4, NULL, 111.86, NULL, NULL, '2013-10-04 17:08:14'),
(113, 2, 1, 190, 4, NULL, 111.86, NULL, NULL, '2013-10-04 17:08:50'),
(114, 2, 3, NULL, 4, NULL, 1, NULL, NULL, '2013-10-04 17:10:41'),
(115, 2, 1, 191, 1, NULL, 447.72, NULL, NULL, '2013-10-14 01:09:13'),
(116, 2, 1, 192, 1, NULL, 447.72, NULL, NULL, '2013-10-14 01:09:53'),
(117, 2, 1, 193, 1, NULL, 447.72, NULL, NULL, '2013-10-14 01:10:14'),
(118, 2, 1, 194, 1, NULL, 447.72, NULL, NULL, '2013-10-14 01:14:51'),
(119, 2, 1, 195, 1, NULL, 447.72, NULL, NULL, '2013-10-14 01:19:23'),
(120, NULL, 3, NULL, 4, NULL, 30, NULL, NULL, '2013-10-21 17:29:31'),
(121, NULL, 3, NULL, 4, NULL, 30, NULL, NULL, '2013-10-21 18:10:14'),
(122, NULL, 3, NULL, NULL, NULL, 10, NULL, NULL, '2013-10-21 19:45:13'),
(123, 2, 1, 196, 1, NULL, 459.8, NULL, NULL, '2013-10-22 17:41:20'),
(124, NULL, 3, NULL, NULL, NULL, 100, NULL, NULL, '2013-10-30 17:46:34'),
(125, NULL, 3, NULL, 2, NULL, 12, NULL, NULL, '2013-10-31 19:27:24'),
(126, 2, 1, 197, 2, NULL, 767.52, NULL, NULL, '2013-11-06 17:17:49'),
(127, 29, 2, 198, NULL, NULL, 60, NULL, NULL, '2013-11-25 07:05:41'),
(128, NULL, 3, NULL, 1, NULL, 50, NULL, NULL, '2013-11-29 11:28:04'),
(129, NULL, 3, NULL, NULL, NULL, 50, NULL, NULL, '2013-11-29 11:29:33'),
(130, NULL, 3, NULL, 1, NULL, 50, NULL, NULL, '2013-11-29 11:32:05'),
(131, NULL, 3, NULL, 1, NULL, 20, NULL, NULL, '2013-11-29 19:01:07'),
(132, NULL, 3, NULL, 1, NULL, 20, NULL, NULL, '2013-11-29 19:05:54'),
(133, 29, 2, 199, NULL, NULL, 45, NULL, NULL, '2013-12-02 09:12:11'),
(134, NULL, 3, NULL, 1, NULL, 10, NULL, NULL, '2013-12-04 05:44:10'),
(135, 29, 2, 200, 1, NULL, 60, NULL, NULL, '2013-12-04 05:58:01'),
(136, 29, 1, 201, NULL, NULL, 69.86, NULL, NULL, '2013-12-11 11:42:45'),
(137, 29, 3, NULL, NULL, NULL, 10, NULL, NULL, '2013-12-11 11:45:02'),
(138, NULL, 3, NULL, 1, NULL, 10, NULL, NULL, '2013-12-13 14:30:00'),
(139, 37, 1, 202, 3, NULL, 175.78, NULL, NULL, '2013-12-16 09:19:36'),
(140, 37, 1, 203, 3, NULL, 175.78, NULL, NULL, '2013-12-16 09:39:53'),
(141, 37, 1, 204, NULL, NULL, 175.78, NULL, NULL, '2013-12-16 09:44:15'),
(142, NULL, 3, NULL, 1, NULL, 50, NULL, NULL, '2013-12-19 10:01:04'),
(143, NULL, 3, NULL, 1, NULL, 155, NULL, NULL, '2013-12-24 09:35:40'),
(144, NULL, 3, NULL, 1, NULL, 155, NULL, NULL, '2013-12-24 09:59:10'),
(145, NULL, 3, NULL, 1, NULL, 155, NULL, NULL, '2013-12-24 10:03:39'),
(146, NULL, 3, NULL, 1, NULL, 1, NULL, NULL, '2013-12-24 12:14:09'),
(147, 2, 3, NULL, NULL, NULL, 1, NULL, NULL, '2013-12-26 22:48:50'),
(148, 2, 4, 205, NULL, NULL, 44541, NULL, NULL, '2013-12-26 23:39:41'),
(149, 2, 4, 206, NULL, NULL, 2699, NULL, NULL, '2013-12-26 23:46:54'),
(150, 2, 4, 207, 1, NULL, 3249, NULL, NULL, '2013-12-27 00:04:10'),
(151, 2, 4, 208, NULL, NULL, 3249, NULL, NULL, '2013-12-27 00:05:47'),
(152, 2, 4, 209, 4, NULL, 9747, NULL, NULL, '2013-12-27 00:09:53'),
(153, 2, 1, 210, NULL, NULL, 125.86, NULL, NULL, '2013-12-27 00:39:13'),
(154, NULL, 3, NULL, NULL, NULL, 50, NULL, NULL, '2014-01-16 08:12:08'),
(155, NULL, 3, NULL, NULL, NULL, 50, NULL, NULL, '2014-01-16 08:20:02'),
(156, NULL, 3, NULL, NULL, NULL, 50, NULL, NULL, '2014-01-16 08:33:48'),
(157, NULL, 3, NULL, 1, NULL, 50, NULL, NULL, '2014-01-16 09:38:38'),
(158, NULL, 3, NULL, NULL, NULL, 100, NULL, NULL, '2014-01-16 09:39:46'),
(159, NULL, 3, NULL, 4, NULL, 100, NULL, NULL, '2014-01-16 09:40:47'),
(160, NULL, 3, NULL, 1, NULL, 50, NULL, NULL, '2014-01-16 09:41:19'),
(161, NULL, 3, NULL, 1, NULL, 50, NULL, NULL, '2014-01-16 09:42:22'),
(162, NULL, 3, NULL, NULL, NULL, 50, NULL, NULL, '2014-01-16 09:50:17'),
(163, NULL, 3, NULL, NULL, NULL, 50, NULL, NULL, '2014-01-16 10:41:13'),
(164, NULL, 3, NULL, NULL, NULL, 50, NULL, NULL, '2014-01-16 12:48:16'),
(165, 29, 1, 211, 1, NULL, 365.86, NULL, NULL, '2014-01-22 10:00:22'),
(166, 29, 1, 212, 4, NULL, 365.86, NULL, NULL, '2014-01-22 10:01:24'),
(167, 29, 1, 213, 4, NULL, 365.86, NULL, NULL, '2014-01-22 10:02:20'),
(168, 29, 1, 214, NULL, NULL, 1798.2, NULL, NULL, '2014-01-22 11:13:03'),
(169, 29, 1, 215, 1, NULL, 1800.94, NULL, NULL, '2014-01-22 11:15:38'),
(170, 29, 1, 216, 1, NULL, 1698.3, NULL, NULL, '2014-01-22 12:31:50'),
(171, 29, 1, 217, 4, NULL, 237.86, NULL, NULL, '2014-01-23 11:31:49'),
(172, 29, 1, 218, 1, NULL, 3058.2, NULL, NULL, '2014-01-23 11:42:09'),
(173, 49, 1, 219, NULL, NULL, 237.86, NULL, NULL, '2014-01-24 11:35:28'),
(174, 51, 1, 220, 1, NULL, 1798.2, NULL, NULL, '2014-01-25 15:33:08'),
(175, 29, 1, 221, NULL, NULL, 619.38, NULL, NULL, '2014-01-25 17:16:22'),
(176, 49, 2, 222, NULL, NULL, 30, NULL, NULL, '2014-02-03 06:22:46'),
(177, NULL, 3, NULL, 2, NULL, 1000, NULL, NULL, '2014-02-11 13:33:19'),
(178, 2, 1, 223, NULL, NULL, 365.86, NULL, NULL, '2014-02-13 23:15:33'),
(179, 80, 4, 224, NULL, NULL, 145, NULL, NULL, '2014-02-17 15:31:28'),
(180, NULL, 3, NULL, NULL, NULL, 0, NULL, NULL, '2014-02-18 20:22:56'),
(181, NULL, 3, NULL, NULL, NULL, 10, NULL, NULL, '2014-02-28 04:56:38'),
(182, NULL, 3, NULL, NULL, NULL, 0, NULL, NULL, '2014-03-02 23:51:27'),
(183, NULL, 3, NULL, NULL, NULL, 0, NULL, NULL, '2014-03-03 03:37:11'),
(184, NULL, 3, NULL, NULL, NULL, 0, NULL, NULL, '2014-03-04 14:10:26'),
(185, NULL, 3, NULL, 4, NULL, 20, NULL, NULL, '2014-03-13 10:10:41'),
(186, NULL, 3, NULL, NULL, NULL, 0, NULL, NULL, '2014-03-17 10:19:45'),
(187, 96, 3, NULL, 1, NULL, 10, NULL, NULL, '2014-03-18 06:45:34'),
(188, 96, 3, NULL, 1, NULL, 30, NULL, NULL, '2014-03-18 07:25:32'),
(189, 96, 3, NULL, 3, NULL, 30, NULL, NULL, '2014-03-18 07:31:18'),
(190, 96, 3, NULL, 1, '1', 30, NULL, NULL, '2014-03-18 07:36:57'),
(191, 96, 3, NULL, 1, NULL, 10, NULL, NULL, '2014-03-18 09:23:50'),
(192, NULL, 3, NULL, 1, NULL, 10, NULL, NULL, '2014-03-18 09:43:45'),
(195, NULL, 3, NULL, 4, NULL, 10, NULL, NULL, '2014-03-19 20:18:00'),
(196, NULL, 3, NULL, NULL, NULL, 0, NULL, NULL, '2014-03-21 10:36:16'),
(197, 101, 2, 225, NULL, NULL, 30, NULL, NULL, '2014-03-21 15:50:31'),
(198, NULL, 3, NULL, NULL, NULL, 30, NULL, NULL, '2014-03-25 07:37:57'),
(199, NULL, 3, NULL, 4, NULL, 300, NULL, NULL, '2014-03-25 08:58:05'),
(200, 12, 1, 226, NULL, NULL, 771.44, NULL, NULL, '2014-03-26 10:02:36'),
(201, NULL, 3, NULL, 1, NULL, 756, NULL, NULL, '2014-03-27 12:06:10'),
(202, 114, 4, 227, 1, NULL, 145, NULL, NULL, '2014-04-04 06:25:52'),
(203, 114, 4, 228, 2, NULL, 145, NULL, NULL, '2014-04-04 06:29:47'),
(204, 114, 4, 229, 1, '1', 145, NULL, NULL, '2014-04-04 06:30:28'),
(205, 2, 4, 230, 1, '1', 95, NULL, NULL, '2014-04-06 00:04:15'),
(206, 2, 3, NULL, 1, NULL, 1, NULL, NULL, '2014-04-06 00:22:35'),
(207, NULL, 3, NULL, 1, NULL, 1, NULL, NULL, '2014-04-09 11:35:54'),
(208, NULL, 3, NULL, NULL, NULL, 1, NULL, NULL, '2014-04-16 21:31:32'),
(209, 122, 1, 231, NULL, NULL, 79.84, NULL, NULL, '2014-04-23 20:13:57'),
(210, 122, 1, 232, NULL, NULL, 79.84, NULL, NULL, '2014-04-23 20:16:01'),
(211, 122, 1, 233, 2, NULL, 79.84, NULL, NULL, '2014-04-23 20:18:47'),
(212, NULL, 3, NULL, NULL, NULL, 0, NULL, NULL, '2014-04-30 12:17:07'),
(213, NULL, 3, NULL, NULL, NULL, 0, NULL, NULL, '2014-04-30 12:17:10'),
(214, 2, 1, 234, 1, NULL, 2.79, NULL, NULL, '2014-05-06 13:01:55'),
(215, 2, 1, 235, 2, NULL, 2.79, NULL, NULL, '2014-05-06 13:02:44'),
(216, 2, 1, 236, 1, NULL, 68.53, NULL, NULL, '2014-05-07 13:59:24'),
(217, 2, 1, 237, NULL, NULL, 158.7, NULL, NULL, '2014-05-07 14:00:44'),
(218, 2, 4, 238, 1, NULL, 119, NULL, NULL, '2014-05-08 23:14:42'),
(219, 2, 4, 239, NULL, NULL, 145, NULL, NULL, '2014-05-08 23:25:37'),
(220, 135, 4, 240, 4, NULL, 95, NULL, NULL, '2014-05-10 11:04:03'),
(221, 135, 4, 241, 4, NULL, 95, NULL, NULL, '2014-05-10 11:14:17'),
(222, 135, 4, 242, 4, NULL, 95, NULL, NULL, '2014-05-10 11:16:33'),
(223, 135, 4, 243, 4, NULL, 95, NULL, NULL, '2014-05-10 11:18:55'),
(224, 135, 4, 244, 1, '1', 95, NULL, NULL, '2014-05-10 11:23:04'),
(225, NULL, 3, NULL, NULL, NULL, 123, NULL, NULL, '2014-05-11 06:42:04'),
(226, NULL, 3, NULL, 3, NULL, 45, NULL, NULL, '2014-05-11 11:57:51'),
(227, NULL, 3, NULL, NULL, NULL, 100, NULL, NULL, '2014-05-11 17:24:16'),
(228, 2, 4, 245, NULL, NULL, 145, NULL, NULL, '2014-05-12 14:34:10'),
(229, 139, 1, 246, 3, NULL, 772.34, NULL, NULL, '2014-05-14 10:06:55'),
(230, 139, 1, 247, 3, NULL, 772.34, NULL, NULL, '2014-05-14 10:07:40'),
(231, 139, 1, 248, NULL, NULL, 302.28, NULL, NULL, '2014-05-14 10:20:18'),
(232, NULL, 3, NULL, 1, NULL, 100, NULL, NULL, '2014-05-15 13:51:31'),
(233, NULL, 3, NULL, 4, NULL, 1, NULL, NULL, '2014-05-15 20:33:08'),
(234, 142, 3, NULL, 1, '1', 100, NULL, NULL, '2014-05-19 13:11:20'),
(235, 143, 1, 249, 3, NULL, 445.23, NULL, NULL, '2014-05-19 21:48:24'),
(236, 143, 1, 250, 4, NULL, 445.23, NULL, NULL, '2014-05-19 21:50:54'),
(237, 143, 1, 251, 1, '1', 445.23, NULL, NULL, '2014-05-19 21:52:15'),
(238, NULL, 3, NULL, 1, NULL, 123, NULL, NULL, '2014-05-20 13:31:55'),
(239, NULL, 3, NULL, 1, NULL, 1, NULL, NULL, '2014-05-20 15:37:56'),
(240, NULL, 3, NULL, NULL, NULL, 1, NULL, NULL, '2014-05-20 15:38:59'),
(241, 160, 4, 252, 1, '1', 95, NULL, NULL, '2014-05-29 06:20:50'),
(242, 1, 1, 253, 1, NULL, 94.53, NULL, NULL, '2014-06-02 21:27:47'),
(243, 1, 1, 254, NULL, NULL, 213.53, NULL, NULL, '2014-06-02 22:31:04'),
(244, 1, 1, 255, 2, NULL, 139.33, NULL, NULL, '2014-06-02 22:49:16'),
(245, NULL, 3, NULL, NULL, NULL, 10, NULL, NULL, '2014-06-10 07:19:03'),
(246, NULL, 3, NULL, 1, NULL, 10, NULL, NULL, '2014-06-10 07:19:42'),
(247, NULL, 3, NULL, NULL, NULL, 10, NULL, NULL, '2014-06-11 09:51:14'),
(248, NULL, 3, NULL, NULL, NULL, 100, NULL, NULL, '2014-06-11 13:54:37'),
(249, NULL, 3, NULL, 3, NULL, 100, NULL, NULL, '2014-06-11 13:56:53'),
(250, NULL, 3, NULL, NULL, NULL, 100, NULL, NULL, '2014-06-12 02:44:52'),
(251, NULL, 3, NULL, 1, '1', 20, NULL, NULL, '2014-06-12 12:18:18'),
(252, NULL, 3, NULL, NULL, NULL, 0, NULL, NULL, '2014-06-17 18:17:59'),
(253, 2, 1, 256, 1, NULL, 139.33, NULL, NULL, '2014-06-17 22:44:58'),
(254, 2, 1, 257, NULL, NULL, 139.33, NULL, NULL, '2014-06-17 22:45:16'),
(255, 213, 1, 258, 1, '1', 72.06, NULL, NULL, '2014-06-23 07:39:52'),
(256, 226, 1, 259, 1, '1', 52.85, NULL, NULL, '2014-07-02 07:45:39'),
(257, 233, 4, 260, NULL, NULL, 190, NULL, NULL, '2014-07-06 17:33:54'),
(258, NULL, 3, NULL, NULL, NULL, 20, NULL, NULL, '2014-07-08 09:25:03'),
(259, 240, 1, 261, 1, NULL, 259.85, NULL, NULL, '2014-07-10 08:17:35'),
(398, 2, 5, NULL, 1, '1', 18, NULL, NULL, '2014-07-10 23:17:06'),
(399, 2, 1, 262, 1, NULL, 139.33, NULL, '', '2014-07-10 23:34:43'),
(400, 2, 1, NULL, NULL, NULL, 139.33, NULL, '', '2014-07-10 23:38:41'),
(401, 2, 3, NULL, NULL, NULL, 3, NULL, NULL, '2014-07-10 23:45:04'),
(402, 2, 5, NULL, NULL, NULL, 115, NULL, NULL, '2014-07-10 23:45:29'),
(403, 2, 4, 263, 5, NULL, 119, 7, '334229992410', '2014-07-10 23:56:35'),
(404, 2, 3, NULL, NULL, NULL, 3, NULL, NULL, '2014-07-10 23:56:57'),
(405, 12, 1, NULL, 1, NULL, 350.48, NULL, '', '2014-07-11 11:53:56'),
(406, 12, 1, NULL, NULL, NULL, 350.48, NULL, '', '2014-07-11 11:54:06'),
(407, 248, 1, 264, 1, '1', 68.9, NULL, '', '2014-07-15 13:09:05'),
(408, 251, 1, 265, 1, NULL, 116.86, NULL, '', '2014-07-18 06:54:36'),
(409, 255, 3, NULL, 1, '1', 20, NULL, NULL, '2014-07-19 13:54:30'),
(410, 255, 3, NULL, 1, '1', 20, NULL, NULL, '2014-07-19 16:12:02'),
(411, 2, 3, NULL, NULL, NULL, 2, NULL, NULL, '2014-07-28 22:47:01'),
(412, 2, 2, 266, NULL, NULL, 55.8, 11, 'roaming-mania', '2014-07-28 22:47:59'),
(413, 267, 3, NULL, NULL, NULL, 20, NULL, NULL, '2014-08-01 19:37:46'),
(414, 267, 3, NULL, 1, NULL, 20, NULL, NULL, '2014-08-01 19:38:21'),
(415, 267, 3, NULL, NULL, NULL, 20, NULL, NULL, '2014-08-01 19:40:43'),
(416, 270, 3, NULL, NULL, NULL, 20, NULL, NULL, '2014-08-03 10:09:07'),
(417, 270, 3, NULL, 1, NULL, 20, NULL, NULL, '2014-08-03 10:09:23'),
(418, 270, 3, NULL, 5, NULL, 20, NULL, NULL, '2014-08-03 10:09:39'),
(419, 270, 3, NULL, NULL, NULL, 20, NULL, NULL, '2014-08-03 10:10:13'),
(420, 270, 3, NULL, 1, '1', 20, NULL, NULL, '2014-08-03 10:10:59'),
(421, 279, 1, 267, NULL, NULL, 43.32, NULL, '', '2014-08-07 15:42:01'),
(422, 287, 4, 268, 1, NULL, 95, NULL, '', '2014-08-11 11:46:16'),
(423, 287, 4, 269, 1, '1', 95, NULL, '', '2014-08-11 12:02:25'),
(424, 304, 3, NULL, 1, '1', 100, NULL, NULL, '2014-08-16 14:40:09'),
(425, 303, 3, NULL, 1, NULL, 4, NULL, NULL, '2014-08-18 22:02:35'),
(426, 303, 3, NULL, 1, '1', 4, NULL, NULL, '2014-08-19 07:25:48'),
(427, 310, 3, 270, 1, '1', 4, NULL, NULL, '2014-08-19 22:15:23'),
(428, 310, 3, NULL, 1, NULL, 4, NULL, NULL, '2014-08-19 23:06:38'),
(429, 12, 1, NULL, 1, NULL, 1285.44, NULL, '', '2014-09-01 09:52:35'),
(430, 12, 1, NULL, 5, NULL, 1285.44, NULL, '', '2014-09-01 09:52:45'),
(431, 46, 3, NULL, NULL, NULL, 50, NULL, NULL, '2014-09-02 07:36:19'),
(432, 46, 3, NULL, 1, '1', 50, NULL, NULL, '2014-09-02 07:43:42'),
(433, 2, 1, 271, NULL, NULL, 184.06, NULL, '', '2014-09-27 10:45:21'),
(434, 2, 1, 272, NULL, NULL, 228.86, NULL, '', '2014-09-27 13:51:11'),
(435, 2, 1, 273, NULL, NULL, 228.86, NULL, '', '2014-09-27 14:07:51'),
(436, 2, 1, 274, NULL, NULL, 139.26, NULL, '', '2014-09-27 15:14:26'),
(437, 2, 1, 275, NULL, NULL, 139.26, NULL, '', '2014-09-27 15:28:25'),
(438, 2, 1, 276, NULL, NULL, 139.26, NULL, '', '2014-09-27 15:40:52'),
(439, 2, 1, 277, 1, NULL, 139.26, NULL, '', '2014-09-27 16:12:46'),
(440, 2, 1, 278, NULL, NULL, 564.65, NULL, '', '2014-09-28 16:30:26'),
(441, 2, 1, 279, 1, NULL, 564.65, NULL, '', '2014-09-28 16:31:03'),
(442, 2, 2, 280, NULL, NULL, 10, NULL, '', '2014-09-28 17:24:52'),
(443, 2, 2, 281, NULL, NULL, 10, NULL, '', '2014-09-28 17:27:41'),
(444, 2, 2, 282, NULL, NULL, 10, NULL, '', '2014-09-28 17:34:38'),
(445, 2, 2, 283, NULL, NULL, 10, NULL, '', '2014-09-28 17:36:58'),
(446, 2, 2, 284, NULL, NULL, 10, NULL, '', '2014-09-28 17:39:10'),
(447, 2, 2, 285, NULL, NULL, 10, NULL, '', '2014-09-28 17:39:50'),
(448, 2, 2, 286, NULL, NULL, 10, NULL, '', '2014-09-28 18:12:55'),
(449, 2, 2, 287, NULL, NULL, 10, NULL, '', '2014-09-28 18:32:07'),
(450, 2, 2, 288, NULL, NULL, 10, NULL, '', '2014-09-28 18:32:53'),
(451, 2, 1, 289, NULL, NULL, 139.26, NULL, '', '2014-09-29 04:15:09'),
(452, 2, 1, 290, NULL, NULL, 139.26, NULL, '', '2014-09-29 04:18:01'),
(453, 2, 1, 291, NULL, NULL, 139.26, NULL, '', '2014-09-29 04:19:37'),
(454, 2, 1, 292, NULL, '1', 139.26, NULL, '', '2014-09-29 04:23:46'),
(455, 2, 1, 293, NULL, NULL, 139.26, NULL, '', '2014-09-29 04:24:35'),
(456, 2, 2, 294, NULL, NULL, 10, NULL, '', '2014-09-29 04:26:33'),
(457, 2, 2, 295, NULL, NULL, 80, NULL, '', '2014-09-29 04:34:07'),
(458, 2, 2, 296, NULL, NULL, 80, NULL, '', '2014-09-29 04:41:23'),
(459, 2, 2, 297, NULL, NULL, 80, NULL, '', '2014-09-29 04:44:18'),
(460, 2, 2, 298, 1, NULL, 110, NULL, '', '2014-09-29 04:49:19'),
(461, 2, 2, 299, 1, NULL, 110, NULL, '', '2014-09-29 05:34:27'),
(462, 2, 3, NULL, 1, NULL, 111, NULL, NULL, '2014-09-29 05:53:25'),
(463, 2, 3, NULL, 1, NULL, 44, NULL, NULL, '2014-09-29 06:37:04'),
(464, 2, 5, NULL, NULL, NULL, 18, NULL, NULL, '2014-09-29 06:57:57'),
(465, 2, 5, NULL, NULL, NULL, 18, NULL, NULL, '2014-09-29 07:00:19'),
(466, 2, 3, NULL, NULL, NULL, 44, NULL, NULL, '2014-09-29 07:03:04'),
(467, 2, 5, NULL, NULL, NULL, 18, NULL, NULL, '2014-09-29 07:03:07'),
(468, 2, 5, NULL, NULL, NULL, 18, NULL, NULL, '2014-09-29 07:24:38'),
(469, 2, 5, NULL, NULL, NULL, 15, NULL, NULL, '2014-09-29 07:25:29'),
(470, 2, 3, NULL, NULL, NULL, 22, NULL, NULL, '2014-09-29 07:27:36'),
(471, 2, 5, NULL, NULL, NULL, 15, NULL, NULL, '2014-09-29 07:27:57'),
(472, 2, 5, NULL, NULL, NULL, 15, NULL, NULL, '2014-09-29 07:35:38'),
(473, 2, 3, NULL, NULL, NULL, 55, NULL, NULL, '2014-09-29 07:36:12'),
(474, 2, 5, NULL, NULL, NULL, 15, NULL, NULL, '2014-09-29 07:37:57'),
(475, 2, 5, NULL, NULL, NULL, 15, NULL, NULL, '2014-09-29 07:39:10'),
(476, 2, 5, NULL, NULL, NULL, 15, NULL, NULL, '2014-09-29 07:42:15'),
(477, 2, 3, NULL, NULL, NULL, 333, NULL, NULL, '2014-09-29 07:42:59'),
(478, 2, 5, NULL, NULL, NULL, 15, NULL, NULL, '2014-09-29 07:43:08'),
(479, 2, 5, NULL, NULL, NULL, 15, NULL, NULL, '2014-09-29 07:44:29'),
(480, 2, 3, NULL, NULL, NULL, 333, NULL, NULL, '2014-09-29 07:45:55'),
(481, 2, 5, NULL, NULL, NULL, 15, NULL, NULL, '2014-09-29 07:45:59'),
(482, 2, 3, NULL, NULL, NULL, 11, NULL, NULL, '2014-09-29 07:46:44'),
(483, 2, 5, NULL, NULL, NULL, 15, NULL, NULL, '2014-09-29 07:47:00'),
(484, 2, 5, NULL, NULL, NULL, 15, NULL, NULL, '2014-09-29 07:52:32'),
(485, 2, 5, NULL, NULL, NULL, 15, NULL, NULL, '2014-09-29 07:52:44'),
(486, 2, 5, NULL, NULL, NULL, 15, NULL, NULL, '2014-09-29 07:53:45'),
(487, 2, 5, NULL, NULL, NULL, 15, NULL, NULL, '2014-09-29 07:53:52'),
(488, 2, 5, NULL, NULL, NULL, 15, NULL, NULL, '2014-09-29 07:54:49'),
(489, 2, 5, NULL, NULL, NULL, 92, NULL, NULL, '2014-09-29 07:58:14'),
(490, 2, 3, NULL, NULL, NULL, 33, NULL, NULL, '2014-09-29 07:59:11'),
(491, 2, 5, NULL, NULL, NULL, 52, NULL, NULL, '2014-09-29 08:03:23'),
(492, 2, 5, NULL, NULL, NULL, 15, NULL, NULL, '2014-09-29 08:03:55'),
(493, 2, 5, NULL, NULL, NULL, 15, NULL, NULL, '2014-09-29 08:04:38'),
(494, 2, 5, NULL, NULL, NULL, 15, NULL, NULL, '2014-09-29 08:06:36'),
(495, 2, 3, NULL, NULL, NULL, 33, NULL, NULL, '2014-09-29 08:06:57'),
(496, 2, 3, NULL, NULL, NULL, 111, NULL, NULL, '2014-09-29 08:08:03'),
(497, 2, 5, NULL, NULL, NULL, 15, NULL, NULL, '2014-09-29 08:08:07'),
(498, 2, 5, NULL, NULL, NULL, 15, NULL, NULL, '2014-09-29 08:09:08'),
(499, 2, 3, NULL, NULL, NULL, 111, NULL, NULL, '2014-09-29 08:09:16'),
(500, 2, 5, NULL, NULL, NULL, 15, NULL, NULL, '2014-09-29 08:10:43'),
(501, 2, 3, NULL, NULL, NULL, 33, NULL, NULL, '2014-09-29 08:10:54'),
(502, 2, 5, NULL, NULL, NULL, 15, NULL, NULL, '2014-09-29 08:12:15'),
(503, 2, 5, NULL, NULL, NULL, 15, NULL, NULL, '2014-09-29 08:14:17'),
(504, 2, 5, NULL, NULL, NULL, 52, NULL, NULL, '2014-09-29 08:15:51'),
(505, 2, 5, NULL, NULL, NULL, 52, NULL, NULL, '2014-09-29 08:23:01'),
(506, 2, 5, NULL, NULL, NULL, 15, NULL, NULL, '2014-09-29 08:24:45'),
(507, 2, 3, NULL, NULL, NULL, 22, NULL, NULL, '2014-09-29 08:29:50'),
(508, 2, 3, NULL, NULL, NULL, 22, NULL, NULL, '2014-09-29 08:30:05'),
(509, 2, 5, NULL, NULL, NULL, 15, NULL, NULL, '2014-09-29 08:30:16'),
(510, 2, 5, NULL, NULL, NULL, 15, NULL, NULL, '2014-09-29 08:34:16'),
(511, 2, 3, NULL, NULL, NULL, 22, NULL, NULL, '2014-09-29 08:34:29'),
(512, 2, 3, NULL, NULL, NULL, 2222, NULL, NULL, '2014-09-29 08:35:19'),
(513, 2, 3, NULL, NULL, NULL, 22, NULL, NULL, '2014-09-29 08:36:13'),
(514, 2, 5, NULL, NULL, NULL, 15, NULL, NULL, '2014-09-29 08:36:28'),
(515, 2, 3, NULL, NULL, NULL, 22, NULL, NULL, '2014-09-29 08:37:50'),
(516, 2, 5, NULL, NULL, NULL, 15, NULL, NULL, '2014-09-29 08:37:56'),
(517, 2, 5, NULL, NULL, NULL, 15, NULL, NULL, '2014-09-29 08:40:34'),
(518, 2, 5, NULL, NULL, NULL, 52, NULL, NULL, '2014-09-29 08:42:33'),
(519, 2, 5, NULL, NULL, NULL, 52, NULL, NULL, '2014-09-29 08:42:43'),
(520, 2, 5, NULL, NULL, NULL, 52, NULL, NULL, '2014-09-29 08:44:38'),
(521, 2, 5, NULL, NULL, NULL, 15, NULL, NULL, '2014-09-29 08:46:03'),
(522, 2, 3, NULL, NULL, NULL, 444, NULL, NULL, '2014-09-29 08:46:19'),
(523, 2, 3, NULL, NULL, NULL, 383, NULL, NULL, '2014-09-29 08:50:05'),
(524, 2, 5, NULL, NULL, NULL, 15, NULL, NULL, '2014-09-29 08:50:40'),
(525, 2, 3, NULL, NULL, NULL, 22, NULL, NULL, '2014-09-29 08:54:44'),
(526, 2, 5, NULL, NULL, NULL, 15, NULL, NULL, '2014-09-29 08:54:55'),
(527, 2, 5, NULL, NULL, NULL, 15, NULL, NULL, '2014-09-29 08:59:28'),
(528, 2, 5, NULL, NULL, NULL, 15, NULL, NULL, '2014-09-29 09:02:44'),
(529, 2, 5, NULL, NULL, NULL, 15, NULL, NULL, '2014-09-29 09:03:44'),
(530, 2, 5, NULL, NULL, NULL, 15, NULL, NULL, '2014-09-29 09:04:20'),
(531, 2, 5, NULL, NULL, NULL, 15, NULL, NULL, '2014-09-29 09:05:31'),
(532, 2, 5, NULL, NULL, NULL, 15, NULL, NULL, '2014-09-29 13:32:30'),
(533, 2, 5, NULL, NULL, NULL, 15, NULL, NULL, '2014-09-29 13:38:44'),
(534, 2, 5, NULL, NULL, NULL, 15, NULL, NULL, '2014-09-29 13:39:04'),
(535, 2, 5, NULL, NULL, NULL, 15, NULL, NULL, '2014-09-29 13:39:52'),
(536, 2, 5, NULL, NULL, NULL, 15, NULL, NULL, '2014-09-29 13:40:03'),
(537, 2, 5, NULL, NULL, NULL, 15, NULL, NULL, '2014-09-29 13:40:47'),
(538, 2, 2, 300, NULL, NULL, 30, NULL, '', '2014-09-29 13:41:34'),
(539, 2, 2, 301, NULL, NULL, 30, NULL, '', '2014-09-29 13:43:10'),
(540, 2, 5, NULL, NULL, NULL, 52, NULL, NULL, '2014-09-29 13:43:52'),
(541, 2, 5, NULL, NULL, NULL, 52, NULL, NULL, '2014-09-29 13:49:06'),
(542, 2, 5, NULL, NULL, NULL, 52, NULL, NULL, '2014-09-29 13:49:48'),
(543, 2, 5, NULL, NULL, NULL, 15, NULL, NULL, '2014-09-29 13:51:25'),
(544, 2, 3, NULL, NULL, NULL, 33, NULL, NULL, '2014-09-29 13:51:59'),
(545, 2, 5, NULL, NULL, NULL, 15, NULL, NULL, '2014-09-29 13:52:04'),
(546, 2, 5, NULL, NULL, NULL, 15, NULL, NULL, '2014-09-29 13:53:55'),
(547, 2, 5, NULL, NULL, NULL, 15, NULL, NULL, '2014-09-29 13:55:02'),
(548, 2, 3, NULL, NULL, NULL, 2222, NULL, NULL, '2014-09-29 13:55:54'),
(549, 2, 3, NULL, NULL, NULL, 33, NULL, NULL, '2014-09-29 13:58:32'),
(550, 2, 5, NULL, NULL, NULL, 15, NULL, NULL, '2014-09-29 13:58:44'),
(551, 2, 3, NULL, NULL, NULL, 333, NULL, NULL, '2014-09-29 14:00:29'),
(552, 2, 5, NULL, NULL, NULL, 15, NULL, NULL, '2014-09-29 14:00:49'),
(553, 2, 3, NULL, NULL, NULL, 33, NULL, NULL, '2014-09-29 14:01:38'),
(554, 2, 5, NULL, NULL, NULL, 15, NULL, NULL, '2014-09-29 14:01:48'),
(555, 2, 5, NULL, NULL, NULL, 15, NULL, NULL, '2014-09-29 14:03:02'),
(556, 2, 5, NULL, NULL, NULL, 15, NULL, NULL, '2014-09-29 14:03:56'),
(557, 2, 5, NULL, NULL, NULL, 15, NULL, NULL, '2014-09-29 14:04:48'),
(558, 2, 5, NULL, NULL, NULL, 15, NULL, NULL, '2014-09-29 14:06:24'),
(559, 2, 5, NULL, NULL, NULL, 15, NULL, NULL, '2014-09-29 14:06:46'),
(560, 2, 3, NULL, NULL, NULL, 33, NULL, NULL, '2014-09-29 14:09:19'),
(561, 2, 5, NULL, NULL, NULL, 15, NULL, NULL, '2014-09-29 14:09:32'),
(562, 2, 5, NULL, NULL, NULL, 15, NULL, NULL, '2014-09-29 14:16:32'),
(563, 2, 3, NULL, NULL, NULL, 3333, NULL, NULL, '2014-09-29 14:16:41'),
(564, 2, 5, NULL, NULL, NULL, 15, NULL, NULL, '2014-09-29 14:16:44'),
(565, 2, 5, NULL, NULL, NULL, 15, NULL, NULL, '2014-09-29 14:17:20'),
(566, 2, 5, NULL, NULL, NULL, 15, NULL, NULL, '2014-09-29 14:18:48'),
(567, 2, 3, NULL, NULL, NULL, 22, NULL, NULL, '2014-09-29 14:19:25'),
(568, 2, 3, NULL, NULL, NULL, 111, NULL, NULL, '2014-09-29 14:20:39'),
(569, 2, 3, NULL, NULL, NULL, 333, NULL, NULL, '2014-09-29 14:21:35'),
(570, 2, 3, NULL, NULL, NULL, 333, NULL, NULL, '2014-09-29 14:21:44'),
(571, 2, 3, NULL, NULL, NULL, 33, NULL, NULL, '2014-09-29 14:22:31'),
(572, 2, 3, NULL, NULL, NULL, 11, NULL, NULL, '2014-09-29 14:23:43'),
(573, 2, 3, NULL, NULL, NULL, 3, NULL, NULL, '2014-09-29 14:24:17'),
(574, 2, 3, NULL, NULL, NULL, 33, NULL, NULL, '2014-09-29 14:24:41'),
(575, 2, 3, NULL, NULL, NULL, 33, NULL, NULL, '2014-09-29 14:26:39'),
(576, 2, 3, NULL, NULL, NULL, 33, NULL, NULL, '2014-09-29 14:28:13'),
(577, 2, 3, NULL, NULL, NULL, 33, NULL, NULL, '2014-09-29 14:28:59'),
(578, 2, 3, NULL, NULL, NULL, 88, NULL, NULL, '2014-09-29 14:30:01'),
(579, 2, 5, NULL, NULL, NULL, 15, NULL, NULL, '2014-09-29 14:30:06'),
(580, 2, 5, NULL, NULL, NULL, 15, NULL, NULL, '2014-09-29 14:30:18'),
(581, 2, 5, NULL, NULL, NULL, 15, NULL, NULL, '2014-09-29 14:31:26'),
(582, 2, 5, NULL, NULL, NULL, 15, NULL, NULL, '2014-09-29 14:31:49'),
(583, 2, 5, NULL, NULL, NULL, 15, NULL, NULL, '2014-09-29 14:33:05'),
(584, 2, 5, NULL, NULL, NULL, 15, NULL, NULL, '2014-09-29 14:33:45'),
(585, 2, 5, NULL, NULL, NULL, 15, NULL, NULL, '2014-09-29 14:34:11'),
(586, 2, 5, NULL, NULL, NULL, 15, NULL, NULL, '2014-09-29 14:37:30'),
(587, 2, 5, NULL, NULL, NULL, 15, NULL, NULL, '2014-09-29 14:38:27'),
(588, 2, 3, NULL, NULL, NULL, 3, NULL, NULL, '2014-09-29 14:38:34'),
(589, 2, 3, NULL, NULL, NULL, 3, NULL, NULL, '2014-09-29 14:38:40'),
(590, 2, 3, NULL, NULL, NULL, 3, NULL, NULL, '2014-09-29 14:38:45'),
(591, 2, 3, NULL, NULL, NULL, 77, NULL, NULL, '2014-09-29 14:41:15'),
(592, 2, 3, NULL, NULL, NULL, 77, NULL, NULL, '2014-09-29 14:41:50'),
(593, 2, 5, NULL, NULL, NULL, 15, NULL, NULL, '2014-09-29 14:41:59'),
(594, 2, 5, NULL, NULL, NULL, 15, NULL, NULL, '2014-09-29 14:47:48'),
(595, 2, 5, NULL, NULL, NULL, 15, NULL, NULL, '2014-09-29 14:49:34'),
(596, 2, 5, NULL, NULL, NULL, 15, NULL, NULL, '2014-09-29 14:50:20'),
(597, 2, 3, NULL, NULL, NULL, 33, NULL, NULL, '2014-09-29 14:54:37'),
(598, 2, 5, NULL, NULL, NULL, 15, NULL, NULL, '2014-09-29 14:55:38'),
(599, 2, 5, NULL, NULL, NULL, 15, NULL, NULL, '2014-09-29 14:57:09'),
(600, 2, 5, NULL, NULL, NULL, 15, NULL, NULL, '2014-09-29 14:57:13'),
(601, 2, 5, NULL, NULL, NULL, 15, NULL, NULL, '2014-09-29 14:57:29'),
(602, 2, 5, NULL, NULL, NULL, 15, NULL, NULL, '2014-09-29 14:57:34'),
(603, 2, 3, NULL, NULL, NULL, 33, NULL, NULL, '2014-09-29 14:58:32'),
(604, 2, 5, NULL, NULL, NULL, 15, NULL, NULL, '2014-09-29 14:58:55'),
(605, 2, 3, NULL, NULL, NULL, 1, NULL, NULL, '2014-09-29 15:00:35'),
(606, 2, 3, NULL, NULL, NULL, 1, NULL, NULL, '2014-09-29 15:00:44'),
(607, 2, 5, NULL, NULL, NULL, 15, NULL, NULL, '2014-09-29 15:01:12'),
(608, 2, 5, NULL, NULL, NULL, 15, NULL, NULL, '2014-09-29 15:01:16'),
(609, 2, 3, NULL, NULL, NULL, 234, NULL, NULL, '2014-09-29 15:01:55'),
(610, 2, 5, NULL, NULL, NULL, 15, NULL, NULL, '2014-09-29 15:02:33'),
(611, 2, 5, NULL, NULL, NULL, 15, NULL, NULL, '2014-09-29 15:08:21'),
(612, 2, 3, NULL, NULL, NULL, 234, NULL, NULL, '2014-09-29 15:10:04'),
(613, 2, 5, NULL, NULL, NULL, 15, NULL, NULL, '2014-09-29 15:10:13'),
(614, 2, 3, NULL, NULL, NULL, 234, NULL, NULL, '2014-09-29 15:10:45'),
(615, 2, 5, NULL, NULL, NULL, 15, NULL, NULL, '2014-09-29 15:14:26'),
(616, 2, 3, NULL, NULL, NULL, 234, NULL, NULL, '2014-09-29 15:16:28'),
(617, 2, 5, NULL, NULL, NULL, 15, NULL, NULL, '2014-09-29 15:31:20'),
(618, 2, 3, NULL, NULL, NULL, 333, NULL, NULL, '2014-09-29 15:33:51'),
(619, 2, 3, NULL, NULL, NULL, 23432, NULL, NULL, '2014-09-29 15:45:05'),
(620, 2, 5, NULL, NULL, NULL, 15, NULL, NULL, '2014-09-29 15:45:45'),
(621, 2, 3, NULL, NULL, NULL, 23432, NULL, NULL, '2014-09-29 15:46:27'),
(622, 2, 5, NULL, NULL, NULL, 15, NULL, NULL, '2014-09-29 15:47:22'),
(623, 2, 5, NULL, NULL, NULL, 15, NULL, NULL, '2014-09-29 15:50:08'),
(624, 2, 3, NULL, NULL, NULL, 23432, NULL, NULL, '2014-09-29 15:52:34'),
(625, 2, 5, NULL, NULL, NULL, 15, NULL, NULL, '2014-09-29 15:53:06'),
(626, 2, 5, NULL, NULL, NULL, 15, NULL, NULL, '2014-09-29 15:54:41'),
(627, 2, 3, NULL, NULL, NULL, 23432, NULL, NULL, '2014-09-29 15:54:44'),
(628, 2, 5, NULL, NULL, NULL, 15, NULL, NULL, '2014-09-29 15:55:00'),
(629, 2, 3, NULL, NULL, NULL, 23432, NULL, NULL, '2014-09-29 15:55:09'),
(630, 2, 5, NULL, NULL, NULL, 15, NULL, NULL, '2014-09-29 15:56:13'),
(631, 2, 3, NULL, NULL, NULL, 23432, NULL, NULL, '2014-09-29 15:56:38'),
(632, 2, 3, NULL, NULL, NULL, 23432, NULL, NULL, '2014-09-29 16:13:30'),
(633, 2, 5, NULL, NULL, NULL, 15, NULL, NULL, '2014-09-29 16:14:23'),
(634, 2, 3, NULL, NULL, NULL, 23432, NULL, NULL, '2014-09-29 16:15:20'),
(635, 2, 5, NULL, NULL, NULL, 15, NULL, NULL, '2014-09-29 16:16:03'),
(636, 2, 3, NULL, NULL, NULL, 23432, NULL, NULL, '2014-09-29 16:22:42'),
(637, 2, 5, NULL, NULL, NULL, 15, NULL, NULL, '2014-09-29 16:22:58'),
(638, 2, 5, NULL, NULL, NULL, 15, NULL, NULL, '2014-09-29 16:24:57'),
(639, 2, 5, NULL, NULL, NULL, 15, NULL, NULL, '2014-09-29 16:26:38'),
(640, 2, 3, NULL, NULL, NULL, 23432, NULL, NULL, '2014-09-29 16:26:48'),
(641, 2, 3, NULL, NULL, NULL, 23432, NULL, NULL, '2014-09-29 16:29:45'),
(642, 2, 5, NULL, NULL, NULL, 15, NULL, NULL, '2014-09-29 18:40:01'),
(643, 2, 5, NULL, NULL, NULL, 15, NULL, NULL, '2014-09-29 18:40:26'),
(644, 2, 5, NULL, NULL, NULL, 15, NULL, NULL, '2014-09-29 18:40:55'),
(645, 2, 5, NULL, NULL, NULL, 15, NULL, NULL, '2014-09-29 18:42:00'),
(646, 2, 5, NULL, NULL, NULL, 15, NULL, NULL, '2014-09-29 18:43:12'),
(647, 2, 5, NULL, NULL, NULL, 15, NULL, NULL, '2014-09-29 18:44:59'),
(648, 2, 3, NULL, NULL, NULL, 33, NULL, NULL, '2014-09-29 18:45:14'),
(649, 2, 5, NULL, NULL, NULL, 15, NULL, NULL, '2014-09-29 18:52:50'),
(650, 2, 5, NULL, NULL, NULL, 15, NULL, NULL, '2014-09-29 18:54:15'),
(651, 2, 5, NULL, NULL, NULL, 15, NULL, NULL, '2014-09-29 18:55:50'),
(652, 2, 5, NULL, NULL, NULL, 15, NULL, NULL, '2014-09-29 18:56:31'),
(653, 2, 5, NULL, NULL, NULL, 15, NULL, NULL, '2014-09-29 19:00:55'),
(654, 2, 3, NULL, NULL, NULL, 1, NULL, NULL, '2014-09-29 19:01:33'),
(655, 2, 5, NULL, NULL, NULL, 15, NULL, NULL, '2014-09-29 19:13:18'),
(656, 2, 5, NULL, NULL, NULL, 15, NULL, NULL, '2014-09-30 15:51:38'),
(657, 2, 3, NULL, NULL, NULL, 12, NULL, NULL, '2014-09-30 16:25:23'),
(658, 2, 5, NULL, NULL, NULL, 15, NULL, NULL, '2014-09-30 16:25:28'),
(659, 2, 5, NULL, NULL, NULL, 15, NULL, NULL, '2014-09-30 16:26:19'),
(660, 2, 3, NULL, NULL, NULL, 12, NULL, NULL, '2014-09-30 16:26:26'),
(661, 2, 5, NULL, NULL, NULL, 15, NULL, NULL, '2014-09-30 16:26:28'),
(662, 2, 3, NULL, NULL, NULL, 12, NULL, NULL, '2014-09-30 16:26:44'),
(663, 2, 5, NULL, NULL, NULL, 15, NULL, NULL, '2014-09-30 16:26:48'),
(664, 2, 5, NULL, NULL, NULL, 15, NULL, NULL, '2014-09-30 16:55:51'),
(665, 2, 3, NULL, NULL, NULL, 12, NULL, NULL, '2014-09-30 16:55:54'),
(666, 2, 3, NULL, NULL, NULL, 12, NULL, NULL, '2014-09-30 16:56:54'),
(667, 2, 3, NULL, NULL, NULL, 12, NULL, NULL, '2014-09-30 16:57:54'),
(668, 2, 5, NULL, NULL, NULL, 15, NULL, NULL, '2014-09-30 16:57:57'),
(669, 2, 5, NULL, NULL, NULL, 15, NULL, NULL, '2014-09-30 17:04:11'),
(670, 2, 5, NULL, NULL, NULL, 15, NULL, NULL, '2014-09-30 17:04:38'),
(671, 2, 5, NULL, NULL, NULL, 15, NULL, NULL, '2014-09-30 17:04:59'),
(672, 2, 5, NULL, NULL, NULL, 15, NULL, NULL, '2014-09-30 17:05:23'),
(673, 2, 5, NULL, NULL, NULL, 15, NULL, NULL, '2014-09-30 17:05:54'),
(674, 2, 3, NULL, NULL, NULL, 12, NULL, NULL, '2014-09-30 17:06:01'),
(675, 2, 5, NULL, NULL, NULL, 15, NULL, NULL, '2014-09-30 17:13:20'),
(676, 2, 3, NULL, NULL, NULL, 12, NULL, NULL, '2014-09-30 17:13:23'),
(677, 2, 3, NULL, NULL, NULL, 12, NULL, NULL, '2014-09-30 17:25:34'),
(678, 2, 5, NULL, NULL, NULL, 15, NULL, NULL, '2014-09-30 17:25:46'),
(679, 2, 3, NULL, NULL, NULL, 12, NULL, NULL, '2014-09-30 17:27:34'),
(680, 2, 5, NULL, NULL, NULL, 15, NULL, NULL, '2014-09-30 17:27:37'),
(681, 2, 5, NULL, NULL, NULL, 15, NULL, NULL, '2014-09-30 17:45:44'),
(682, 2, 3, NULL, NULL, NULL, 12, NULL, NULL, '2014-09-30 17:45:46'),
(683, 2, 3, NULL, NULL, NULL, 12, NULL, NULL, '2014-09-30 17:46:10'),
(684, 2, 5, NULL, NULL, NULL, 15, NULL, NULL, '2014-09-30 17:46:12'),
(685, 2, 3, NULL, NULL, NULL, 12, NULL, NULL, '2014-09-30 18:04:19'),
(686, 2, 5, NULL, NULL, NULL, 15, NULL, NULL, '2014-09-30 18:04:22'),
(687, 2, 3, NULL, NULL, NULL, 12, NULL, NULL, '2014-09-30 18:06:22'),
(688, 2, 3, NULL, NULL, NULL, 12, NULL, NULL, '2014-09-30 18:06:31'),
(689, 2, 5, NULL, NULL, NULL, 15, NULL, NULL, '2014-09-30 18:06:38'),
(690, 2, 3, NULL, NULL, NULL, 12, NULL, NULL, '2014-09-30 18:07:30'),
(691, 2, 5, NULL, NULL, NULL, 15, NULL, NULL, '2014-09-30 18:07:37'),
(692, 2, 3, NULL, NULL, NULL, 12, NULL, NULL, '2014-09-30 18:09:48'),
(693, 2, 5, NULL, NULL, NULL, 15, NULL, NULL, '2014-09-30 18:09:51'),
(694, 2, 3, NULL, NULL, NULL, 12, NULL, NULL, '2014-09-30 18:12:34'),
(695, 2, 5, NULL, NULL, NULL, 15, NULL, NULL, '2014-09-30 18:12:36'),
(696, 2, 3, NULL, NULL, NULL, 12, NULL, NULL, '2014-09-30 18:12:56'),
(697, 2, 5, NULL, NULL, NULL, 15, NULL, NULL, '2014-09-30 18:12:59'),
(698, 2, 3, NULL, NULL, NULL, 12, NULL, NULL, '2014-09-30 18:15:21'),
(699, 2, 5, NULL, NULL, NULL, 15, NULL, NULL, '2014-09-30 18:15:28'),
(700, 2, 5, NULL, NULL, NULL, 15, NULL, NULL, '2014-09-30 18:16:20'),
(701, 2, 3, NULL, NULL, NULL, 12, NULL, NULL, '2014-09-30 18:16:26'),
(702, 2, 3, NULL, NULL, NULL, 12, NULL, NULL, '2014-09-30 18:17:48'),
(703, 2, 5, NULL, NULL, NULL, 15, NULL, NULL, '2014-09-30 18:17:56'),
(704, 2, 3, NULL, NULL, NULL, 12, NULL, NULL, '2014-09-30 18:19:48'),
(705, 2, 5, NULL, NULL, NULL, 15, NULL, NULL, '2014-09-30 18:19:53'),
(706, 2, 3, NULL, NULL, NULL, 12, NULL, NULL, '2014-09-30 18:20:36'),
(707, 2, 5, NULL, NULL, NULL, 15, NULL, NULL, '2014-09-30 18:20:44'),
(708, 2, 3, NULL, NULL, NULL, 12, NULL, NULL, '2014-09-30 18:21:52'),
(709, 2, 5, NULL, NULL, NULL, 15, NULL, NULL, '2014-09-30 18:21:54'),
(710, 2, 3, NULL, NULL, NULL, 12, NULL, NULL, '2014-09-30 18:22:35'),
(711, 2, 5, NULL, NULL, NULL, 15, NULL, NULL, '2014-09-30 18:22:37'),
(712, 2, 3, NULL, NULL, NULL, 12, NULL, NULL, '2014-09-30 18:23:17'),
(713, 2, 5, NULL, NULL, NULL, 15, NULL, NULL, '2014-09-30 18:23:19'),
(714, 2, 3, NULL, NULL, NULL, 12, NULL, NULL, '2014-09-30 18:24:03'),
(715, 2, 5, NULL, NULL, NULL, 15, NULL, NULL, '2014-09-30 18:24:07'),
(716, 2, 3, NULL, NULL, NULL, 12, NULL, NULL, '2014-09-30 18:24:38'),
(717, 2, 5, NULL, NULL, NULL, 15, NULL, NULL, '2014-09-30 18:24:40'),
(718, 2, 3, NULL, NULL, NULL, 12, NULL, NULL, '2014-09-30 18:24:49'),
(719, 2, 5, NULL, NULL, NULL, 15, NULL, NULL, '2014-09-30 18:24:51'),
(720, 2, 3, NULL, NULL, NULL, 12, NULL, NULL, '2014-09-30 18:25:30'),
(721, 2, 5, NULL, NULL, NULL, 15, NULL, NULL, '2014-09-30 18:25:32'),
(722, 2, 3, NULL, NULL, NULL, 12, NULL, NULL, '2014-09-30 18:26:59'),
(723, 2, 5, NULL, NULL, NULL, 15, NULL, NULL, '2014-09-30 18:27:01'),
(724, 2, 3, NULL, NULL, NULL, 12, NULL, NULL, '2014-09-30 18:27:27'),
(725, 2, 5, NULL, NULL, NULL, 15, NULL, NULL, '2014-09-30 18:27:36'),
(726, 2, 3, NULL, NULL, NULL, 12, NULL, NULL, '2014-09-30 18:28:32'),
(727, 2, 5, NULL, NULL, NULL, 15, NULL, NULL, '2014-09-30 18:28:39'),
(728, 2, 3, NULL, NULL, NULL, 12, NULL, NULL, '2014-09-30 18:29:07'),
(729, 2, 5, NULL, NULL, NULL, 15, NULL, NULL, '2014-09-30 18:29:10'),
(730, 2, 3, NULL, NULL, NULL, 12, NULL, NULL, '2014-09-30 18:29:27'),
(731, 2, 5, NULL, NULL, NULL, 15, NULL, NULL, '2014-09-30 18:29:30'),
(732, 2, 3, NULL, NULL, NULL, 12, NULL, NULL, '2014-09-30 18:29:52'),
(733, 2, 5, NULL, NULL, NULL, 15, NULL, NULL, '2014-09-30 18:29:54'),
(734, 2, 3, NULL, NULL, NULL, 12, NULL, NULL, '2014-09-30 18:31:37'),
(735, 2, 5, NULL, NULL, NULL, 15, NULL, NULL, '2014-09-30 18:31:39'),
(736, 2, 3, NULL, NULL, NULL, 12, NULL, NULL, '2014-09-30 18:32:31'),
(737, 2, 5, NULL, NULL, NULL, 15, NULL, NULL, '2014-09-30 18:32:33'),
(738, 2, 3, NULL, NULL, NULL, 12, NULL, NULL, '2014-09-30 18:35:09'),
(739, 2, 5, NULL, NULL, NULL, 15, NULL, NULL, '2014-09-30 18:35:11'),
(740, 2, 3, NULL, NULL, NULL, 12, NULL, NULL, '2014-09-30 18:35:46'),
(741, 2, 5, NULL, NULL, NULL, 15, NULL, NULL, '2014-09-30 18:35:47'),
(742, 2, 3, NULL, NULL, NULL, 12, NULL, NULL, '2014-09-30 18:37:10'),
(743, 2, 5, NULL, NULL, NULL, 15, NULL, NULL, '2014-09-30 18:37:12'),
(744, 2, 3, NULL, NULL, NULL, 12, NULL, NULL, '2014-09-30 18:37:53'),
(745, 2, 5, NULL, NULL, NULL, 15, NULL, NULL, '2014-09-30 18:37:55'),
(746, 2, 3, NULL, NULL, NULL, 12, NULL, NULL, '2014-09-30 18:39:20'),
(747, 2, 5, NULL, NULL, NULL, 15, NULL, NULL, '2014-09-30 18:39:29'),
(748, 2, 3, NULL, NULL, NULL, 12, NULL, NULL, '2014-09-30 18:40:19'),
(749, 2, 5, NULL, NULL, NULL, 15, NULL, NULL, '2014-09-30 18:40:22'),
(750, 2, 3, NULL, NULL, NULL, 12, NULL, NULL, '2014-09-30 18:40:48'),
(751, 2, 5, NULL, NULL, NULL, 15, NULL, NULL, '2014-09-30 18:40:51'),
(752, 2, 3, NULL, NULL, NULL, 12, NULL, NULL, '2014-09-30 18:43:49'),
(753, 2, 5, NULL, NULL, NULL, 15, NULL, NULL, '2014-09-30 18:43:50'),
(754, 2, 3, NULL, NULL, NULL, 12, NULL, NULL, '2014-09-30 18:46:24'),
(755, 2, 5, NULL, NULL, NULL, 15, NULL, NULL, '2014-09-30 18:46:26'),
(756, 2, 3, NULL, NULL, NULL, 12, NULL, NULL, '2014-09-30 18:56:46'),
(757, 2, 5, NULL, NULL, NULL, 15, NULL, NULL, '2014-09-30 18:56:48'),
(758, 2, 3, NULL, NULL, NULL, 12, NULL, NULL, '2014-09-30 19:02:20'),
(759, 2, 5, NULL, NULL, NULL, 15, NULL, NULL, '2014-09-30 19:02:24'),
(760, 2, 3, NULL, NULL, NULL, 12, NULL, NULL, '2014-09-30 19:02:38'),
(761, 2, 5, NULL, NULL, NULL, 15, NULL, NULL, '2014-09-30 19:02:40'),
(762, 2, 3, NULL, NULL, NULL, 12, NULL, NULL, '2014-09-30 19:02:49'),
(763, 2, 5, NULL, NULL, NULL, 15, NULL, NULL, '2014-09-30 19:02:51'),
(764, 2, 3, NULL, NULL, NULL, 12, NULL, NULL, '2014-09-30 19:07:41'),
(765, 2, 5, NULL, NULL, NULL, 15, NULL, NULL, '2014-09-30 19:07:43'),
(766, 2, 5, NULL, NULL, NULL, 15, NULL, NULL, '2014-09-30 19:08:39'),
(767, 2, 3, NULL, NULL, NULL, 12, NULL, NULL, '2014-09-30 19:32:53'),
(768, 2, 5, NULL, NULL, NULL, 15, NULL, NULL, '2014-09-30 19:32:55'),
(769, 2, 3, NULL, NULL, NULL, 12, NULL, NULL, '2014-09-30 19:33:14'),
(770, 2, 5, NULL, NULL, NULL, 15, NULL, NULL, '2014-09-30 19:33:17'),
(771, 2, 5, NULL, NULL, NULL, 15, NULL, NULL, '2014-09-30 19:33:33'),
(772, 2, 3, NULL, NULL, NULL, 12, NULL, NULL, '2014-09-30 19:33:36'),
(773, 2, 3, NULL, NULL, NULL, 12, NULL, NULL, '2014-09-30 19:36:22'),
(774, 2, 5, NULL, NULL, NULL, 15, NULL, NULL, '2014-09-30 19:36:24'),
(775, 2, 3, NULL, NULL, NULL, 12, NULL, NULL, '2014-09-30 19:36:52'),
(776, 2, 5, NULL, NULL, NULL, 15, NULL, NULL, '2014-09-30 19:36:54'),
(777, 2, 3, NULL, NULL, NULL, 11, NULL, NULL, '2014-09-30 19:55:52'),
(778, 2, 5, NULL, NULL, NULL, 15, NULL, NULL, '2014-09-30 19:55:59'),
(779, 2, 5, NULL, NULL, NULL, 15, NULL, NULL, '2014-09-30 20:26:44'),
(780, 2, 3, NULL, NULL, NULL, 11, NULL, NULL, '2014-09-30 20:26:47'),
(781, 2, 2, 302, NULL, NULL, 30, NULL, '', '2014-09-30 20:27:10'),
(782, 2, 1, 303, NULL, NULL, 228.86, NULL, '', '2014-09-30 20:27:46'),
(783, 2, 5, NULL, 5, NULL, 15, NULL, NULL, '2014-10-01 12:30:29'),
(784, 2, 3, NULL, 5, NULL, 888, NULL, NULL, '2014-10-01 12:31:23'),
(785, 2, 5, NULL, 1, NULL, 15, NULL, NULL, '2014-10-01 12:31:28'),
(786, 2, 5, NULL, 1, NULL, 15, NULL, NULL, '2014-10-01 12:32:55'),
(787, 2, 1, 304, 1, NULL, 94.46, NULL, '', '2014-10-10 23:38:23'),
(788, 2, 1, 305, 1, '1', 118.53, NULL, '', '2014-10-10 23:41:47'),
(789, 2, 2, 306, 1, '1', 98, NULL, '', '2014-10-10 23:58:00'),
(790, 2, 3, NULL, 1, '1', 123, NULL, NULL, '2014-10-11 00:10:09'),
(791, 2, 5, NULL, 1, '1', 92, NULL, NULL, '2014-10-11 00:11:24');

-- --------------------------------------------------------

--
-- Table structure for table `order_types`
--

CREATE TABLE IF NOT EXISTS `order_types` (
  `id` int(11) NOT NULL AUTO_INCREMENT,
  `name` varchar(100) NOT NULL,
  `settings` text NOT NULL,
  PRIMARY KEY (`id`)
) ENGINE=InnoDB  DEFAULT CHARSET=utf8 AUTO_INCREMENT=6 ;

--
-- Dumping data for table `order_types`
--

INSERT INTO `order_types` (`id`, `name`, `settings`) VALUES
(1, 'Интернет в роуминге', '{add_cost: [{name:"Стоимость SIM-карты",cost:5, lsign:''$''}], delivery: true}'),
(2, 'Мобильная связь', '{add_cost: [{name:"Стоимость SIM-карты",cost:10}], delivery: true}'),
(3, 'Пополнение баланса', '{delivery: false}'),
(4, 'Sim-карты Gb2Go', '{delivery: true}'),
(5, 'Пополнение баланса Gb2Go', '{delivery: false}');

-- --------------------------------------------------------

--
-- Table structure for table `order_type_1`
--

CREATE TABLE IF NOT EXISTS `order_type_1` (
  `id` int(11) NOT NULL AUTO_INCREMENT,
  `order_id` int(11) DEFAULT NULL,
  `countries` varchar(255) DEFAULT NULL,
  `days` varchar(20) DEFAULT NULL,
  `date_activation` varchar(20) DEFAULT NULL,
  `tariff_id` int(11) DEFAULT NULL,
  `type_sim_id` int(11) DEFAULT NULL,
  `equipment_id` int(11) DEFAULT NULL,
  PRIMARY KEY (`id`),
  KEY `order_id` (`order_id`),
  KEY `equipment_id` (`equipment_id`)
) ENGINE=InnoDB  DEFAULT CHARSET=utf8 AUTO_INCREMENT=27 ;

--
-- Dumping data for table `order_type_1`
--

INSERT INTO `order_type_1` (`id`, `order_id`, `countries`, `days`, `date_activation`, `tariff_id`, `type_sim_id`, `equipment_id`) VALUES
(1, 399, '2', '7', '18-07-2014', 3, 2, NULL),
(2, 400, '2', '7', '18-07-2014', 3, 1, NULL),
(3, 405, '4', '12', '18-07-2014', 3, 2, NULL),
(4, 406, '4', '12', '18-07-2014', 3, 2, NULL),
(5, 407, '142', '10', '22-07-2014', 1, 3, NULL),
(6, 408, '22', '14', '25-07-2014', 1, 1, NULL),
(7, 421, '36', '8', '14-08-2014', 2, 1, NULL),
(8, 429, '3', '36', '08-09-2014', 3, 1, 1),
(9, 430, '3', '36', '08-09-2014', 3, 1, 1),
(10, 433, '3', '14', '04-10-2014', 1, 1, NULL),
(11, 434, '4', '14', '04-10-2014', 2, 1, NULL),
(12, 435, '4', '14', '04-10-2014', 2, 1, NULL),
(13, 436, '2', '14', '04-10-2014', 2, 1, NULL),
(14, 437, '2', '14', '04-10-2014', 2, 1, NULL),
(15, 438, '2', '14', '04-10-2014', 2, 1, NULL),
(16, 439, '2', '14', '04-10-2014', 2, 1, NULL),
(17, 440, '5', '35', '05-10-2014', 2, 1, NULL),
(18, 441, '5', '35', '05-10-2014', 2, 1, NULL),
(19, 451, '2', '14', '06-10-2014', 2, 1, NULL),
(20, 452, '2', '14', '06-10-2014', 2, 1, NULL),
(21, 453, '2', '14', '06-10-2014', 2, 1, NULL),
(22, 454, '2', '14', '06-10-2014', 2, 1, NULL),
(23, 455, '2', '14', '06-10-2014', 2, 1, NULL),
(24, 782, '3', '14', '07-10-2014', 2, 1, NULL),
(25, 787, '2', '14', '18-10-2014', 1, 1, NULL),
(26, 788, '2', '14', '18-10-2014', 1, 1, 2);

-- --------------------------------------------------------

--
-- Table structure for table `order_type_2`
--

CREATE TABLE IF NOT EXISTS `order_type_2` (
  `id` int(11) NOT NULL AUTO_INCREMENT,
  `order_id` int(11) DEFAULT NULL,
  `countries` varchar(255) DEFAULT NULL,
  `tariff_sim_id` int(11) DEFAULT NULL,
  `equipment_id` int(11) DEFAULT NULL,
  `type_sim_id` int(11) DEFAULT NULL,
  `balans_id` int(11) DEFAULT NULL,
  `add_balans` double DEFAULT NULL,
  `bonus` int(11) DEFAULT NULL,
  PRIMARY KEY (`id`),
  KEY `order_id` (`order_id`)
) ENGINE=InnoDB  DEFAULT CHARSET=utf8 AUTO_INCREMENT=19 ;

--
-- Dumping data for table `order_type_2`
--

INSERT INTO `order_type_2` (`id`, `order_id`, `countries`, `tariff_sim_id`, `equipment_id`, `type_sim_id`, `balans_id`, `add_balans`, `bonus`) VALUES
(1, 47, 'Anguilla', 2, NULL, 1, 2, NULL, 12),
(2, 53, 'Albania', 2, NULL, 1, 2, NULL, 12),
(3, 127, 'Egypt', 2, NULL, 1, 2, NULL, 12),
(4, 133, 'Egypt', 2, NULL, 1, 1, 15, 4),
(5, 135, 'Albania', 3, NULL, 1, 2, NULL, 12),
(6, 176, 'USA', 2, NULL, 2, 1, NULL, 3),
(7, 197, 'USA', 2, NULL, 1, 1, NULL, 3),
(8, 412, 'Albania', 2, NULL, 1, 2, NULL, NULL),
(9, 459, '', 2, NULL, 1, 2, 20, NULL),
(10, 460, '', 2, NULL, 1, 2, 20, NULL),
(11, 460, NULL, 2, NULL, 3, 1, NULL, NULL),
(12, 461, '', 2, NULL, 1, 2, 20, NULL),
(13, 461, NULL, 2, NULL, 3, 1, NULL, NULL),
(14, 538, '', 2, NULL, 1, 1, NULL, NULL),
(15, 539, '', 2, NULL, 1, 1, NULL, NULL),
(16, 781, '', 2, NULL, 1, 1, NULL, NULL),
(17, 789, '', 2, NULL, 1, 1, NULL, NULL),
(18, 789, NULL, 2, NULL, 1, 1, 38, NULL);

-- --------------------------------------------------------

--
-- Table structure for table `order_type_3`
--

CREATE TABLE IF NOT EXISTS `order_type_3` (
  `id` int(11) NOT NULL AUTO_INCREMENT,
  `order_id` int(11) DEFAULT NULL,
  `number` varchar(30) DEFAULT NULL,
  PRIMARY KEY (`id`),
  KEY `order_id` (`order_id`)
) ENGINE=InnoDB  DEFAULT CHARSET=utf8 AUTO_INCREMENT=267 ;

--
-- Dumping data for table `order_type_3`
--

INSERT INTO `order_type_3` (`id`, `order_id`, `number`) VALUES
(1, 36, '+3712222222'),
(2, 37, '+3712222222'),
(3, 38, '+3712222222'),
(4, 39, '+3712222222'),
(5, 40, '+3712222222'),
(6, 41, '+3712222222'),
(7, 42, '+3712222222'),
(8, 43, '+3712222222'),
(9, 44, '+3725123456'),
(10, 45, '+3725454545'),
(11, 46, '+3712123456'),
(12, 50, '+3712'),
(13, 54, '+3712123456'),
(14, 55, '+3712333333'),
(15, 57, '+3712123456'),
(16, 58, '+3712123654'),
(17, 59, '+3712111111'),
(18, 60, '+3712100000'),
(19, 61, '+3712123456'),
(20, 62, '+3712111111'),
(21, 63, '+3712111111'),
(22, 64, '+3712111111'),
(23, 65, '+3712123456'),
(24, 66, '+3712123456'),
(25, 67, '+3712123456'),
(26, 68, '+3712123456'),
(27, 69, '+3712111111'),
(28, 70, '+3712100-40-40'),
(29, 71, '+37121232132'),
(30, 72, '+37121111111'),
(31, 73, '+37121004040'),
(32, 74, '+37121004040'),
(33, 75, '+37121004040'),
(34, 76, '+37121004040'),
(35, 77, '+37121004040'),
(36, 78, '+37121004040'),
(37, 79, '+37121004040'),
(38, 80, '+37121004040'),
(39, 81, '+37121004040'),
(40, 82, '+37121111111'),
(41, 83, '+37121111111'),
(42, 84, '+37121111111'),
(43, 85, '+37121111111'),
(44, 114, '+37121111111'),
(45, 120, '+37122403734'),
(46, 121, '+37122403734'),
(47, 122, '+37121111111'),
(48, 124, '+37121004040'),
(49, 125, '+37121004040'),
(50, 128, '+37121001832'),
(51, 129, '+37121001832'),
(52, 130, '+37121001832'),
(53, 131, '+37121401315'),
(54, 132, '+37121401315'),
(55, 134, '+37124647858'),
(56, 137, '+37125658875'),
(57, 138, '+37121001832'),
(58, 142, '+37121001832'),
(59, 143, '+37122000000'),
(60, 144, '+37121401291'),
(61, 145, '+37121401291'),
(62, 146, '+37127777777'),
(63, 147, '+37121111111'),
(64, 154, '+37121016016'),
(65, 155, '+37121016016'),
(66, 156, '+37121016016'),
(67, 157, '+37120000000'),
(68, 158, '+37120000000'),
(69, 159, '+37120000000'),
(70, 160, '+37120000000'),
(71, 161, '+37120000000'),
(72, 162, '+37121016016'),
(73, 163, '+37121016016'),
(74, 164, '+37121016016'),
(75, 177, '+37122222222'),
(76, 180, '+3712qJjgzQrMVCU'),
(77, 181, '+37123721534'),
(78, 182, '+3712UNqBLSjiTXktyGAISXf'),
(79, 183, '+3712JhWBLVFdkJNhZn'),
(80, 184, '+3712SxtTqZNdxwwJJ'),
(81, 185, '+37120000000'),
(82, 186, '+3712DyvDxDstVXXAvmxKo'),
(83, 187, '+37121015964'),
(84, 188, '+37121015964'),
(85, 189, '+37121015964'),
(86, 190, '+37121015964'),
(87, 191, '+37121015964'),
(88, 192, '+37121015964'),
(91, 195, '+37125311875'),
(92, 196, '+3712KuUcqUHnHarkpJyy'),
(93, 198, '+37120000000'),
(94, 199, '+37120000000'),
(95, 201, '+37126576765'),
(96, 206, '+37121111111'),
(97, 207, '+37121111111'),
(98, 208, '+37121111111'),
(99, 212, '+3712aLTJMKmiSvcluLcn'),
(100, 213, '+3712eQZScZmO'),
(101, 225, '+37126541344'),
(102, 226, '+37123456789'),
(103, 227, '+37123456789'),
(104, 232, '+37121001832'),
(105, 233, '+37121111111'),
(106, 234, '+37121001832'),
(107, 238, '+37121111111'),
(108, 239, '+37121111111'),
(109, 240, '+37121111111'),
(110, 245, '+37121015936'),
(111, 246, '+37121015936'),
(112, 247, '+37121015936'),
(113, 248, '+37121016066'),
(114, 249, '+37121016066'),
(115, 250, '+37128920844'),
(116, 251, '+37121015936'),
(117, 252, '+3712uCdQbgNzyKrKNMUQv'),
(118, 258, '1600615'),
(119, 401, '+37123432455'),
(120, 404, '+37123342299'),
(121, 409, '+37121015967'),
(122, 410, '+37121015966'),
(123, 411, '+37121111111'),
(124, 413, '+37121002201'),
(125, 414, '+37121002201'),
(126, 415, '+37121002201'),
(127, 416, '+37121401305'),
(128, 417, '+37121401305'),
(129, 418, '+37121401305'),
(130, 419, '+37121401305'),
(131, 420, '+37121401305'),
(132, 424, '+37121016093'),
(133, 425, '+37121010847'),
(134, 426, '+37121010847'),
(135, 427, '+37121010847'),
(136, 428, '+37121010847'),
(137, 431, '+37121016016'),
(138, 432, '+37121016016'),
(139, 463, '+37121232132'),
(140, 466, '+37121232132'),
(141, 470, '+37122222222'),
(142, 473, '+37128768768'),
(143, 477, '+37123243242'),
(144, 480, '+37123243242'),
(145, 482, '+37123249873'),
(146, 490, '+37123333333'),
(147, 495, '+37123333333'),
(148, 496, '+37123487428'),
(149, 499, '+37123487428'),
(150, 501, '+37128732482'),
(151, 507, '+37123249872'),
(152, 508, '+37123249872'),
(153, 511, '+37123249872'),
(154, 512, '+37122348724'),
(155, 513, '+37124983298'),
(156, 515, '+37122394872'),
(157, 522, '+37123333333'),
(158, 523, '+37123249847'),
(159, 525, '+37122348974'),
(160, 544, '+37122034832'),
(161, 548, '+37123490328'),
(162, 549, '+37123498748'),
(163, 551, '+37123249832'),
(164, 553, '+37123489732'),
(165, 560, '+37123249874'),
(166, 563, '+37123294873'),
(167, 567, '+37123427328'),
(168, 568, '+37123487398'),
(169, 569, '+37123473847'),
(170, 570, '+37123473847'),
(171, 571, '+37123243429'),
(172, 572, '+37128768876'),
(173, 573, '+37123498749'),
(174, 574, '+37123243342'),
(175, 575, '+37123849723'),
(176, 576, '+37124329487'),
(177, 577, '+37122348973'),
(178, 578, '+37128888888'),
(179, 588, '+37123489732'),
(180, 589, '+37123489732'),
(181, 590, '+37123489732'),
(182, 591, '+37129999999'),
(183, 592, '+37127876876'),
(184, 597, '+37123298734'),
(185, 603, '+37123298734'),
(186, 605, '+37123498735'),
(187, 606, '+37123498735'),
(188, 609, '+37123243243'),
(189, 612, '+37123243243'),
(190, 614, '+37123243243'),
(191, 616, '+37123243243'),
(192, 618, '+37123340958'),
(193, 619, '+37122384764'),
(194, 621, '+37122384764'),
(195, 624, '+37122384764'),
(196, 627, '+37122384764'),
(197, 629, '+37122384764'),
(198, 631, '+37122384764'),
(199, 632, '+37122384764'),
(200, 634, '+37122384764'),
(201, 636, '+37122384764'),
(202, 640, '+37122384764'),
(203, 641, '+37122384764'),
(204, 648, '+37123497893'),
(205, 654, '+37122347934'),
(206, 657, '123456789'),
(207, 660, '123456789'),
(208, 662, '123456789'),
(209, 665, '123456789'),
(210, 666, '123456789'),
(211, 667, '123456789'),
(212, 674, '123456789'),
(213, 676, '123456789'),
(214, 677, '123456789'),
(215, 679, '123456789'),
(216, 682, '123456789'),
(217, 683, '123456789'),
(218, 685, '123456789'),
(219, 687, '123456789'),
(220, 688, '123456789'),
(221, 690, '123456789'),
(222, 692, '123456789'),
(223, 694, '123456789'),
(224, 696, '123456789'),
(225, 698, '123456789'),
(226, 701, '123456789'),
(227, 702, '123456789'),
(228, 704, '123456789'),
(229, 706, '123456789'),
(230, 708, '123456789'),
(231, 710, '123456789'),
(232, 712, '123456789'),
(233, 714, '123456789'),
(234, 716, '123456789'),
(235, 718, '123456789'),
(236, 720, '123456789'),
(237, 722, '123456789'),
(238, 724, '123456789'),
(239, 726, '123456789'),
(240, 728, '123456789'),
(241, 730, '123456789'),
(242, 732, '123456789'),
(243, 734, '123456789'),
(244, 736, '123456789'),
(245, 738, '123456789'),
(246, 740, '123456789'),
(247, 742, '123456789'),
(248, 744, '123456789'),
(249, 746, '123456789'),
(250, 748, '123456789'),
(251, 750, '123456789'),
(252, 754, '123456789'),
(253, 756, '123456789'),
(254, 758, '123456789'),
(255, 760, '123456789'),
(256, 762, '123456789'),
(257, 764, '123456789'),
(258, 767, '123456789'),
(259, 769, '123456789'),
(260, 772, '123456789'),
(261, 773, '123456789'),
(262, 775, '123456789'),
(263, 777, '+37124594850'),
(264, 780, '+37124594850'),
(265, 784, '+37123509435'),
(266, 790, '+37123498732');

-- --------------------------------------------------------

--
-- Table structure for table `order_type_4`
--

CREATE TABLE IF NOT EXISTS `order_type_4` (
  `id` int(11) NOT NULL AUTO_INCREMENT,
  `order_id` int(11) DEFAULT NULL,
  `tariff_id` int(11) DEFAULT NULL,
  `quantity` int(11) DEFAULT NULL,
  PRIMARY KEY (`id`),
  KEY `order_id` (`order_id`),
  KEY `order_id_2` (`order_id`)
) ENGINE=InnoDB  DEFAULT CHARSET=utf8 AUTO_INCREMENT=24 ;

--
-- Dumping data for table `order_type_4`
--

INSERT INTO `order_type_4` (`id`, `order_id`, `tariff_id`, `quantity`) VALUES
(1, 148, 3, 9),
(2, 149, 2, 1),
(3, 150, 1, 1),
(4, 151, 1, 1),
(5, 152, 1, 3),
(6, 179, 3, 1),
(7, 202, 3, 1),
(8, 203, 3, 1),
(9, 204, 3, 1),
(10, 205, 1, 1),
(11, 218, 3, 1),
(12, 219, 3, 1),
(13, 220, 1, 1),
(14, 221, 1, 1),
(15, 222, 1, 1),
(16, 223, 1, 1),
(17, 224, 1, 1),
(18, 228, 3, 1),
(19, 241, 1, 1),
(20, 257, 1, 2),
(21, 403, 3, 1),
(22, 422, 1, 1),
(23, 423, 1, 1);

-- --------------------------------------------------------

--
-- Table structure for table `order_type_5`
--

CREATE TABLE IF NOT EXISTS `order_type_5` (
  `id` int(11) NOT NULL AUTO_INCREMENT,
  `order_id` int(11) DEFAULT NULL,
  `iccid` varchar(20) DEFAULT NULL,
  `tariff_id` int(11) DEFAULT NULL,
  PRIMARY KEY (`id`),
  KEY `order_id` (`order_id`)
) ENGINE=InnoDB  DEFAULT CHARSET=utf8 AUTO_INCREMENT=180 ;

--
-- Dumping data for table `order_type_5`
--

INSERT INTO `order_type_5` (`id`, `order_id`, `iccid`, `tariff_id`) VALUES
(1, 398, '123123132', 4),
(2, 402, '394857345535355', 6),
(3, 464, '232398327432983883', 4),
(4, 465, '99999999999999999', 4),
(5, 467, '99999999999999999', 4),
(6, 468, '99999999999999999', 4),
(7, 469, '333333333333333333', 1),
(8, 472, '3489473289473289734', 1),
(9, 474, '3489473289473289734', 1),
(10, 475, '2398473498324789234', 1),
(11, 476, '2398473498324789234', 1),
(12, 483, '348972984732897438', 1),
(13, 484, '34987895723453', 1),
(14, 485, '34987895723453', 1),
(15, 489, '33838383383333333', 3),
(16, 494, '23497498324729847938', 1),
(17, 497, 'uo534i5uio34u5o', 1),
(18, 498, '999999999999999999', 1),
(19, 500, '23i432423423424443', 1),
(20, 506, '34987349834789573489', 1),
(21, 509, '39487324897329', 1),
(22, 510, '39487324897329', 1),
(23, 514, '324983209480342983', 1),
(24, 516, '32497489327842938', 1),
(25, 517, '23427349824793428', 1),
(26, 518, '3493279834798324749', 2),
(27, 519, '3493279834798324749', 2),
(28, 520, '3493279834798324749', 2),
(29, 521, '3874834863746837', 1),
(30, 524, '383883383838383838', 1),
(31, 526, '3242342434234223', 1),
(32, 527, 'w3423298479234', 1),
(33, 528, '676767676676767', 1),
(34, 529, '676767676676767', 1),
(35, 530, '676767676676767', 1),
(36, 531, '89798734589798', 1),
(37, 532, '34987957348953', 1),
(38, 533, '34987957348953', 1),
(39, 534, '34987957348953', 1),
(40, 535, '34987957348953', 1),
(41, 536, '34987957348953', 1),
(42, 537, '34987957348953', 1),
(43, 540, '239487342987', 2),
(44, 541, '239487342987', 2),
(45, 542, '239487342987', 2),
(46, 543, '32489327897358952352', 1),
(47, 545, '32489327897358952352', 1),
(48, 546, '32984789473289473289', 1),
(49, 547, '2349873498427893427', 1),
(50, 550, '333333333333', 1),
(51, 552, '3489834294237894237', 1),
(52, 554, '222222222222', 1),
(53, 555, '323234242232', 1),
(54, 556, '49327983278934278', 1),
(55, 557, '8888888888888', 1),
(56, 558, '23497984728934342879', 1),
(57, 561, '348378437844334', 1),
(58, 562, '3249832094784329', 1),
(59, 564, '3249832094784329', 1),
(60, 565, '3489732984734289', 1),
(61, 566, '324u3434242432', 1),
(62, 579, '3429873489734298', 1),
(63, 580, '3429873489734298', 1),
(64, 581, '34958734895789', 1),
(65, 582, '34958734895789', 1),
(66, 583, '34958734895789', 1),
(67, 584, '777777777777', 1),
(68, 585, '3490809342824039', 1),
(69, 586, '3490809342824039', 1),
(70, 587, '3490809342824039', 1),
(71, 593, '87687687687687', 1),
(72, 594, '34433355353', 1),
(73, 595, '498327439834279842', 1),
(74, 596, '34093483209483209', 1),
(75, 598, '34093483209483209', 1),
(76, 599, '34093483209483209', 1),
(77, 600, '34093483209483209', 1),
(78, 601, '34093483209483209', 1),
(79, 602, '34093483209483209', 1),
(80, 604, '34093483209483209', 1),
(81, 607, '3487328944732984', 1),
(82, 608, '3487328944732984', 1),
(83, 610, '324o3424324242', 1),
(84, 611, '324o3424324242', 1),
(85, 613, '324o3424324242', 1),
(86, 615, '324o3424324242', 1),
(87, 617, '3249327928473248943', 1),
(88, 620, '324324324342', 1),
(89, 622, '324324324342', 1),
(90, 623, '324324324342', 1),
(91, 625, '324324324342', 1),
(92, 626, '324324324342', 1),
(93, 628, '324324324342', 1),
(94, 630, '324324324342', 1),
(95, 633, '324324324342', 1),
(96, 635, '324324324342', 1),
(97, 637, '324324324342', 1),
(98, 638, '324324324342', 1),
(99, 639, '324324324342', 1),
(100, 642, '4732948732489327', 1),
(101, 643, '4732948732489327', 1),
(102, 644, '4732948732489327', 1),
(103, 645, '4732948732489327', 1),
(104, 646, '4732948732489327', 1),
(105, 647, '324973289743298342', 1),
(106, 649, '87687687687687', 1),
(107, 650, '87687687687687', 1),
(108, 651, '87687687687687', 1),
(109, 652, '87687687687687', 1),
(110, 653, '7779789787687687', 1),
(111, 655, '12345678', 1),
(112, 656, '12345678', 1),
(113, 658, '12345678', 1),
(114, 659, '12345678', 1),
(115, 661, '12345678', 1),
(116, 663, '12345678', 1),
(117, 664, '12345678', 1),
(118, 668, '12345678', 1),
(119, 669, '12345678', 1),
(120, 670, '12345678', 1),
(121, 671, '12345678', 1),
(122, 672, '12345678', 1),
(123, 673, '12345678', 1),
(124, 675, '12345678', 1),
(125, 678, '12345678', 1),
(126, 680, '12345678', 1),
(127, 681, '12345678', 1),
(128, 684, '12345678', 1),
(129, 686, '12345678', 1),
(130, 689, '12345678', 1),
(131, 691, '12345678', 1),
(132, 693, '12345678', 1),
(133, 695, '12345678', 1),
(134, 697, '12345678', 1),
(135, 699, '12345678', 1),
(136, 700, '12345678', 1),
(137, 703, '12345678', 1),
(138, 705, '12345678', 1),
(139, 707, '12345678', 1),
(140, 709, '12345678', 1),
(141, 711, '12345678', 1),
(142, 713, '12345678', 1),
(143, 715, '12345678', 1),
(144, 717, '12345678', 1),
(145, 719, '12345678', 1),
(146, 721, '12345678', 1),
(147, 723, '12345678', 1),
(148, 725, '12345678', 1),
(149, 727, '12345678', 1),
(150, 729, '12345678', 1),
(151, 731, '12345678', 1),
(152, 733, '12345678', 1),
(153, 735, '12345678', 1),
(154, 737, '12345678', 1),
(155, 739, '12345678', 1),
(156, 741, '12345678', 1),
(157, 743, '12345678', 1),
(158, 745, '12345678', 1),
(159, 747, '12345678', 1),
(160, 749, '12345678', 1),
(161, 751, '12345678', 1),
(162, 755, '12345678', 1),
(163, 757, '12345678', 1),
(164, 759, '12345678', 1),
(165, 761, '12345678', 1),
(166, 763, '12345678', 1),
(167, 765, '12345678', 1),
(168, 766, '12345678', 1),
(169, 768, '12345678', 1),
(170, 770, '12345678', 1),
(171, 771, '12345678', 1),
(172, 774, '12345678', 1),
(173, 776, '12345678', 1),
(174, 778, '57934857349857348957', 1),
(175, 779, '57934857349857348957', 1),
(176, 783, '345098509580909', 1),
(177, 785, '345098509580909', 1),
(178, 786, '345098509580909', 1),
(179, 791, '7897897897897897', 3);

-- --------------------------------------------------------

--
-- Table structure for table `payment_system`
--

CREATE TABLE IF NOT EXISTS `payment_system` (
  `id` int(11) NOT NULL AUTO_INCREMENT,
  `name` varchar(255) NOT NULL,
  `img` varchar(255) NOT NULL,
  `settings` text NOT NULL,
  PRIMARY KEY (`id`)
) ENGINE=InnoDB  DEFAULT CHARSET=utf8 AUTO_INCREMENT=6 ;

--
-- Dumping data for table `payment_system`
--

INSERT INTO `payment_system` (`id`, `name`, `img`, `settings`) VALUES
(1, 'robokassa', '/images/payments/logo-robokassa.png', '{production:{action: ''https://merchant.roboxchange.com/Index.aspx'', mrh_login:'''',mrh_pass1: '''', mrh_pass2:''''}, development:{action:''http://test.robokassa.ru/Index.aspx'',mrh_login:''lab.easytravel.me'',mrh_pass1:''a123456'', mrh_pass2: ''a654321''}}'),
(2, 'liqpay', '/images/payments/logo-liqpay.png', '{production:{public_key:'''', private_key:'''',sandbox:0},development:{public_key:'''', private_key:'''',sandbox:1}}'),
(3, 'paypal', '/images/payments/logo-paypal.png', '{production:{action:''https://www.paypal.com/cgi-bin/webscr'', business:''''},development:{action:''https://www.sandbox.paypal.com/cgi-bin/webscr'', business:''YALXWSK86PHKN''}}'),
(4, 'yandexmoney', '/images/payments/logo-yandexmoney.png', '{production:{app_client_id:'''',app_redirect_uri:'''',wallet_store:'''',uri_api:''https://money.yandex.ru/api'',uri_auth:''https://sp-money.yandex.ru/oauth/authorize'',uri_token:''https://sp-money.yandex.ru/oauth/token''},development:{app_client_id:''6ED2E7D37537D851AB1120A3F2F5A1CE4934DA96E8D1336CA9F8E6AF29B29DCA'',app_redirect_uri:''http://test.easytravel.me/paymentnotification/4'',wallet_store:''4100322597083'',uri_api:''https://demomoney.yandex.ru/api'',uri_auth:''https://sp.demomoney.yandex.ru/oauth/authorize'',uri_token:''https://sp.demomoney.yandex.ru/oauth/token''}}'),
(5, 'platezhka', '/images/payments/logo-platezhka.png', '{}');

-- --------------------------------------------------------

--
-- Table structure for table `profiles`
--

CREATE TABLE IF NOT EXISTS `profiles` (
  `user_id` int(11) NOT NULL AUTO_INCREMENT,
  `name` varchar(50) NOT NULL DEFAULT '',
  `firstname` varchar(50) NOT NULL DEFAULT '',
  PRIMARY KEY (`user_id`)
) ENGINE=InnoDB  DEFAULT CHARSET=utf8 AUTO_INCREMENT=326 ;

--
-- Dumping data for table `profiles`
--

INSERT INTO `profiles` (`user_id`, `name`, `firstname`) VALUES
(1, 'Admin', 'Administrator'),
(2, 'Demo', 'Demo'),
(3, 'andrew', 'andre'),
(12, 'Zay', 'Alex'),
(13, 'andrew', 'andrew'),
(14, 'andrew', 'andrew'),
(15, '111', '111'),
(16, 'Koylo', 'Alex'),
(17, 'Оксана', 'Курочка'),
(18, 'Оксана', 'Курочка'),
(19, 'Даровская', 'Наталия'),
(20, 'downisso', 'downisso'),
(21, 'downsososo', 'downsososo'),
(22, 'aristokratea', 'aristokratea'),
(23, 'vuhdep', 'vladislov1996'),
(24, 'Plyasunov', 'Dmitry'),
(26, 'Andrew', 'Andrew'),
(27, 'дмитрий', 'дмитрий'),
(28, 'Азаренкова', 'Наталья'),
(29, 'Azarenkova', 'Natalya'),
(30, 'Doorpoxia', 'Doorpoxia'),
(31, 'Karvellentvag', 'Karvellentvag'),
(32, 'Annnuirr', 'Annnuirr'),
(33, 'Nealsemadoham', 'Nealsemadoham'),
(34, 'enfomsSeemege', 'enfomsSeemege'),
(35, 'Astessmelert', 'Astessmelert'),
(36, 'Step', 'Nik'),
(37, 'Grigorev', 'Sergey'),
(38, 'Пляцидевский', 'Святослав'),
(39, 'Phillipbows', 'Phillipbows'),
(40, 'Pavel', 'Polyakov'),
(41, 'Gai', 'Andrew'),
(42, 'AchaelPi', 'AchaelPi'),
(43, 'nesterdron', 'nesterdron'),
(44, 'AWat', 'AWat'),
(45, 'Оксана', 'малуша'),
(46, 'соколов', 'олег'),
(47, 'NorilKi', 'NorilKi'),
(48, 'WilliamWak', 'WilliamWak'),
(49, 'Иванов', 'Пётр'),
(50, 'иванович', 'Иван'),
(51, 'Иванов', 'Иван'),
(52, 'asg', 'dfh'),
(53, 'webclipiconsfor', 'webclipiconsfor'),
(54, 'vjfgj', 'hghd'),
(55, 'nasaearthsat', 'nasaearthsat'),
(56, 'test', 'hbndf'),
(57, 'dfv', 'dfv'),
(58, 'ghn', 'thn'),
(59, 'sffsg', 'sdf'),
(60, 'wer', 'qwrftg'),
(61, 'sdfgsd', 'dhdsfhg'),
(62, 'Пупкин', 'Вася'),
(63, 'Belsky', 'Leonid'),
(64, 'WEGw', 'gasg'),
(65, 'Ивано', 'Иванов'),
(66, 'Иванович', 'Иван'),
(67, 'Иванов', 'Вася'),
(68, 'Greenniie', 'Greenniie'),
(69, 'Nik', 'Boris'),
(70, 'Гармаш', 'Олег'),
(71, 'Harolder', 'Harolder'),
(72, 'http://links.site50.net', 'http://links.site50.net'),
(73, 'Tanyakaw', 'Tanyakaw'),
(74, 'AlicjaaOl', 'AlicjaaOl'),
(75, 'TereniacolA', 'TereniacolA'),
(76, 'proxyMig', 'proxyMig'),
(77, 'TrustKar', 'TrustKar'),
(78, 'proxydomfree', 'proxydomfree'),
(79, 'DouglasKids', 'DouglasKids'),
(80, 'dooooo', 'doooo'),
(81, 'GustavoSeed', 'GustavoSeed'),
(82, 'SeepUnomoge', 'SeepUnomoge'),
(83, 'Antoniahepe', 'Antoniahepe'),
(84, 'Puminov', 'Andrey'),
(85, 'WillianEa', 'WillianEa'),
(86, 'AliSode', 'AliSode'),
(87, 'Calvinsl', 'Calvinsl'),
(88, 'AbertDit', 'AbertDit'),
(89, 'Stern', 'Alex'),
(90, 'AiamBot', 'AiamBot'),
(91, 'Alliamhib', 'Alliamhib'),
(92, 'Marat', 'Abykayev'),
(93, 'Marat', 'Abykayev'),
(94, 'Robertosbom', 'Robertosbom'),
(95, 'Albertcit', 'Albertcit'),
(96, 'Aksenov', 'Sergey'),
(97, 'BRYANSKIY', 'IGOR'),
(98, 'BRYANSKIY', 'IGOR'),
(99, 'AremyGab', 'AremyGab'),
(100, 'Anukadow', 'Anukadow'),
(101, 'Makukhina', 'Olga'),
(102, 'Robertsa', 'Robertsa'),
(103, 'Natalia', 'Sokolova'),
(104, 'Robertrat', 'Robertrat'),
(105, 'Archiema', 'Archiema'),
(106, 'Sam', 'Sam'),
(107, 'Charlieea', 'Charlieea'),
(108, 'Marinahlebnkr', 'Marinahlebnkr'),
(109, 'Stephenbob', 'Stephenbob'),
(110, 'Achaelmib', 'Achaelmib'),
(111, 'Khvan', 'Raisa'),
(112, 'Motornyy', 'Oleksandr'),
(113, 'Ginnagem', 'Ginnagem'),
(114, 'Samokhvalov', 'Vadim'),
(115, 'Claytondox', 'Claytondox'),
(116, 'Иванов', 'Иван'),
(117, 'Haroldfuct', 'Haroldfuct'),
(118, 'RafaelOt', 'RafaelOt'),
(119, 'Foziliva', 'Zarrina'),
(120, 'Kurochkin', 'Denis'),
(121, 'Gubareva', 'Mariia'),
(122, 'Gubareva', 'Mariia'),
(123, 'akhmerov', 'mirat'),
(124, 'Fatnev', 'Dmitry'),
(125, 'rowanrowansor', 'rowanrowansor'),
(126, 'AnomaSi', 'AnomaSi'),
(127, 'surewotajef', 'surewotajef'),
(128, 'Щербаков', 'Николай'),
(129, 'laternimagessor', 'laternimagessor'),
(130, 'mpwmlxgb554', 'mpwmlxgb554'),
(131, 'kurtenkurtensor', 'kurtenkurtensor'),
(132, 'bousebousesor', 'bousebousesor'),
(133, 'кошельки 1prikid', 'кошельки 1prikid'),
(134, 'uyzdbgfi149', 'uyzdbgfi149'),
(135, 'Чикалов', 'Александр'),
(136, 'mokomokosor', 'mokomokosor'),
(137, 'Anthonymt', 'Anthonymt'),
(138, 'sfff', 'sfff'),
(139, 'Zhdanova', 'Elena'),
(140, 'Вьюжка', 'Машка'),
(141, 'RussellJer', 'RussellJer'),
(142, 'Vishnevskaya', 'Alla'),
(143, 'Ясевич', 'Алексей'),
(144, 'RobertPeaw', 'RobertPeaw'),
(145, 'Richardsa', 'Richardsa'),
(146, 'soannabimi', 'soannabimi'),
(147, 'soannabimi', 'soannabimi'),
(148, 'RichardMt', 'RichardMt'),
(149, 'Pityblully', 'Pityblully'),
(150, 'soannabimi', 'soannabimi'),
(151, 'Joshurcab', 'Joshurcab'),
(152, 'soannabimi', 'soannabimi'),
(153, 'DustinPic', 'DustinPic'),
(154, 'soannabimi', 'soannabimi'),
(155, 'soannabimi', 'soannabimi'),
(156, 'продажа.земснаряда.циндао', 'продажа.земснаряда.циндао'),
(157, 'edgartownsor', 'edgartownsor'),
(158, 'booookki', 'booookki'),
(159, 'soannabimi', 'soannabimi'),
(160, 'Шестопаловы', 'Юрий и Юлия'),
(161, 'lttlttlttlttsor', 'lttlttlttlttsor'),
(162, 'bellvuebellvuesor', 'bellvuebellvuesor'),
(163, 'vladvladsor', 'vladvladsor'),
(164, 'Heinersor', 'Heinersor'),
(165, 'coronacoronasor', 'coronacoronasor'),
(166, 'Unknown', 'Unknown'),
(167, 'Todopooth', 'Todopooth'),
(168, 'Gipappogma', 'Gipappogma'),
(169, 'bookso', 'bookso'),
(170, 'parcoalparcoalsor', 'parcoalparcoalsor'),
(171, 'rwdesigner', 'rwdesigner'),
(172, 'przepraszamsor', 'przepraszamsor'),
(173, 'AlixFrulk', 'AlixFrulk'),
(174, 'rlsdays', 'rlsdays'),
(175, 'соколова', 'юлия'),
(176, 'AustinDulk', 'AustinDulk'),
(177, 'Todopooth', 'Todopooth'),
(178, 'GenryOr', 'GenryOr'),
(179, 'DyPelerolar', 'DyPelerolar'),
(180, 'slmthrxtge', 'slmthrxtge'),
(181, 'Gipappogma', 'Gipappogma'),
(182, 'Ordidakix', 'Ordidakix'),
(183, 'bdyxmgeyq', 'bdyxmgeyq'),
(184, 'AlegatorMt', 'AlegatorMt'),
(185, 'WalterNub', 'WalterNub'),
(186, 'Tatuiko', 'Igor'),
(187, 'spungunse', 'spungunse'),
(188, 'dugjavsmpl', 'dugjavsmpl'),
(189, 'Дроздов', 'Александр'),
(190, 'emaniWhemn', 'emaniWhemn'),
(191, 'Waltermak', 'Waltermak'),
(192, 'alynjhdexq', 'alynjhdexq'),
(193, 'llzmyixxxm', 'llzmyixxxm'),
(194, 'lisimthmtbd', 'lisimthmtbd'),
(195, 'Soydayunono', 'Soydayunono'),
(196, 'emaniWhemn', 'emaniWhemn'),
(197, 'emaniWhemn', 'emaniWhemn'),
(198, 'ElapSing', 'ElapSing'),
(199, 'ypktvveqgu', 'ypktvveqgu'),
(200, 'Wriweerurf', 'Wriweerurf'),
(201, 'Музыченко', 'Александр'),
(202, 'cmwbhfsjwt', 'cmwbhfsjwt'),
(203, 'Soydayunono', 'Soydayunono'),
(204, 'PromokodRussia', 'PromokodRussia'),
(205, 'Senetdbssqg', 'Senetdbssqg'),
(206, 'Татьяна', 'Силаева'),
(207, 'JavierPl', 'JavierPl'),
(208, 'Koval', 'Anhelina'),
(209, 'nnmnyutbzy', 'nnmnyutbzy'),
(210, 'AgorexellA', 'AgorexellA'),
(211, 'arbidsisorse', 'arbidsisorse'),
(212, 'Incutsnen', 'Incutsnen'),
(213, 'Ilinskiy', 'Victor'),
(214, 'hlmcifoivl', 'hlmcifoivl'),
(215, 'tatooimagescom', 'tatooimagescom'),
(216, 'BamiilS', 'BamiilS'),
(217, 'AgorexellA', 'AgorexellA'),
(218, 'agisphainia', 'agisphainia'),
(219, 'agisphainia', 'agisphainia'),
(220, 'wxsrlmbtwp', 'wxsrlmbtwp'),
(221, 'trentonymn', 'trentonymn'),
(222, 'mowlProt', 'mowlProt'),
(223, 'pomFoorn', 'pomFoorn'),
(224, 'EdmondCall', 'EdmondCall'),
(225, 'arhgygrkkm', 'arhgygrkkm'),
(226, 'Сложный', 'Артур'),
(227, 'albina', 'akhmetova'),
(228, 'Alexeykak', 'Alexeykak'),
(229, 'CssjackKase', 'CssjackKase'),
(230, 'Filip.Ki', 'Filip.Ki'),
(231, 'rsrigalpwr', 'rsrigalpwr'),
(232, 'CharlesKa', 'CharlesKa'),
(233, 'Marufidi', 'Khristofor'),
(234, 'eldetlecild', 'eldetlecild'),
(235, 'MaritaSarf', 'MaritaSarf'),
(236, 'glineance', 'glineance'),
(237, 'npsfrxmtba', 'npsfrxmtba'),
(238, 'upiuljttpd', 'upiuljttpd'),
(239, 'Krasnov', 'Pavel'),
(240, 'Krasnov', 'Pavel'),
(241, 'Loginov', 'Sergey'),
(242, 'EdmondCall', 'EdmondCall'),
(243, 'Thomasol', 'Thomasol'),
(244, 'xfrcljlwbl', 'xfrcljlwbl'),
(245, 'zseioqpsvh', 'zseioqpsvh'),
(246, 'gwpetsnyua', 'gwpetsnyua'),
(247, 'Гулиев', 'Руслан'),
(248, 'Гулиев', 'Руслан'),
(249, 'webiconspngwsor', 'webiconspngwsor'),
(250, 'Arthursola', 'Arthursola'),
(251, 'Pchelinova', 'Nataliya'),
(252, 'Denis', 'Denis'),
(253, 'Thomaspl', 'Thomaspl'),
(254, 'Афанасьев', 'Алексей'),
(255, 'Afanasev', 'Aleksei'),
(256, 'aleksey', 'stoylov'),
(257, 'StoyFali', 'StoyFali'),
(258, 'uwbuvjaoyd', 'uwbuvjaoyd'),
(259, 'DimaSokol', 'DimaSokol'),
(260, 'Thomaspl', 'Thomaspl'),
(261, 'carpinteyromio\n', 'carpinteyromio\n'),
(262, 'Shavrina', 'Yulia'),
(263, 'arawilbers', 'arawilbers'),
(264, 'AlfredoRago', 'AlfredoRago'),
(265, 'WilburPa', 'WilburPa'),
(266, 'askaregtsa', 'askaregtsa'),
(267, 'Ermilov', 'Sergei'),
(268, 'astankillar', 'astankillar'),
(269, 'Aholohdiai', 'Aholohdiai'),
(270, 'Andrey', 'Komarov'),
(271, 'axerlalexx', 'axerlalexx'),
(272, 'Aenecoyna', 'Aenecoyna'),
(273, 'KulaCLES', 'KulaCLES'),
(274, 'Bezborodova', 'Elena'),
(275, 'ZAGORSKAYA', 'YANA'),
(276, 'KennethRat', 'KennethRat'),
(277, 'ahlangetlo', 'ahlangetlo'),
(278, 'Engammona', 'Engammona'),
(279, 'Shuster', 'Dmitry'),
(280, 'Williamarenuetry', 'Williamarenuetry'),
(281, 'alduanskorp', 'alduanskorp'),
(282, 'Aelesander', 'Aelesander'),
(283, 'DonaldRape', 'DonaldRape'),
(284, 'AllaMow', 'AllaMow'),
(285, 'abramyan', 'oleg'),
(286, 'abramyan', 'oleg'),
(287, 'Katkov', 'Eugene'),
(288, 'AlexFoes', 'AlexFoes'),
(289, 'tour', 'neo'),
(290, 'ataktbitsz', 'ataktbitsz'),
(291, 'andrew', 'andrew'),
(292, 'Abou-Tarbouch', 'Haidar'),
(293, 'Заикина', 'Наталья'),
(294, 'Заикина', 'Наталья'),
(295, 'andrew', 'andrew'),
(296, 'afarcyman', 'afarcyman'),
(297, 'andrew', 'andrew'),
(298, 'Натали', 'Натали'),
(299, 'tjdamtlmt', 'tjdamtlmt'),
(300, 'bengalcatimage', 'bengalcatimage'),
(301, 'imageswickford', 'imageswickford'),
(302, 'corrycorrysor', 'corrycorrysor'),
(303, 'Kozel', 'Alexander'),
(304, 'ABRAMYAN', 'IRINA'),
(305, 'Stephenmr', 'Stephenmr'),
(306, 'RockHAUT', 'RockHAUT'),
(307, 'Jatenania', 'Jatenania'),
(308, 'Ирина', 'Чумаченко'),
(309, 'MabeGuew', 'MabeGuew'),
(310, 'Yurasova', 'Irina'),
(311, 'Артем', 'Никин'),
(312, 'EdwardOn', 'EdwardOn'),
(313, 'Lisogor', 'Tatiana'),
(314, 'Fluorrire', 'Fluorrire'),
(315, 'Harlanpl', 'Harlanpl'),
(316, 'jtbsjktdir', 'jtbsjktdir'),
(317, 'StanleyBowl', 'StanleyBowl'),
(318, 'InnaRic', 'InnaRic'),
(319, 'Ferdinandpl', 'Ferdinandpl'),
(320, 'bokstaversor', 'bokstaversor'),
(321, 'AcuradurL', 'AcuradurL'),
(322, 'Ibragimova', 'Elina'),
(323, 'fzhxuleuzg', 'fzhxuleuzg'),
(324, 'Manuelmype', 'Manuelmype'),
(325, 'VladikTada', 'VladikTada');

-- --------------------------------------------------------

--
-- Table structure for table `profiles_fields`
--

CREATE TABLE IF NOT EXISTS `profiles_fields` (
  `id` int(10) NOT NULL AUTO_INCREMENT,
  `varname` varchar(50) NOT NULL,
  `title` varchar(255) NOT NULL,
  `field_type` varchar(50) NOT NULL,
  `field_size` varchar(15) NOT NULL DEFAULT '0',
  `field_size_min` varchar(15) NOT NULL DEFAULT '0',
  `required` int(1) NOT NULL DEFAULT '0',
  `match` varchar(255) NOT NULL DEFAULT '',
  `range` varchar(255) NOT NULL DEFAULT '',
  `error_message` varchar(255) NOT NULL DEFAULT '',
  `other_validator` varchar(5000) NOT NULL DEFAULT '',
  `default` varchar(255) NOT NULL DEFAULT '',
  `widget` varchar(255) NOT NULL DEFAULT '',
  `widgetparams` varchar(5000) NOT NULL DEFAULT '',
  `position` int(3) NOT NULL DEFAULT '0',
  `visible` int(1) NOT NULL DEFAULT '0',
  PRIMARY KEY (`id`),
  KEY `varname` (`varname`,`widget`,`visible`)
) ENGINE=InnoDB  DEFAULT CHARSET=utf8 AUTO_INCREMENT=2 ;

--
-- Dumping data for table `profiles_fields`
--

INSERT INTO `profiles_fields` (`id`, `varname`, `title`, `field_type`, `field_size`, `field_size_min`, `required`, `match`, `range`, `error_message`, `other_validator`, `default`, `widget`, `widgetparams`, `position`, `visible`) VALUES
(1, 'name', 'Name', 'VARCHAR', '255', '3', 1, '', '', 'Incorrect Last Name (length between 3 and 50 characters).', '', '', '', '', 1, 3);

-- --------------------------------------------------------

--
-- Table structure for table `Rights`
--

CREATE TABLE IF NOT EXISTS `Rights` (
  `itemname` varchar(64) CHARACTER SET utf8 NOT NULL,
  `type` int(11) NOT NULL,
  `weight` int(11) NOT NULL,
  PRIMARY KEY (`itemname`)
) ENGINE=MyISAM DEFAULT CHARSET=latin1;

-- --------------------------------------------------------

--
-- Table structure for table `tariffs`
--

CREATE TABLE IF NOT EXISTS `tariffs` (
  `id` int(11) NOT NULL AUTO_INCREMENT,
  `parent_tariff_id` int(11) DEFAULT NULL,
  `tariff_id` int(11) NOT NULL,
  `order_type_id` int(11) NOT NULL,
  `name` varchar(255) CHARACTER SET utf8 NOT NULL,
  `settings` text CHARACTER SET utf8,
  PRIMARY KEY (`id`)
) ENGINE=InnoDB  DEFAULT CHARSET=latin1 AUTO_INCREMENT=7 ;

--
-- Dumping data for table `tariffs`
--

INSERT INTO `tariffs` (`id`, `parent_tariff_id`, `tariff_id`, `order_type_id`, `name`, `settings`) VALUES
(1, NULL, 1, 1, '50 Мб/сутки', '{"display_name":"TARIFF_1_NAME","groups":[1,2,3], "quantity_mb":50}'),
(2, NULL, 2, 1, '100 Мб/сутки', '{"display_name":"TARIFF_2_NAME","groups":[1,2,3,4,5], "quantity_mb":100}'),
(3, NULL, 3, 1, '500 Мб/сутки', '{"display_name":"TARIFF_3_NAME","groups":[1,2,3,4,5], "quantity_mb":500}'),
(5, NULL, 5, 1, 'Gb2Go EU', '{"display_name":"TARIFF_5_6_NAME","type":"gb2go","groups":[2,4], "quantity_mb":1024, "cost":95}'),
(6, NULL, 6, 1, 'Gb2Go EU+AM', '{"display_name":"TARIFF_5_6_NAME","type":"gb2go","groups":[1,2,4], "quantity_mb":1024, "cost":145}');

-- --------------------------------------------------------

--
-- Table structure for table `tariffs_371`
--

CREATE TABLE IF NOT EXISTS `tariffs_371` (
  `id` int(11) NOT NULL AUTO_INCREMENT,
  `country` varchar(255) NOT NULL,
  `country_ru` varchar(255) DEFAULT NULL,
  `cost_call_in` double NOT NULL,
  `cost_call_out` double NOT NULL,
  `cost_sms_out` double NOT NULL,
  PRIMARY KEY (`id`)
) ENGINE=InnoDB  DEFAULT CHARSET=utf8 AUTO_INCREMENT=175 ;

--
-- Dumping data for table `tariffs_371`
--

INSERT INTO `tariffs_371` (`id`, `country`, `country_ru`, `cost_call_in`, `cost_call_out`, `cost_sms_out`) VALUES
(1, 'Afghanistan', 'Афганистан', 1.15, 1.65, 0.78),
(2, 'Albania', 'Албания', 0, 0.65, 0.65),
(3, 'Algeria', 'Алжир', 0, 0.6, 0.78),
(4, 'Andorra', 'Андорра', 0, 0.69, 0.91),
(5, 'Angola', 'Ангола', 0, 0.59, 0.46),
(6, 'Anguilla', 'Ангилья', 0, 0.75, 0.65),
(7, 'Antigua and Barbuda', 'Антигуа и Барбуда', 0, 0.85, 0.65),
(8, 'Argentina', 'Аргентина', 0, 0.79, 0.65),
(9, 'Armenia', 'Армения', 0, 0.59, 0.46),
(10, 'Aruba', 'Аруба', 0, 0.65, 0.6),
(11, 'Australia', 'Австралия', 0, 0.48, 0.6),
(12, 'Austria', 'Австрия', 0, 0.39, 0.4),
(13, 'Azerbaijan', 'Азербайджан', 0, 0.55, 0.4),
(14, 'Bahrain', 'Бахрейн', 0, 0.52, 0.78),
(15, 'Bangladesh', 'Бангладеш', 1.05, 1.4, 0.46),
(16, 'Barbados', 'Барбадос', 0, 0.7, 0.59),
(17, 'Belarus', 'Беларусь', 0, 0.75, 0.46),
(18, 'Belgium', 'Бельгия', 0, 0.45, 0.4),
(19, 'Bermuda', 'Бермудские острова', 0, 0.7, 0.59),
(20, 'Bolivia', 'Боливия', 1.65, 2.15, 0.65),
(21, 'Bosnia & Herzegovina', 'Босния и Герцеговина', 0, 0.69, 0.46),
(22, 'Brazil', 'Бразилия', 0, 0.69, 0.46),
(23, 'British Virgin Islands', 'Британские Виргинские острова', 0, 0.75, 0.46),
(24, 'Bulgaria', 'Болгария', 0, 0.49, 0.4),
(25, 'Burkina Faso', 'Буркина-Фасо', 0, 0.8, 0.65),
(26, 'Cambodia', 'Камбоджа', 0.35, 0.95, 0.46),
(27, 'Canada', 'Канада', 0.07, 0.65, 0.49),
(28, 'Cape Verde Islands', 'Острова Зеленого Мыса', 0, 0.75, 0.91),
(29, 'Cayman Islands', 'Каймановы острова', 0, 0.7, 0.46),
(30, 'Chad', 'Чад', 0, 0.75, 0.65),
(31, 'Chile', 'Чили', 0, 0.55, 0.65),
(32, 'China', 'Китай', 0.4, 1.2, 0.4),
(33, 'Colombia', 'Колумбия', 1.6, 2.5, 0.46),
(34, 'Cook Islands', 'Острова Кука', 1.15, 1.4, 0.6),
(35, 'Costa Rica', 'Коста-Рика', 0, 0.55, 0.59),
(36, 'Croatia', 'Хорватия', 0, 0.55, 0.65),
(37, 'Cuba ', 'Куба', 2.25, 3.35, 1.18),
(38, 'Cyprus', 'Кипр', 0, 0.29, 0.4),
(39, 'Czech', 'Чешский', 0, 0.45, 0.4),
(40, 'Denmark', 'Дания', 0, 0.45, 0.4),
(41, 'Dominica', 'Доминика', 1.6, 2.55, 0.65),
(42, 'Dominican Republic', 'Доминиканская Республика', 1.15, 1.65, 0.65),
(43, 'Ecuador', 'Эквадор', 2, 2.89, 0.6),
(44, 'Egypt', 'Египет', 0, 0.55, 0.46),
(45, 'El Salvador', 'Сальвадор', 1.95, 2.45, 0.55),
(46, 'Estonia', 'Эстония', 0, 0.45, 0.4),
(47, 'Faroe Islands', 'Фарерские острова', 0, 0.65, 0.6),
(48, 'Fiji Islands', 'Острова Фиджи', 0, 0.69, 0.65),
(49, 'Finland', 'Финляндия', 0, 0.39, 0.4),
(50, 'France', 'Франция', 0, 0.45, 0.4),
(51, 'Georgia', 'Грузия', 0, 0.55, 0.46),
(52, 'Germany', 'Германия', 0, 0.45, 0.4),
(53, 'Ghana', 'Гана', 0, 0.75, 0.5),
(54, 'Gibraltar', 'Гибралтар', 0, 0.45, 0.46),
(55, 'Greece', 'Греция', 0, 0.39, 0.4),
(56, 'Grenada', 'Гренада', 0.25, 2.55, 0.65),
(57, 'Guadeloupe', 'Гваделупа', 0, 0.45, 0.4),
(58, 'Guatemala', 'Гватемала', 1.65, 2.8, 0.46),
(59, 'Guernsey, UK', 'Гернси, Великобритания', 0, 0.6, 0.65),
(60, 'Guinea  ', 'Гвинея', 0.25, 0.65, 0.65),
(61, 'Guinea Bissau', 'Гвинея-Бисау', 0.59, 0.99, 0.4),
(62, 'Guyana', 'Гайана', 0, 0.75, 0.6),
(63, 'Haiti', 'Гаити', 0, 0.69, 0.65),
(64, 'Honduras', 'Гондурас', 0, 0.69, 0.65),
(65, 'Hong Kong', 'Гонконг', 0, 0.55, 0.6),
(66, 'Hungary', 'Венгрия', 0, 0.55, 0.4),
(67, 'Iceland', 'Исландия', 0, 0.6, 0.46),
(68, 'India', 'Индия', 3.2, 4.3, 0.65),
(69, 'Indonesia', 'Индонезия', 0.3, 0.85, 0.46),
(70, 'Iran', 'Иран', 0, 0.6, 0.6),
(71, 'Iraq', 'Ирак', 0, 0.6, 0.6),
(72, 'Ireland', 'Ирландия', 0, 0.45, 0.4),
(73, 'Israel', 'Израиль', 0, 0.45, 0.85),
(74, 'Italy', 'Италия', 0, 0.45, 0.4),
(75, 'Ivory Coast', 'Берег Слоновой Кости', 0, 0.6, 0.46),
(76, 'Jamaica', 'Ямайка', 0, 0.79, 0.65),
(77, 'Japan', 'Япония', 0, 0.55, 0.65),
(78, 'Jersey', 'Джерси', 0, 0.6, 0.65),
(79, 'Jordan', 'Иордания', 0, 0.69, 0.75),
(80, 'Kazakhstan', 'Казахстан', 0, 0.55, 0.46),
(81, 'Kenya', 'Кения', 0, 0.69, 0.6),
(82, 'Korea (South)', 'Корея (Южная)', 0, 0.44, 0.65),
(83, 'Kosovo', 'Косово', 0, 0.69, 0.65),
(84, 'Kuwait', 'Кувейт', 0, 0.55, 0.78),
(85, 'Kyrgyzstan', 'Киргизия', 0, 0.59, 0.65),
(86, 'Latvia', 'Латвия', 0, 0.39, 0.4),
(87, 'Lebanon', 'Ливан', 0, 0.6, 0.65),
(88, 'Liberia', 'Либерия', 0, 0.85, 0.65),
(89, 'Libya', 'Ливия', 0, 0.8, 0.65),
(90, 'Liechtenstein', 'Лихтенштейн', 0, 0.59, 0.46),
(91, 'Lithuania', 'Литва', 0, 0.39, 0.4),
(92, 'Luxembourg', 'Люксембург', 0, 0.49, 0.4),
(93, 'Macau', 'Макао', 1.15, 1.25, 0.91),
(94, 'Macedonia', 'Македония', 0, 0.69, 0.6),
(95, 'Madagascar', 'Мадагаскар', 0, 0.79, 0.46),
(96, 'Malawi', 'Малави', 0, 0.99, 0.4),
(97, 'Malaysia', 'Малайзия', 0, 0.8, 0.65),
(98, 'Maldives', 'Мальдивы', 0.89, 1.45, 0.65),
(99, 'Mali', 'Мали', 0, 0.8, 0.65),
(100, 'Malta', 'Мальта', 0, 0.49, 0.4),
(101, 'Mauritius', 'Маврикий', 1.35, 2.45, 0.59),
(102, 'Mexico', 'Мексика', 0.55, 1, 0.65),
(103, 'Moldova', 'Молдова', 0, 0.65, 0.46),
(104, 'Monaco', 'Монако', 0, 0.49, 0.65),
(105, 'Mongolia', 'Монголия', 0, 0.55, 0.65),
(106, 'Montenegro', 'Черногория', 0, 0.65, 0.46),
(107, 'Morocco', 'Марокко', 0, 0.75, 0.65),
(108, 'Namibia', 'Намибия', 0, 0.69, 0.46),
(109, 'Netherlands', 'Нидерланды', 0, 0.45, 0.4),
(110, 'Netherlands Antilles', 'Нидерландские Антильские острова', 0, 0.59, 0.65),
(111, 'New Zealand', 'Новая Зеландия', 0, 0.69, 0.65),
(112, 'Nicaragua', 'Никарагуа', 1.6, 2.55, 0.65),
(113, 'Niger', 'Нигер', 0, 0.8, 0.65),
(114, 'Nigeria', 'Нигерия', 0, 0.9, 0.65),
(115, 'Norway', 'Норвегия', 0, 0.45, 0.46),
(116, 'Oman', 'Оман', 0, 0.7, 0.46),
(117, 'Pakistan', 'Пакистан', 0, 0.95, 0.59),
(118, 'Panama', 'Панама', 0.55, 1.15, 0.46),
(119, 'Papua New Guinea', 'Папуа-Новая Гвинея', 0.65, 1.5, 0.6),
(120, 'Paraguay', 'Парагвай', 0, 0.6, 0.46),
(121, 'Peru', 'Перу', 1.2, 1.8, 0.65),
(122, 'Philippines ', 'Филиппины', 0.55, 1.15, 0.65),
(123, 'Poland', 'Польша', 0, 0.39, 0.4),
(124, 'Portugal', 'Португалия', 0, 0.45, 0.4),
(125, 'Puerto Rico', 'Пуэрто-Рико', 0, 0.45, 0.59),
(126, 'Qatar', 'Катар', 0, 0.79, 0.46),
(127, 'Reunion Island', 'Остров Реюньон', 0, 0.49, 0.4),
(128, 'Romania', 'Румыния', 0, 0.45, 0.4),
(129, 'Russia', 'Россия', 0, 0.43, 0.25),
(130, 'Samoa', 'Самоа', 0.5, 1.3, 0.65),
(131, 'San Marino', 'Сан - Марино', 0, 0.49, 0.65),
(132, 'Saudi Arabia', 'Саудовская Аравия', 0, 0.85, 0.85),
(133, 'Senegal', 'Сенегал', 0, 0.8, 0.65),
(134, 'Serbia', 'Сербии', 0, 0.65, 0.46),
(135, 'Seychelles', 'Сейшельские острова', 2.15, 3.5, 0.59),
(136, 'Singapore', 'Сингапур', 0, 0.65, 0.65),
(137, 'Slovakia', 'Словакия', 0, 0.45, 0.4),
(138, 'Slovenia', 'Словения', 0, 0.45, 0.4),
(139, 'South Africa', 'ЮАР', 0, 0.55, 0.46),
(140, 'Spain', 'Испания', 0, 0.45, 0.4),
(141, 'Sri Lanka', 'Шри Ланка', 0, 0.69, 0.65),
(142, 'St. Kitts', 'Сент-Китс', 0.15, 0.75, 0.65),
(143, 'St. Lucia', 'Сент-Люсия', 0.35, 0.95, 0.65),
(144, 'ST. VINCENT and GRENADINES', 'Сент-Винсент / Гренада', 0.35, 0.95, 0.65),
(145, 'Suriname', 'Суринам', 0, 0.6, 0.65),
(146, 'Sweden', 'Швеция', 0, 0.39, 0.4),
(147, 'Switzerland', 'Швейцария', 0, 0.49, 0.46),
(148, 'Syria', 'Сирия', 0, 0.69, 0.4),
(149, 'Taiwan', 'Тайвань', 0, 0.65, 0.65),
(150, 'Tajikistan', 'Таджикистан', 0.6, 1.65, 0.46),
(151, 'Tanzania', 'Танзания', 0, 0.7, 0.46),
(152, 'Thailand', 'Таиланд', 0, 0.85, 0.55),
(153, 'Tonga', 'Тонга', 0.45, 1.35, 0.46),
(154, 'Tunisia', 'Тунис', 2.45, 2.85, 1.05),
(155, 'Turk & Caicos Island', 'Турок и Кайкос острова', 0.15, 0.85, 0.65),
(156, 'Turkey', 'Турция', 0, 0.48, 0.4),
(157, 'Turkmenistan', 'Туркменистан', 1.15, 2.25, 0.65),
(158, 'UAE', 'ОАЭ', 0, 0.75, 0.85),
(159, 'Uganda', 'Уганда', 0, 0.69, 0.46),
(160, 'UK', 'Великобритания', 0, 0.39, 0.4),
(161, 'Ukraine', 'Украина', 0, 0.49, 0.46),
(162, 'Uruguay', 'Уругвай', 0.6, 1.66, 0.65),
(163, 'USA', 'США', 0, 0.45, 0.46),
(164, 'Uzbekistan', 'Узбекистан', 0, 0.95, 0.46),
(165, 'Vatican City', 'Ватикан', 0, 0.49, 0.4),
(166, 'Venezuela', 'Венесуэла', 0, 0.69, 0.65),
(167, 'Vietnam', 'Вьетнам', 0, 0.55, 0.46),
(168, 'Yemen', 'Йемен', 0, 0.79, 0.46),
(169, 'Maritime Communication Partner (Cruise and Ferry)', 'Maritime Partner связи (круизные и паромные)', 3.25, 4.5, 1.1),
(170, 'Siminn-on-Waves (Cruise and Ferry)', 'Siminn-на-волны (круизные и паромные)', 0, 0.55, 1.35),
(171, 'Telecom Italia Maritime', 'Telecom Italia Морской', 9.6, 13.6, 1.1),
(172, 'Vodafone Malta Maritime ', 'Vodafone мальтийским морским', 6.2, 8.1, 1.1),
(173, 'Seanet Maritime ', 'Морской Seanet', 3.45, 4.8, 1.1),
(174, 'AT&T Maritime', 'AT & T Морской', 6.2, 8.1, 1.35);

-- --------------------------------------------------------

--
-- Table structure for table `tariffs_372`
--

CREATE TABLE IF NOT EXISTS `tariffs_372` (
  `id` int(11) NOT NULL AUTO_INCREMENT,
  `country` varchar(255) NOT NULL,
  `country_ru` varchar(255) DEFAULT NULL,
  `cost_call_in` double NOT NULL,
  `cost_call_out` double NOT NULL,
  `cost_sms_out` double NOT NULL,
  PRIMARY KEY (`id`)
) ENGINE=InnoDB  DEFAULT CHARSET=utf8 AUTO_INCREMENT=203 ;

--
-- Dumping data for table `tariffs_372`
--

INSERT INTO `tariffs_372` (`id`, `country`, `country_ru`, `cost_call_in`, `cost_call_out`, `cost_sms_out`) VALUES
(1, 'Afghanistan', 'Афганистан', 1.22, 1.75, 0.85),
(2, 'Albania', 'Албания', 0, 0.8, 0.4),
(3, 'Algeria', 'Алжир', 0.2, 0.85, 0.59),
(4, 'Andorra', 'Андорра', 2, 2.5, 0.4),
(5, 'Angola', 'Ангола', 0, 0.59, 0.59),
(6, 'Anguilla', 'Ангилья', 0, 0.95, 0.85),
(7, 'Antigua and Barbuda', 'Антигуа и Барбуда', 0, 0.95, 0.85),
(8, 'Argentina', 'Аргентина', 0, 0.79, 0.59),
(9, 'Armenia', 'Армения', 0, 0.59, 0.59),
(10, 'Aruba', 'Аруба', 0, 0.95, 0.85),
(11, 'Australia', 'Австралия', 0, 0.49, 0.59),
(12, 'Austria', 'Австрия', 0, 0.39, 0.4),
(13, 'Azerbaijan', 'Азербайджан', 0, 0.75, 0.4),
(14, 'Bahamas', 'Багамские острова', 2, 2.5, 0.4),
(15, 'Bahrain', 'Бахрейн', 0, 0.55, 0.59),
(16, 'Bangladesh', 'Бангладеш', 1.22, 1.85, 0.4),
(17, 'Barbados', 'Барбадос', 0, 0.95, 0.85),
(18, 'Belarus', 'Беларусь', 0, 0.8, 0.4),
(19, 'Belgium', 'Бельгия', 0, 0.49, 0.4),
(20, 'Benin', 'Бенин', 0, 0.75, 0.4),
(21, 'Bermuda', 'Бермудские острова', 0, 0.65, 0.85),
(22, 'Bhutan', 'Бутан', 2.85, 3.5, 0.59),
(23, 'Bolivia', 'Боливия', 2, 2.5, 0.4),
(24, 'Bosnia & Herzegovina', 'Босния и Герцеговина', 0, 0.75, 0.4),
(25, 'Brazil', 'Бразилия', 0.35, 0.95, 0.59),
(26, 'British Virgin Islands', 'Британские Виргинские острова', 0, 0.95, 0.85),
(27, 'Brunei', 'Бруней', 0.35, 1.16, 0.59),
(28, 'Bulgaria', 'Болгария', 0, 0.45, 0.4),
(29, 'Burkina Faso', 'Буркина-Фасо', 0.3, 1, 0.4),
(30, 'Burundi', 'Бурунди', 0, 0.55, 0.4),
(31, 'Cambodia', 'Камбоджа', 0.5, 1.1, 0.59),
(32, 'Canada', 'Канада', 2.5, 2.89, 0.59),
(33, 'Cape Verde Islands', 'Острова Зеленого Мыса', 0, 0.75, 0.85),
(34, 'Cayman Islands', 'Каймановы острова', 0, 0.95, 0.85),
(35, 'Central Africa', 'Центральная Африка', 0, 0.75, 0.59),
(36, 'Chad', 'Чад', 0, 0.75, 0.59),
(37, 'Chile', 'Чили', 0, 0.65, 0.59),
(38, 'China', 'Китай', 0, 0.75, 0.4),
(39, 'Colombia', 'Колумбия', 0, 0.99, 0.59),
(40, 'Congo Dem. Republic', 'Конго Dem. Республика', 0, 0.75, 0.4),
(41, 'Cook Islands', 'Острова Кука', 1.22, 1.5, 0.4),
(42, 'Costa Rica', 'Коста-Рика', 0, 0.49, 0.59),
(43, 'Cote Divoire', 'Кот-дИвуар', 0.1, 0.85, 0.59),
(44, 'Croatia', 'Хорватия', 0, 0.55, 0.4),
(45, 'Cuba', 'Куба', 3.5, 4.5, 0.85),
(46, 'Cyprus', 'Кипр', 0, 0.29, 0.4),
(47, 'Czech', 'Чешский', 0, 0.55, 0.4),
(48, 'Denmark', 'Дания', 0, 0.49, 0.4),
(49, 'Djibouti', 'Джибути', 1.22, 1.88, 0.4),
(50, 'Dominica', 'Доминика', 0, 0.95, 0.85),
(51, 'Dominican Republic', 'Доминиканская Республика', 0.35, 0.99, 0.59),
(52, 'Ecuador', 'Эквадор', 0.35, 0.95, 0.4),
(53, 'Egypt', 'Египет', 0, 0.55, 0.4),
(54, 'El Salvador', 'Сальвадор', 2, 2.5, 0.59),
(55, 'Equatorial Guinea', 'Экваториальная Гвинея', 0, 0.75, 0.59),
(56, 'Estonia', 'Эстония', 0, 0.49, 0.4),
(57, 'Faeroe Islands', 'Фарерские острова', 0, 0.65, 0.59),
(58, 'Falkland Islands', 'Фолклендские острова', 2.09, 2.7, 0.85),
(59, 'Fiji Islands', 'Острова Фиджи', 0, 0.69, 0.59),
(60, 'Finland', 'Финляндия', 0, 0.39, 0.4),
(61, 'France', 'Франция', 0, 0.49, 0.4),
(62, 'French Guiana', 'Французская Гвиана', 0, 0.59, 0.4),
(63, 'French Polynesia', 'Французская Полинезия', 0.5, 0.85, 0.59),
(64, 'Gambia', 'Гамбия', 0.3, 0.95, 0.85),
(65, 'Georgia', 'Грузия', 0, 0.55, 0.4),
(66, 'Germany', 'Германия', 0, 0.49, 0.4),
(67, 'Ghana', 'Гана', 0, 0.75, 0.4),
(68, 'Gibraltar', 'Гибралтар', 0, 0.75, 0.4),
(69, 'Greece', 'Греция', 0, 0.39, 0.4),
(70, 'Greenland', 'Гренландия', 0.65, 1.25, 0.59),
(71, 'Grenada', 'Гренада', 0, 0.95, 0.85),
(72, 'Guadeloupe', 'Гваделупа', 0, 0.59, 0.4),
(73, 'Guatemala', 'Гватемала', 2.25, 2.2, 0.4),
(74, 'Guinea', 'Гвинея', 0.3, 1.16, 0.59),
(75, 'Guinea Bissau', 'Гвинея-Бисау', 0.65, 1.16, 0.4),
(76, 'Guyana', 'Гайана', 0, 0.85, 0.59),
(77, 'Haiti', 'Гаити', 0.35, 0.95, 0.85),
(78, 'Honduras', 'Гондурас', 2, 2.5, 0.59),
(79, 'Hong Kong', 'Гонконг', 0, 0.55, 0.59),
(80, 'Hungary', 'Венгрия', 0, 0.59, 0.4),
(81, 'Iceland', 'Исландия', 0, 0.69, 0.4),
(82, 'India', 'Индия', 0, 0.99, 0.85),
(83, 'Indonesia', 'Индонезия', 0, 0.65, 0.4),
(84, 'Iran', 'Иран', 0, 0.65, 0.4),
(85, 'Iraq', 'Ирак', 0.5, 0.95, 0.59),
(86, 'Ireland', 'Ирландия', 0, 0.49, 0.4),
(87, 'Israel', 'Израиль', 0, 0.49, 0.85),
(88, 'Italy', 'Италия', 0, 0.49, 0.4),
(89, 'Jamaica', 'Ямайка', 0, 0.95, 0.85),
(90, 'Japan', 'Япония', 0, 0.55, 0.4),
(91, 'Jordan', 'Иордания', 0, 0.69, 0.85),
(92, 'Kazakhstan', 'Казахстан', 0, 0.75, 0.4),
(93, 'Kenya', 'Кения', 0, 0.69, 0.59),
(94, 'Korea (South)', 'Корея (Южная)', 0, 0.45, 0.4),
(95, 'Kosovo', 'Косово', 0, 0.85, 0.59),
(96, 'Kuwait', 'Кувейт', 0, 0.55, 0.85),
(97, 'Kyrgyzstan', 'Киргизия', 0, 0.59, 0.4),
(98, 'Laos', 'Лаос', 0.2, 0.85, 0.85),
(99, 'Latvia', 'Латвия', 0, 0.39, 0.4),
(100, 'Lebanon', 'Ливан', 0, 0.69, 0.59),
(101, 'Lesotho', 'Лесото', 0, 0.75, 0.4),
(102, 'Liberia', 'Либерия', 0.25, 0.95, 0.4),
(103, 'Libya', 'Ливия', 0.35, 1, 0.59),
(104, 'Liechtenstein', 'Лихтенштейн', 0, 0.69, 0.4),
(105, 'Lithuania', 'Литва', 0, 0.39, 0.4),
(106, 'Luxembourg', 'Люксембург', 0, 0.49, 0.4),
(107, 'Macau', 'Макао', 0.89, 1.25, 0.59),
(108, 'Macedonia', 'Македония', 0, 0.95, 0.59),
(109, 'Madagascar', 'Мадагаскар', 0.25, 1.1, 0.4),
(110, 'Malawi', 'Малави', 0, 1.1, 0.4),
(111, 'Malaysia', 'Малайзия', 0, 0.65, 0.59),
(112, 'Maldives', 'Мальдивы', 0.89, 1.5, 0.59),
(113, 'Mali', 'Мали', 0, 0.95, 0.59),
(114, 'Malta', 'Мальта', 0, 0.49, 0.4),
(115, 'Martinique', 'Мартиника', 0, 0.59, 0.4),
(116, 'Mauritius', 'Маврикий', 2, 2.5, 0.59),
(117, 'Mayotte Island', 'Остров Майотта', 0, 0.75, 0.4),
(118, 'Mexico', 'Мексика', 0.35, 1, 0.59),
(119, 'Moldova', 'Молдова', 0, 0.65, 0.4),
(120, 'Monaco', 'Монако', 0, 0.49, 0.4),
(121, 'Mongolia', 'Монголия', 0, 0.55, 0.4),
(122, 'Montenegro', 'Черногория', 0, 0.85, 0.4),
(123, 'Montserrat', 'Монтсеррат', 2.09, 2.7, 0.85),
(124, 'Morocco', 'Марокко', 0.25, 0.75, 0.59),
(125, 'Mozambique', 'Мозамбик', 0.3, 0.95, 0.4),
(126, 'Namibia', 'Намибия', 0, 0.69, 0.4),
(127, 'Nepal', 'Непал', 1.22, 1.75, 0.4),
(128, 'Netherlands', 'Нидерланды', 0, 0.49, 0.4),
(129, 'Netherlands Antilles', 'Нидерландские Антильские острова', 0, 0.59, 0.59),
(130, 'New Zealand', 'Новая Зеландия', 0, 0.69, 0.59),
(131, 'Nicaragua', 'Никарагуа', 2, 2.5, 0.59),
(132, 'Niger', 'Нигер', 0, 0.85, 0.4),
(133, 'Nigeria', 'Нигерия', 0, 0.95, 0.59),
(134, 'Norway', 'Норвегия', 0, 0.49, 0.4),
(135, 'Oman', 'Оман', 0, 0.75, 0.59),
(136, 'Pakistan', 'Пакистан', 0.3, 0.95, 0.4),
(137, 'Palestine', 'Палестина', 0, 0.65, 0.85),
(138, 'Panama', 'Панама', 0.2, 0.85, 0.85),
(139, 'Papua New Guinea', 'Папуа-Новая Гвинея', 0.65, 1.5, 0.59),
(140, 'Paraguay', 'Парагвай', 0.75, 1.25, 0.59),
(141, 'Peru', 'Перу', 1.22, 1.85, 0.4),
(142, 'Philippines', 'Филиппины', 0.5, 1, 0.4),
(143, 'Poland', 'Польша', 0, 0.39, 0.4),
(144, 'Portugal', 'Португалия', 0, 0.49, 0.4),
(145, 'Puerto Rico', 'Пуэрто-Рико', 2.5, 2.89, 0.59),
(146, 'Qatar', 'Катар', 0, 0.85, 0.59),
(147, 'Reunion Island', 'Остров Реюньон', 0, 0.75, 0.4),
(148, 'Romania', 'Румыния', 0, 0.59, 0.4),
(149, 'Russia', 'Россия', 0, 0.45, 0.4),
(150, 'San Marino', 'Сан - Марино', 0, 0.49, 0.4),
(151, 'Saudi Arabia', 'Саудовская Аравия', 0, 0.65, 0.59),
(152, 'Senegal', 'Сенегал', 0.3, 0.95, 0.59),
(153, 'Serbia', 'Сербии', 0, 0.95, 0.4),
(154, 'Seychelles', 'Сейшельские острова', 1.4, 2.5, 0.59),
(155, 'Sierra Leone', 'Сьерра-Леоне', 0.5, 1.1, 0.4),
(156, 'Singapore', 'Сингапур', 0, 0.65, 0.4),
(157, 'Slovakia', 'Словакия', 0, 0.55, 0.4),
(158, 'Slovenia', 'Словения', 0, 0.55, 0.4),
(159, 'South Africa', 'ЮАР', 0, 0.59, 0.4),
(160, 'South Sudan', 'Южный Судан', 0, 0.65, 0.4),
(161, 'Spain', 'Испания', 0, 0.49, 0.4),
(162, 'Sri Lanka', 'Шри Ланка', 0, 0.69, 0.4),
(163, 'St. Kitts', 'Сент-Китс', 0, 0.95, 0.85),
(164, 'St. Lucia', 'Сент-Люсия', 0, 0.95, 0.85),
(165, 'St. Vincent / Grenada', 'Сент-Винсент / Гренада', 0, 0.95, 0.85),
(166, 'Sudan', 'Судан', 0, 0.69, 0.85),
(167, 'Suriname', 'Суринам', 0.35, 0.95, 0.85),
(168, 'Sweden', 'Швеция', 0, 0.39, 0.4),
(169, 'Switzerland', 'Швейцария', 0, 0.49, 0.4),
(170, 'Syria', 'Сирия', 0, 0.85, 0.4),
(171, 'Taiwan', 'Тайвань', 0.35, 0.99, 0.4),
(172, 'Tajikistan', 'Таджикистан', 0.8, 1.75, 0.4),
(173, 'Tanzania', 'Танзания', 0, 0.59, 0.4),
(174, 'Thailand', 'Таиланд', 0, 0.75, 0.59),
(175, 'Togo', 'Того', 0.5, 1.25, 0.4),
(176, 'Tonga', 'Тонга', 0.5, 1.16, 0.59),
(177, 'Trinidad &Tobago', 'Тринидад и Тобаго', 2.25, 2.89, 0.59),
(178, 'Tunisia', 'Тунис', 0.65, 1.25, 0.85),
(179, 'Turk & Caicos Island', 'Турок и Кайкос острова', 0, 0.95, 0.85),
(180, 'Turkey', 'Турция', 0, 0.49, 0.4),
(181, 'Uganda', 'Уганда', 0, 0.69, 0.59),
(182, 'Turkmenistan', 'Туркменистан', 0.65, 1.25, 0.4),
(183, 'Ukraine', 'Украина', 0, 0.49, 0.59),
(184, 'UAE', 'Объединенные Арабские Эм.', 0, 0.65, 0.85),
(185, 'United Kingdom', 'Великобритания', 0, 0.39, 0.4),
(186, 'Uruguay', 'Уругвай', 0, 0.59, 0.59),
(187, 'USA', 'США', 2.5, 2.89, 0.59),
(188, 'USA Virgin Islands', 'США Виргинские острова', 2.5, 2.89, 0.59),
(189, 'Uzbekistan', 'Узбекистан', 0, 0.95, 0.4),
(190, 'Vanuatu Republic', 'Республика Вануату', 0.65, 1.5, 0.59),
(191, 'Vatican City', 'Ватикан', 0, 0.49, 0.4),
(192, 'Venezuela', 'Венесуэла', 0, 0.69, 0.59),
(193, 'Vietnam', 'Вьетнам', 0, 0.55, 0.4),
(194, 'Western Samoa', 'Западное Самоа', 2.5, 2.89, 0.85),
(195, 'Yemen', 'Йемен', 0, 0.79, 0.4),
(196, 'Zambia', 'Замбия', 0, 0.55, 0.4),
(197, 'Zimbabwe', 'Зимбабве', 0.35, 0.95, 0.4),
(198, 'Canada', 'Канада', 0.65, 1.25, 0.4),
(199, 'China', 'Китай', 0, 0.29, 0.4),
(200, 'Mexico (Only TravelSim +USA)', 'Мексика (только TravelSim + США)', 0, 0.45, 0.4),
(201, 'Puerto Rico (Only TravelSim +USA)', 'Пуэрто-Рико (Только TravelSim + США)', 0, 0.45, 0.4),
(202, 'USA (Only TravelSim +USA)', 'США (Только TravelSim + США)', 0, 0.45, 0.4);

-- --------------------------------------------------------

--
-- Table structure for table `tariffs_roaming3g_single`
--

CREATE TABLE IF NOT EXISTS `tariffs_roaming3g_single` (
  `id` int(11) NOT NULL AUTO_INCREMENT,
  `country_id` int(11) DEFAULT NULL,
  `cost_tariff_1` double NOT NULL,
  `cost_tariff_2` double NOT NULL,
  `cost_tariff_3` double NOT NULL,
  PRIMARY KEY (`id`),
  KEY `country_id` (`country_id`)
) ENGINE=InnoDB  DEFAULT CHARSET=latin1 AUTO_INCREMENT=174 ;

--
-- Dumping data for table `tariffs_roaming3g_single`
--

INSERT INTO `tariffs_roaming3g_single` (`id`, `country_id`, `cost_tariff_1`, `cost_tariff_2`, `cost_tariff_3`) VALUES
(1, 180, 6.39, 9.59, 22.39),
(2, 1, 12.79, 15.99, 28.79),
(3, 2, 6.39, 9.59, 19.19),
(4, 3, 12.79, 15.99, 28.79),
(5, 4, 12.79, 15.99, 28.79),
(6, 5, 12.79, 15.99, 28.79),
(7, 6, 7.99, 11.19, 27.19),
(8, 7, 12.79, 15.99, 28.79),
(9, 8, 12.79, 15.99, 28.79),
(10, 9, 6.39, 9.59, 19.19),
(11, 10, 3.19, 4.79, 9.59),
(12, 11, 12.79, 15.99, 28.79),
(13, 12, 12.79, 15.99, 28.79),
(14, 12, 12.79, 15.99, 28.79),
(15, 14, 12.79, 15.99, 28.79),
(16, 15, 12.79, 15.99, 28.79),
(17, 16, 3.19, 4.79, 9.59),
(18, 17, 6.39, 9.59, 22.39),
(19, 18, 12.79, 15.99, 28.79),
(20, 19, 12.79, 15.99, 28.79),
(21, 20, 12.79, 15.99, 28.79),
(22, 21, 12.79, 15.99, 28.79),
(23, 22, 7.99, 11.19, 27.19),
(24, 23, 12.79, 15.99, 28.79),
(25, 24, 12.79, 15.99, 28.79),
(26, 25, 3.19, 4.79, 9.59),
(27, 26, 12.79, 15.99, 28.79),
(28, 27, 12.79, 15.99, 28.79),
(29, 28, 12.79, 15.99, 28.79),
(30, 29, 12.79, 15.99, 28.79),
(31, 30, 12.79, 15.99, 28.79),
(32, 31, 7.99, 11.19, 27.19),
(33, 32, 12.79, 15.99, 28.79),
(34, 33, 7.99, 11.19, 27.19),
(35, 34, 12.79, 15.99, 28.79),
(36, 35, 7.99, 11.19, 27.19),
(37, 36, 3.19, 4.79, 9.59),
(38, 38, 12.79, 15.99, 28.79),
(39, 39, 6.39, 9.59, 22.39),
(40, 40, 6.39, 9.59, 19.19),
(41, 41, 6.39, 9.59, 22.39),
(42, 42, 12.79, 15.99, 28.79),
(43, 43, 12.79, 15.99, 28.79),
(44, 44, 7.99, 11.19, 27.19),
(45, 45, 6.39, 9.59, 19.19),
(46, 46, 7.99, 11.19, 27.19),
(47, 47, 6.39, 9.59, 22.39),
(48, 48, 12.79, 15.99, 28.79),
(49, 49, 7.99, 11.19, 27.19),
(50, 50, 6.39, 9.59, 22.39),
(51, 51, 12.79, 15.99, 28.79),
(52, 52, 12.79, 15.99, 28.79),
(53, 181, 6.39, 9.59, 22.39),
(54, 53, 12.79, 15.99, 28.79),
(55, 54, 12.79, 15.99, 28.79),
(56, 55, 12.79, 15.99, 28.79),
(57, 56, 6.39, 9.59, 19.19),
(58, 57, 6.39, 9.59, 19.19),
(59, 58, 6.39, 9.59, 19.19),
(60, 59, 6.39, 9.59, 19.19),
(61, 60, 12.79, 15.99, 28.79),
(62, 61, 12.79, 15.99, 28.79),
(63, 62, 12.79, 15.99, 28.79),
(64, 63, 7.99, 11.19, 27.19),
(65, 64, 12.79, 15.99, 28.79),
(66, 65, 12.79, 15.99, 28.79),
(67, 66, 12.79, 15.99, 28.79),
(68, 67, 12.79, 15.99, 28.79),
(69, 68, 6.39, 9.59, 19.19),
(70, 69, 12.79, 15.99, 28.79),
(71, 70, 6.39, 9.59, 19.19),
(72, 71, 12.79, 15.99, 28.79),
(73, 72, 12.79, 15.99, 28.79),
(74, 73, 6.39, 9.59, 19.19),
(75, 74, 12.79, 15.99, 28.79),
(76, 75, 3.19, 4.79, 9.59),
(77, 76, 12.79, 15.99, 28.79),
(78, 77, 12.79, 15.99, 28.79),
(79, 78, 12.79, 15.99, 28.79),
(80, 79, 12.79, 15.99, 28.79),
(81, 80, 12.79, 15.99, 28.79),
(82, 81, 12.79, 15.99, 28.79),
(83, 82, 12.79, 15.99, 28.79),
(84, 83, 12.79, 15.99, 28.79),
(85, 84, 12.79, 15.99, 28.79),
(86, 85, 12.79, 15.99, 28.79),
(87, 86, 6.39, 9.59, 22.39),
(88, 87, 12.79, 15.99, 28.79),
(89, 88, 3.19, 4.79, 9.59),
(90, 89, 7.99, 11.19, 27.19),
(91, 90, 7.99, 11.19, 27.19),
(92, 91, 12.79, 15.99, 28.79),
(93, 92, 3.19, 4.79, 9.59),
(94, 93, 12.79, 15.99, 28.79),
(95, 94, 12.79, 15.99, 28.79),
(96, 95, 12.79, 15.99, 28.79),
(97, 96, 12.79, 15.99, 28.79),
(98, 97, 6.39, 9.59, 19.19),
(99, 98, 12.79, 15.99, 28.79),
(100, 99, 12.79, 15.99, 28.79),
(101, 100, 7.99, 11.19, 27.19),
(102, 101, 12.79, 15.99, 28.79),
(103, 102, 6.39, 9.59, 22.39),
(104, 103, 12.79, 15.99, 28.79),
(105, 104, 12.79, 15.99, 28.79),
(106, 105, 12.79, 15.99, 28.79),
(107, 106, 12.79, 15.99, 28.79),
(108, 107, 12.79, 15.99, 28.79),
(109, 108, 12.79, 15.99, 28.79),
(110, 109, 6.39, 9.59, 19.19),
(111, 110, 12.79, 15.99, 28.79),
(112, 111, 6.39, 9.59, 19.19),
(113, 112, 12.79, 15.99, 28.79),
(114, 113, 12.79, 15.99, 28.79),
(115, 114, 12.79, 15.99, 28.79),
(116, 115, 12.79, 15.99, 28.79),
(117, 116, 7.99, 11.19, 27.19),
(118, 117, 12.79, 15.99, 28.79),
(119, 118, 12.79, 15.99, 28.79),
(120, 119, 12.79, 15.99, 28.79),
(121, 120, 7.99, 11.19, 27.19),
(122, 121, 12.79, 15.99, 28.79),
(123, 122, 7.99, 11.19, 27.19),
(124, 123, 12.79, 15.99, 28.79),
(125, 124, 6.39, 9.59, 22.39),
(126, 125, 6.39, 9.59, 19.19),
(127, 126, 12.79, 15.99, 28.79),
(128, 127, 6.39, 9.59, 19.19),
(129, 128, 6.39, 9.59, 19.19),
(130, 130, 12.79, 15.99, 28.79),
(131, 131, 6.39, 9.59, 19.19),
(132, 132, 12.79, 15.99, 28.79),
(133, 133, 12.79, 15.99, 28.79),
(134, 134, 3.19, 4.79, 9.59),
(135, 135, 12.79, 15.99, 28.79),
(136, 136, 12.79, 15.99, 28.79),
(137, 137, 12.79, 15.99, 28.79),
(138, 138, 6.39, 9.59, 22.39),
(139, 139, 3.19, 4.79, 9.59),
(140, 140, 6.39, 9.59, 19.19),
(141, 141, 12.79, 15.99, 28.79),
(142, 142, 6.39, 9.59, 19.19),
(143, 143, 12.79, 15.99, 28.79),
(144, 144, 12.79, 15.99, 28.79),
(145, 145, 12.79, 15.99, 28.79),
(146, 146, 12.79, 15.99, 28.79),
(147, 147, 12.79, 15.99, 28.79),
(148, 148, 12.79, 15.99, 28.79),
(149, 149, 12.79, 15.99, 28.79),
(150, 150, 12.79, 15.99, 28.79),
(151, 151, 12.79, 15.99, 28.79),
(152, 152, 6.39, 9.59, 22.39),
(153, 153, 6.39, 9.59, 22.39),
(154, 154, 12.79, 15.99, 28.79),
(155, 155, 12.79, 15.99, 28.79),
(156, 156, 12.79, 15.99, 28.79),
(157, 157, 12.79, 15.99, 28.79),
(158, 158, 12.79, 15.99, 28.79),
(159, 159, 12.79, 15.99, 28.79),
(160, 160, 6.39, 9.59, 19.19),
(161, 161, 12.79, 15.99, 28.79),
(162, 162, 12.79, 15.99, 28.79),
(163, 163, 6.39, 9.59, 19.19),
(164, 164, 12.79, 15.99, 28.79),
(165, 165, 12.79, 15.99, 28.79),
(166, 166, 7.99, 11.19, 27.19),
(167, 167, 3.19, 4.79, 9.59),
(168, 169, 12.79, 15.99, 28.79),
(169, 170, 6.39, 9.59, 19.19),
(170, 171, 7.99, 11.19, 27.19),
(171, 172, 12.79, 15.99, 28.79),
(172, 173, 12.79, 15.99, 28.79),
(173, 182, 6.39, 9.59, 19.19);

-- --------------------------------------------------------

--
-- Table structure for table `users`
--

CREATE TABLE IF NOT EXISTS `users` (
  `id` int(11) NOT NULL AUTO_INCREMENT,
  `username` varchar(128) NOT NULL,
  `password` varchar(128) NOT NULL,
  `email` varchar(128) NOT NULL,
  `activkey` varchar(128) NOT NULL DEFAULT '',
  `create_at` timestamp NOT NULL DEFAULT CURRENT_TIMESTAMP,
  `lastvisit_at` timestamp NOT NULL DEFAULT '0000-00-00 00:00:00',
  `superuser` int(1) NOT NULL DEFAULT '0',
  `status` int(1) NOT NULL DEFAULT '0',
  PRIMARY KEY (`id`),
  UNIQUE KEY `email` (`email`),
  KEY `status` (`status`),
  KEY `superuser` (`superuser`)
) ENGINE=InnoDB  DEFAULT CHARSET=utf8 AUTO_INCREMENT=326 ;

--
-- Dumping data for table `users`
--

INSERT INTO `users` (`id`, `username`, `password`, `email`, `activkey`, `create_at`, `lastvisit_at`, `superuser`, `status`) VALUES
(1, 'sdsfd', '339a06799abbf76606d433416d0146d0', 'admin@localhost', '9a24eff8c15a6a141ece27eb6947da0f', '2013-06-01 06:48:41', '2013-06-15 18:09:56', 1, 1),
(2, '', '21232f297a57a5a743894a0e4a801fc3', 'demo@localhost', '099f825543f7850cc038b90aaff39fac', '2013-06-01 06:48:41', '0000-00-00 00:00:00', 0, 1),
(3, '', '21232f297a57a5a743894a0e4a801fc3', 'agent@localhost', '297ef3deb6037085931bd2c81e4d6432', '2013-06-01 06:57:19', '0000-00-00 00:00:00', 0, 1),
(12, '', 'e10adc3949ba59abbe56e057f20f883e', 'newntel@gmail.com', '16bc1ffd4f4116e7b270d5d7555ce8f3', '2013-07-24 04:26:07', '0000-00-00 00:00:00', 0, 1),
(13, '', '96e79218965eb72c92a549dd5a330112', 'andpash3@gmail.com', '5db8df231b99eee1bc0dd62ab9ca7c11', '2013-08-17 09:06:25', '0000-00-00 00:00:00', 0, 1),
(14, '', '96e79218965eb72c92a549dd5a330112', 'andpash4@gmail.com', '3923b293298e52ec9ea9f00c2617a974', '2013-08-17 09:23:59', '0000-00-00 00:00:00', 0, 1),
(15, '', '96e79218965eb72c92a549dd5a330112', 'andpash5@gmail.com', 'ac927d98b9976571673190b33c26e564', '2013-08-17 11:28:59', '0000-00-00 00:00:00', 0, 1),
(16, '', 'bcb7cb30f885f0b70a53b0d2b13d680e', 'Alex.koylo@keepgo.com', '4da5a3f716eceff841d7b85caa251fb3', '2013-08-24 09:36:39', '0000-00-00 00:00:00', 0, 1),
(17, '', 'e10adc3949ba59abbe56e057f20f883e', 'som.polava@mail.ru', '7badba52a812bc82b3dbd2323e617e97', '2013-09-07 17:08:46', '0000-00-00 00:00:00', 0, 0),
(18, '', 'e10adc3949ba59abbe56e057f20f883e', 'ksenia@easyroaming.ru', '05ffcc7a9da1a7198e1f00dbf24148d2', '2013-09-07 17:11:33', '0000-00-00 00:00:00', 0, 1),
(19, '', 'e807f1fcf82d132f9bb018ca6738a19f', 'Darovskaya-77@mail.ru', 'f390c22c09cd831ce3268e1bd161b485', '2013-09-19 12:59:14', '0000-00-00 00:00:00', 0, 0),
(20, '', 'e94775892534116c435af536391be088', 'nika.vlasova.01@mail.ru', '0d499e5667fdb0a733e34459f5cd7ed1', '2013-09-25 00:12:40', '0000-00-00 00:00:00', 0, 0),
(21, '', '6330c1f2d1c73e223b152024999297cd', 'dima.petrushin.1992@mail.ru', 'a5dde61e88831adcae915fc969ba3594', '2013-09-27 15:23:02', '0000-00-00 00:00:00', 0, 1),
(22, '', 'cc33828a35a476556321ac48105a680e', 'jgpofux@serials-only.ru', '5eb87439839ed740f98f6a8976710ef8', '2013-10-13 06:57:07', '0000-00-00 00:00:00', 0, 0),
(23, '', 'c92e810f2f0c64aef5f382fea37a287b', 'yulechka_frolova_79@mail.ru', '98dad0ed5060d41df2c4599d6c5a7a93', '2013-10-27 11:14:40', '0000-00-00 00:00:00', 0, 1),
(24, '', 'ec5287c45f0e70ec22d52e8bcbeeb640', 'pliassounov@gmail.com', 'e15a289d09f4631b0f978832152ea651', '2013-10-31 12:19:28', '0000-00-00 00:00:00', 0, 1),
(26, '', '3ba55d982e6d84e8d4dd745c472e9c62', 'andpash@gmail.com', '26e473bac615f05f199f1e3073c59427', '2013-11-01 04:26:19', '0000-00-00 00:00:00', 0, 1),
(27, '', '75e92a0ddceed3e4b09652f58b050bf7', 'd9918810@gmail.com', 'cb8695fb29046cb55fcdc5ac4efa097e', '2013-11-05 02:22:48', '0000-00-00 00:00:00', 0, 1),
(28, '', 'a3a5dd4c41c2256831f1c4c565246806', 'Azarka@bk.ru', '22988b8bf9f567628b6c491d51fe7926', '2013-11-11 02:51:07', '0000-00-00 00:00:00', 0, 0),
(29, '', 'a3a5dd4c41c2256831f1c4c565246806', 'Azarka1@yandex.ru', '8cd6df4c089790e16d28aaabb75d6a55', '2013-11-19 02:36:11', '0000-00-00 00:00:00', 0, 1),
(30, '', 'da054cab1c293a71297c0d0e6e6482fa', 'Doorpoxia@anew-news.ru', '5cdeea3d6caab73b3867a9e3a43b5c63', '2013-11-21 22:35:54', '0000-00-00 00:00:00', 0, 0),
(31, '', 'da054cab1c293a71297c0d0e6e6482fa', 'Karvellentvag@anew-news.ru', '4c607865a119b798223d64b166768ffd', '2013-11-25 00:11:52', '0000-00-00 00:00:00', 0, 0),
(32, '', '9657f16db2100b9645de2117fe236cae', 'annnuirrr@hotmail.com', 'f9d366c64ce6f28904e3576697d4ca39', '2013-11-25 22:22:20', '0000-00-00 00:00:00', 0, 0),
(33, '', 'da054cab1c293a71297c0d0e6e6482fa', 'Nealsemadoham@anew-news.ru', '9552d3594112354497cdc5882cc94817', '2013-11-26 21:31:19', '0000-00-00 00:00:00', 0, 0),
(34, '', 'da054cab1c293a71297c0d0e6e6482fa', 'enfomsSeemege@anew-news.ru', 'a3db7b6b95edc5750d44effe9b407d24', '2013-11-28 08:17:24', '0000-00-00 00:00:00', 0, 0),
(35, '', 'e85d77d5aadda1ae45694829d1e3f8bf', 'shop929@mail.ru', 'e622f2bdb2c7a66c258477abfda0c363', '2013-11-28 15:35:07', '0000-00-00 00:00:00', 0, 0),
(36, '', 'f63feeaaa20f52e538162aed2760e6dd', 'nikolay200669@gmzil.com', 'c4fe077caa3d4a644aa023103a8b7e4c', '2013-12-10 03:58:13', '0000-00-00 00:00:00', 0, 0),
(37, '', '5b9972ec7ab107665d4bc4fbf5181292', '721863@gmail.com', '3281e1b409d79abd5d6d17aaf35cac40', '2013-12-16 05:16:54', '0000-00-00 00:00:00', 0, 1),
(38, '', '71dd3b0d4375377ca7c84e410304c97e', 'Svigpl@gmail.com', '6e4402b814ccc0a0486f7d839c0bde35', '2013-12-19 00:14:20', '0000-00-00 00:00:00', 0, 1),
(39, '', '3ecef84ec0e1aa596715ec8d4cfbd9ba', 'slavmetstroy@wegas.ru', 'cc3b34b390fc06b5a78079148f57f02d', '2013-12-20 03:38:20', '0000-00-00 00:00:00', 0, 0),
(40, '', 'c71c8821e219dfa33dd17f521660b398', 'Thesiths@yandex.ru', 'aeef5bac03d2a456b10256353abf6890', '2013-12-22 03:42:54', '0000-00-00 00:00:00', 0, 1),
(41, '', '8b946b740c1b85ee54357a7a0e311403', 'Almaz126@yandex.ru', '678e48c8d971e83d5e519d204c54cb9a', '2013-12-24 14:43:27', '0000-00-00 00:00:00', 0, 1),
(42, '', 'd8cc41e21bb67793936afb1baa740f9b', 'ukamenskikh@bk.ru', '26d9636e5356aea92e1c50e4cb151f58', '2014-01-04 00:41:28', '0000-00-00 00:00:00', 0, 0),
(43, '', 'e570249cac75a91474a50c74539fe7f6', 'nesterdroni@mail.ru', '67abfdd575a9db77b1e248ee7edc76e2', '2014-01-12 16:17:57', '0000-00-00 00:00:00', 0, 0),
(44, '', '6a6963b405b0a10c99187c06d0d4a0e4', 'kirila.shlykov@mail.ru', 'd1a6989c52df3fd351cc825592d2475f', '2014-01-13 01:45:09', '0000-00-00 00:00:00', 0, 0),
(45, '', '81c6a9ed0bec2099c9617b57b993d4c9', 'som.polava@yandeks.ru', '6038353566d92d40d1fce6540cbea171', '2014-01-16 07:14:48', '0000-00-00 00:00:00', 0, 0),
(46, '', '559e0eea41b631af23d6615de9057278', 'sokol767@yandex.ru', 'e0fd5b0099906c858412bddc2af38eb3', '2014-01-16 10:04:20', '0000-00-00 00:00:00', 0, 1),
(47, '', '174f6f69598f1bf0089af433564edef0', 'norilei@yandex.ru', 'a6dee07b3c8b00c37f724524fc274c16', '2014-01-17 06:58:28', '0000-00-00 00:00:00', 0, 0),
(48, '', '7b5983345e05236f268755cd66d1cd0f', 'williamtype@hotmail.com', 'd6d154b93641ed006529edfeda5cad1c', '2014-01-24 05:24:03', '0000-00-00 00:00:00', 0, 0),
(49, '', 'e10adc3949ba59abbe56e057f20f883e', 'n.azarenkova@easyroaming.ru', '42fbf6bd8f9522c295006185e1008e8d', '2014-01-24 07:03:21', '0000-00-00 00:00:00', 0, 1),
(50, '', 'e10adc3949ba59abbe56e057f20f883e', 'traveltest@yandex.ru', '180430b874fba4609643461520380618', '2014-01-24 08:15:27', '0000-00-00 00:00:00', 0, 1),
(51, '', 'e10adc3949ba59abbe56e057f20f883e', 'azarenkovmv@yandex.ru', '2e6f65aae853861ed9b6ccedbea5eada', '2014-01-24 08:21:44', '0000-00-00 00:00:00', 0, 1),
(52, '', 'e10adc3949ba59abbe56e057f20f883e', 'adsg@ya.ru', '4549a4dd9263e633135d224787319cfe', '2014-01-25 10:49:22', '0000-00-00 00:00:00', 0, 0),
(53, '', '08b6255f8cebca22c8eca5741341619a', 'Log_in@nalim.shn-host.ru', '789fa03e4bbec5093c84015f06859b5d', '2014-01-25 16:54:08', '0000-00-00 00:00:00', 0, 0),
(54, '', '76419c58730d9f35de7ac538c2fd6737', 'fdhdf@ty.ru', '21b6117f287b352beb93d575f610f48c', '2014-01-26 11:38:17', '0000-00-00 00:00:00', 0, 0),
(55, '', '08b6255f8cebca22c8eca5741341619a', 'Working@nalim.shn-host.ru', 'd0781080ca9433eaa6046a5c811a19b0', '2014-01-26 23:31:09', '0000-00-00 00:00:00', 0, 0),
(56, '', 'e10adc3949ba59abbe56e057f20f883e', 'newntel@mail.ru', '3888b95ff651379dbb469689572e7335', '2014-01-27 04:02:21', '0000-00-00 00:00:00', 0, 0),
(57, '', 'e3ceb5881a0a1fdaad01296d7554868d', 'dfb@sfg.vb', 'cbc21f9d3e14d8a0c74482000541e72a', '2014-01-27 04:23:19', '0000-00-00 00:00:00', 0, 0),
(58, '', '1a100d2c0dab19c4430e7d73762b3423', 'ghtnhn@fbgdgd.cj', '6d8d0a3781d280b0c543d6a75d480b3c', '2014-01-27 04:29:32', '0000-00-00 00:00:00', 0, 0),
(59, '', 'e3ceb5881a0a1fdaad01296d7554868d', 'sfsghdgth@frg.vf', '69cf21a84d19306185b15f8d855ab375', '2014-01-27 04:33:41', '0000-00-00 00:00:00', 0, 0),
(60, '', '1a100d2c0dab19c4430e7d73762b3423', 'sergd@serdty.hg', 'bbf5fb6cca4ac3dd934d036b835c93d5', '2014-01-27 04:37:45', '0000-00-00 00:00:00', 0, 0),
(61, '', 'e10adc3949ba59abbe56e057f20f883e', 'n.azarova@easyroaming.ru', '69117906c49d62e9bf344a8a8ce2b290', '2014-01-27 06:06:54', '0000-00-00 00:00:00', 0, 0),
(62, '', 'e10adc3949ba59abbe56e057f20f883e', 'info@vnasledie.ru', 'c28e4c376b88c91a60b41334ab45b128', '2014-01-27 06:08:36', '0000-00-00 00:00:00', 0, 1),
(63, '', 'ce8b85d72dd062dd7ec0e98f26caa622', 'baleonid@gmail.com', 'acc8ad9e883e72b8ce21f923f4b894d4', '2014-01-28 07:25:39', '0000-00-00 00:00:00', 0, 0),
(64, '', 'e10adc3949ba59abbe56e057f20f883e', 'WEG@YA.RU', '8b81cf0a58434a9067fb7be372caf5fa', '2014-01-28 13:15:43', '0000-00-00 00:00:00', 0, 0),
(65, '', 'e10adc3949ba59abbe56e057f20f883e', 'Azarenkova@vnasledie.ru', '9acd6f883718d53403453a9356fdbd53', '2014-01-29 08:05:49', '0000-00-00 00:00:00', 0, 1),
(66, '', 'e10adc3949ba59abbe56e057f20f883e', 'bobrov@vnasledie.ru', '565fe519f767c7bcfa2f1e908923a40e', '2014-01-30 04:48:15', '0000-00-00 00:00:00', 0, 0),
(67, '', 'e10adc3949ba59abbe56e057f20f883e', 'azarka1@gmail.com', 'c7ecdd2337bd027f8a1d2d2cf1fa37ef', '2014-01-30 05:27:52', '0000-00-00 00:00:00', 0, 1),
(68, '', '25ba8cc52688162a017f1703fa68d31e', 'alexaivanova33@gmail.com', 'a7ab12a84d2eddcd465e41d159cf417e', '2014-02-03 14:36:58', '0000-00-00 00:00:00', 0, 1),
(69, '', 'e0586868ad68d7c869e1da4fc5c179d0', 'abikos@inbox.ru', 'bbc51cb00b9644e577e99f70948e12f2', '2014-02-04 15:44:38', '0000-00-00 00:00:00', 0, 0),
(70, '', 'b839f85c13316672597dd5970ab06016', 'garmashsf@gmail.com', 'f5601f71fb4b7d3b7f2d4e891d1dde13', '2014-02-05 14:33:44', '0000-00-00 00:00:00', 0, 1),
(71, '', '2cdb5444a1f7b55dff88598288d57c38', 'haroldrib@hotmail.com', '359151ee5dae3965411e36e6a6fe4db8', '2014-02-06 19:46:27', '0000-00-00 00:00:00', 0, 0),
(72, '', 'fddc72f0263d3d819ce0c18acea058b9', 'vikastronfer2@mail.ru', '2cfe2a4222ffabddf8d0cf0f42c5d5df', '2014-02-08 15:24:57', '0000-00-00 00:00:00', 0, 0),
(73, '', '8cc3f0463c9663312239fc8c35eb4045', 'melissashine9111@yandex.ru', 'a3364291f7d85b767da88ebb8b0d2b57', '2014-02-08 21:41:48', '0000-00-00 00:00:00', 0, 0),
(74, '', '682383d400caa50a284d6345d8709af1', 'alicjafutka@fejm.pl', '059c57f2235cc4bfbedc1d52864d9723', '2014-02-09 08:36:46', '0000-00-00 00:00:00', 0, 0),
(75, '', '73762e8adb0f4d8c78773acc6d383cae', 'haskisyberjan@cmoki.pl', 'cf2ab460150d4152caf2fecbc6e34c75', '2014-02-09 18:06:26', '0000-00-00 00:00:00', 0, 0),
(76, '', '6995b307a341fab7ed7f8cb3cdc29e08', 'proxymor@z0210.gmailmirror.com', 'a688415c8a5192a6d7f0c0c1ff9b6638', '2014-02-11 07:12:47', '0000-00-00 00:00:00', 0, 0),
(77, '', 'fbf7213dfe19b3d7c26ab90de878a82a', 'trustwat@kurkumazin.shn-host.ru', '09b7d0ff1f50796b854e5146910cdf94', '2014-02-11 12:03:36', '0000-00-00 00:00:00', 0, 0),
(78, '', '6995b307a341fab7ed7f8cb3cdc29e08', 'proy2mor@u00.gmailmirror.com', 'd563394804ae2c00938ca22fec5cc8c9', '2014-02-15 00:26:15', '0000-00-00 00:00:00', 0, 0),
(79, '', '2ede2b33425d9b4104fead9727b2275e', 'posteltex@wegas.ru', '8abe9a17e0ae1cf6455dc2c0065f3dba', '2014-02-16 08:11:33', '0000-00-00 00:00:00', 0, 0),
(80, '', '34e7cf8da53c81d6f82f89d4c944086d', 'new.man.for.skyrim@gmail.com', '5f68f7241054a94934c0a34a028a03d6', '2014-02-17 11:28:26', '0000-00-00 00:00:00', 0, 1),
(81, '', 'e228c264d3188d5ee75934776bdfa9bd', 'narka@seo-turn.ru', '7c2a937a4fa78f0f1169cb0bbb03e74f', '2014-02-17 16:11:59', '0000-00-00 00:00:00', 0, 0),
(82, '', '975df730c86ea0e13f48743b0a1fb072', 'illelsorm@hotmail.com', '50fe80a6921398bfe855ee5048388e2e', '2014-02-17 19:22:27', '0000-00-00 00:00:00', 0, 0),
(83, '', 'a5956787119c72556fe3aae31a89ab5a', 'instry9023si@gmail.com', 'ed17bbc054425e664232f161e9c5a2bc', '2014-02-17 20:00:11', '0000-00-00 00:00:00', 0, 0),
(84, '', '1bce5c7e4cd888591d22bf04c666b294', 'apuma1964@gmail.com', 'dbd94de35d68cf23ce21d369324422a5', '2014-02-25 15:31:09', '0000-00-00 00:00:00', 0, 1),
(85, '', 'e917cbff9b6ba45681dfd033b735b59f', 'kinotyu@yandex.com', 'a3947ad4beadbdb3b9f434de9ede552a', '2014-02-28 02:51:41', '0000-00-00 00:00:00', 0, 0),
(86, '', '5da15b178549172cc611907142c3b33d', 'igra@vesigrosoft.ru', '939a4ce6a897881d8e2cf04255cb6933', '2014-03-01 13:59:58', '0000-00-00 00:00:00', 0, 0),
(87, '', '307766bbd7b2b8a252e3e83bc79a58e5', 'terpnmakohal1982@yandex.com', 'c2732d00882c0f87ed6d1e6bc7ab71ff', '2014-03-02 00:09:07', '0000-00-00 00:00:00', 0, 0),
(88, '', '87f0df3b10b2f1be5066435b6335fad6', 'sfera@bp-sfera.ru', '82e15bfb706879fd2905398a6e0ef3ac', '2014-03-02 13:39:07', '0000-00-00 00:00:00', 0, 0),
(89, '', '2cbcf778452df577617ad7de7daa4ccd', 'asternbuyer@gmail.com', '335d425f30c4d94d0a2d8db51a55e94e', '2014-03-09 05:27:06', '0000-00-00 00:00:00', 0, 1),
(90, '', 'e43bb91da58296eebb29d21097415cf0', 'info@jobvakansiiy.ru', '3a469356b4789bbd0068d10965dc5824', '2014-03-09 20:01:31', '0000-00-00 00:00:00', 0, 0),
(91, '', 'f6863dd17e88235395d3eca996438e69', 'info@torgplit.ru', '18246c05ff6f9c9a1c121cdc8d3875bf', '2014-03-11 15:16:55', '0000-00-00 00:00:00', 0, 0),
(92, '', '03823fb4626f20319e49cccb064e3074', 'Maratabykaev@gmail.com', 'c9b3484aac8470ba72ee941cfca54fdc', '2014-03-13 18:00:40', '0000-00-00 00:00:00', 0, 0),
(93, '', '03823fb4626f20319e49cccb064e3074', 'Maratabykayev@gmail.com', 'd8cb19d452ce4ad1fd31b31cb2eb12eb', '2014-03-13 18:07:14', '0000-00-00 00:00:00', 0, 1),
(94, '', '6a267c1bd0dcfeba3ea0a65bb8dd42e1', 'robertosbug@hotmail.com', '7851ddb1cd8079fa9c9f63ee7c88d6eb', '2014-03-14 08:19:01', '0000-00-00 00:00:00', 0, 0),
(95, '', 'e40511a0cd8669a8b48484c3ed430da9', 'info@richmond-group.ru', 'b92dfb04abe2b8122fcfffac9032cd70', '2014-03-16 04:43:56', '0000-00-00 00:00:00', 0, 0),
(96, '', '8a0a55fd319e70e402a3ce148d456f7c', 'donkey5042@gmail.com', '0e38da245c0d13d17b7246d83e5a3af9', '2014-03-18 02:25:18', '0000-00-00 00:00:00', 0, 1),
(97, '', '3c0eeb43feb1ef2540ab12ef3d77fb47', 'biv-21@list.ru', 'eb0e666f8e814db1fe0fcb22ed3e7f40', '2014-03-18 05:09:27', '0000-00-00 00:00:00', 0, 0),
(98, '', '3c0eeb43feb1ef2540ab12ef3d77fb47', 'biv-21@yandex.ru', '5d0ca23b331d51e8cfd7200aa5638f41', '2014-03-18 05:20:20', '0000-00-00 00:00:00', 0, 1),
(99, '', '4ed29a5f31546408837ce6dcb24a01cd', 'forex@nknx.ru', 'ada52158b8d3ac9970888ef4702be6ba', '2014-03-19 22:04:42', '0000-00-00 00:00:00', 0, 0),
(100, '', '58cb2e6f69c676aae582b5e1857cc920', 'anukamur@gmail.com', '53e3e5243221e3b20da325187a464f42', '2014-03-20 14:10:10', '0000-00-00 00:00:00', 0, 0),
(101, '', 'a7a03484352ae1092b9163a47e19dfe1', 'makuhina@yandex.ru', '7b2fe35cceac7eb5cd50adbc23efd998', '2014-03-21 11:46:38', '0000-00-00 00:00:00', 0, 1),
(102, '', 'b2564ee82ae08b32d50718c91707f55d', '0daymusic.eu@mail.ru', '85b766763c6c10ccf858c369147df368', '2014-03-22 06:02:50', '0000-00-00 00:00:00', 0, 0),
(103, '', 'a517d6e8eb97c6261d0264d131fe91bb', 'trinata87@mail.ru', 'fca4581c05859bd4634fb13d9560435f', '2014-03-22 16:35:29', '0000-00-00 00:00:00', 0, 0),
(104, '', '7eaf7ed000e3aaaca6ba4a1cdd8a71b9', 'robertfuh@yandex.ru', '4eace05f53400e3189c928cb53973051', '2014-03-24 08:38:05', '0000-00-00 00:00:00', 0, 0),
(105, '', 'e6748ac4f0b754ff8acb96278d880ff9', 'federtovig@yandex.ru', '74f337fda07a0114be32a330ad9ef824', '2014-03-24 12:10:16', '0000-00-00 00:00:00', 0, 0),
(106, '', 'ce6c484353b2569120d38ac7441073c7', 'vendingo2@mail.ru', 'c93d99d8255cbf4a2b4e90fe58284abb', '2014-03-27 06:54:20', '0000-00-00 00:00:00', 0, 0),
(107, '', 'c84d77707150d5c158772168065d0ff1', 'charlieen@mail.ru', '38cae6e19a5d1aeeffefbdb3b50d327b', '2014-03-27 20:53:02', '0000-00-00 00:00:00', 0, 0),
(108, '', 'bfb18b6f28f186752306390e74d5f265', 'marinahlebnikovu@yandex.ru', 'b7f0d74368dbf7de1c3a708f7d1386d1', '2014-03-29 16:55:11', '0000-00-00 00:00:00', 0, 0),
(109, '', '792e8248615b53d97c7eb401e5a2ebb4', 'pydupecokaqa@hotmail.com', 'f67f1202c34e7263b5b7affa986f2fee', '2014-03-29 18:27:24', '0000-00-00 00:00:00', 0, 0),
(110, '', '524d2c76337a764d02e259686f414796', 'bioss929@gmail.com', '91d7e47d79e0f6638a028190956c614e', '2014-03-30 17:31:45', '0000-00-00 00:00:00', 0, 0),
(111, '', 'f75f2e21bc4fb79477f57ca216a66efe', 'khvanraisa@gmail.com', 'd705406c02f4329d6cd79d2af6587e3e', '2014-03-31 14:43:54', '0000-00-00 00:00:00', 0, 1),
(112, '', '50ddcbf682c9692f4bd5cbd114658a75', 'motorny@gmail.com', '7d8a413db5dc5af31a8d45dc121acc47', '2014-04-02 07:51:49', '0000-00-00 00:00:00', 0, 1),
(113, '', '2ec65380a2065054af9c37c98d48163d', 'ginnanicy@hotmail.com', '86efde35f111efad3468fe70814bed72', '2014-04-03 20:07:57', '0000-00-00 00:00:00', 0, 0),
(114, '', '9734766bb8d7c01aa18333066bc5bce8', 'vadim@texcare.ru', '699f55f302a1f1fe488c2540fc3d95e8', '2014-04-04 02:21:06', '0000-00-00 00:00:00', 0, 1),
(115, '', '190ad7fafcab7e1e02846660b2ea3da9', 'seoxrum@gmail.com', '0d35eda469e7d62f92fbd224608e9ab1', '2014-04-04 09:16:07', '0000-00-00 00:00:00', 0, 0),
(116, '', 'ba921075c9d00a479f0cfe104b61785b', 'rvrlobanov@rambler.ru', '69011ee3bbd7d0a01e7412d44a555f50', '2014-04-06 04:43:20', '0000-00-00 00:00:00', 0, 0),
(117, '', '8d852a6e1fad27867dbef8dfd0812e31', 'haroldsrmi@hotmail.com', '8e24c7f69764cce788809ad9b9916bb6', '2014-04-13 17:31:10', '0000-00-00 00:00:00', 0, 0),
(118, '', '8f03ffc94505902e3a0d4001efbffcf3', 'rafaelei@yandex.ru', '4c97f6b900dd8634073dac3bc791da3e', '2014-04-17 04:38:38', '0000-00-00 00:00:00', 0, 0),
(119, '', 'ff9bc5f32bf0db3009cf29d69c29eb10', 'zarrinka03@mail.ru', '3ed953968dd0c0451945dbcdc9c31803', '2014-04-20 13:25:24', '0000-00-00 00:00:00', 0, 0),
(120, '', '4eca2670b1ad5689adfabddb5263ad30', 'cureden@gmail.com', 'dc35472e9979c9694de53442c8212b57', '2014-04-21 01:09:44', '0000-00-00 00:00:00', 0, 1),
(121, '', '328e756c53d0f2c3414832244d8379de', 'm.gubareva2014@yanlex.ru', '283b66f4da1d5166bb8dd299a88e3a63', '2014-04-23 16:03:38', '0000-00-00 00:00:00', 0, 0),
(122, '', '328e756c53d0f2c3414832244d8379de', 'm.gubareva2014@yandex.ru', 'be5d2e09e3490f5a738ced1f01b49ce8', '2014-04-23 16:10:44', '0000-00-00 00:00:00', 0, 1),
(123, '', '88ad2e672b3e1b00b3111a273cced3e7', 'akhmerov.mirat@mail.ru', 'a93864a65a08e10288781ab09a36f7a8', '2014-04-26 15:31:52', '0000-00-00 00:00:00', 0, 0),
(124, '', '34b37c394bf7d5f8f8c1258c1fc86d2a', 'fatnev@inbox.ru', '00bde443b562d59f64680730c950f99c', '2014-04-26 15:34:57', '0000-00-00 00:00:00', 0, 0),
(125, '', 'adf4a3d6ddbbf4c4027d6397dfb1cc1d', 'powmiaimageGag@u01.gmailmirror.com', '046a36824689a463b09b6a07d3d0fd23', '2014-04-27 12:10:21', '0000-00-00 00:00:00', 0, 0),
(126, '', 'cefc6451c75c6dc8dce9c10e49be8374', 'ryjckowa.mar@yandex.com', '501a85aafc8a23a4c0eb52d615e69153', '2014-04-28 02:49:56', '0000-00-00 00:00:00', 0, 0),
(127, '', '5bc359c52acad4484a1e2d24fef8d2a5', 'zurekocabek@mail.ru', 'e562faa5c115b4d244714cab318ccde2', '2014-04-29 00:38:32', '0000-00-00 00:00:00', 0, 0),
(128, '', '960b2aaba3d50ca1cbf69e28c4cc84ab', 'snv2007@list.ru', '63f3301418d2912952f5ad07d22b2916', '2014-04-29 08:57:02', '0000-00-00 00:00:00', 0, 0),
(129, '', '35433b54b1d7b5e8de0f27f3c3f8662e', 'imagesoultionsGag@u03.gmailmirror.com', '419d88bb5a2b282e5f8857e2f9a456ff', '2014-04-29 19:50:32', '0000-00-00 00:00:00', 0, 0),
(130, '', 'f56b1d630a25e4ede4b0a86b7de0ceae', 'frank_amede@aol.fr', '77ac8d4ca759a4cc65801d310767b645', '2014-04-30 09:09:54', '0000-00-00 00:00:00', 0, 0),
(131, '', 'adf4a3d6ddbbf4c4027d6397dfb1cc1d', 'redrawingimageGag@u01.gmailmirror.com', 'bd8db408f24e789b1fdf0588d7ffd9f7', '2014-04-30 21:09:16', '0000-00-00 00:00:00', 0, 0),
(132, '', '35433b54b1d7b5e8de0f27f3c3f8662e', 'nashotahGag@u03.gmailmirror.com', 'cc66c161c8853a0ddb22c101c5f4e31a', '2014-05-04 08:38:04', '0000-00-00 00:00:00', 0, 0),
(133, '', '35e8f5c181ba2cec1aee93f3239378d4', 'ydbmh@wersumer.us', '922c06c73636864b43ccd53194d298a3', '2014-05-04 16:07:10', '0000-00-00 00:00:00', 0, 0),
(134, '', '9594371115d15eab6741fc86247d7ccd', 'ohrsijbw9110@veedeepee.com', 'e06bb0fdda3be351ed6aa78b45a63cc0', '2014-05-07 00:44:21', '0000-00-00 00:00:00', 0, 0),
(135, '', 'e8e8f768bb6d47e5b99581d7ce262edf', 'shural.aa@gmail.com', '5503ed578ba82445449057e119a7acba', '2014-05-10 06:56:28', '0000-00-00 00:00:00', 0, 1),
(136, '', '35433b54b1d7b5e8de0f27f3c3f8662e', 'bishopsheadGag@u03.gmailmirror.com', '936fe74c17dbd0cfea9b763ffcf9d1dc', '2014-05-10 20:46:17', '0000-00-00 00:00:00', 0, 0),
(137, '', 'a140426e8cd507f18648dc06638d119d', 'cutmuekenddysp1970@yandex.com', 'ba2305de1771d36fb833d95da477ff72', '2014-05-12 17:41:22', '0000-00-00 00:00:00', 0, 0),
(138, '', 'b8547db651a514f3e9279f26bd6729f2', 'wef@dfgdg.gg', 'cdcf164cdedeff89d7812ae25db23195', '2014-05-13 08:16:37', '0000-00-00 00:00:00', 0, 0),
(139, '', 'd4f698d9e926d4f403cd96bdd2e935af', 'elena.a.zhdanova@gmail.com', 'b1c196d125c7b5b58c5592363f035948', '2014-05-14 06:05:06', '0000-00-00 00:00:00', 0, 1),
(140, '', 'ddf91ad445e2c6e2e6516722a4d3872f', 'mariya.i@easyroaming.ru', '16b9260a944d6a663a29e06c5eb15f44', '2014-05-14 09:46:53', '0000-00-00 00:00:00', 0, 1),
(141, '', 'e63fbf60e6fff6dadfc3277c852d546b', 'grandisrestorente@outlook.com', '297a1b37d280e3e2ab1b65748702e901', '2014-05-15 05:36:13', '0000-00-00 00:00:00', 0, 0),
(142, '', 'acfea9800f77e7a2799e7b1850eddcf2', 'murmurka@gmail.com', 'a4635c5b3096f07027c0a6bb3b463b6e', '2014-05-19 08:12:17', '0000-00-00 00:00:00', 0, 1),
(143, '', 'fa08388c446e61df93e91724b91cf051', 'yasevich@gmail.com', '7f4d00d9b3fbddeaa7cf27c63f2c0b3b', '2014-05-19 17:44:54', '0000-00-00 00:00:00', 0, 1),
(144, '', '0781f6039a458ad406313700f339c859', 'xrum210514@wegas.ru', 'd533304c9cf31db99c367980c07f65bf', '2014-05-21 09:24:17', '0000-00-00 00:00:00', 0, 0),
(145, '', '0b1b5798df020d27116cef34bab4fe69', 'disrestorente@outlook.com', '16e9e0a7b07cb22a38a892803c370d8e', '2014-05-22 04:55:32', '0000-00-00 00:00:00', 0, 0),
(146, '', '4ac1d549f533fab26c64bfbd47ba3c6a', 'da.ny.n.u.tko.s@gmail.com', '148e74b40eaf0c31e667a39785830672', '2014-05-22 06:50:02', '0000-00-00 00:00:00', 0, 0),
(147, '', '4ac1d549f533fab26c64bfbd47ba3c6a', 'd.an.yn.u.tk.os@gmail.com', 'd4bb335d01a8b806cf1aa18c460b52b4', '2014-05-23 12:03:56', '0000-00-00 00:00:00', 0, 0),
(148, '', '25cf1c4514b3a6f812eba502dce39a3f', 'xrum2car@wegas.ru', 'af4bc6b9664251368eae98a5c253405b', '2014-05-23 14:13:44', '0000-00-00 00:00:00', 0, 0),
(149, '', 'a64ecb608a7600fae47aa3f8e4672d63', 'be.monika@mail.ru', 'cbec55e07221cd5cd904fcffe62f00a6', '2014-05-23 19:31:13', '0000-00-00 00:00:00', 0, 0),
(150, '', '4ac1d549f533fab26c64bfbd47ba3c6a', 'd.a.n.yn.u.tk.o.s@gmail.com', 'e0650ff0b3998f7b404c3acb9bf8e1be', '2014-05-25 04:22:22', '0000-00-00 00:00:00', 0, 0),
(151, '', '5842fda9b5ba5da84b039901672725ca', 'joshuei@yandex.ru', 'a3e31a47a66892d0514d0a1b14cd0bd6', '2014-05-25 15:44:55', '0000-00-00 00:00:00', 0, 0),
(152, '', '4ac1d549f533fab26c64bfbd47ba3c6a', 'd.an.y.n.ut.k.os@gmail.com', '0638ad7db1c772a1437b099132478a4b', '2014-05-25 20:11:24', '0000-00-00 00:00:00', 0, 0),
(153, '', 'ef83a9b90701174da3ec0fad0332c32c', 'dustingank@yandex.ru', 'ffd45fafc8442ed9670e4b9cc1271349', '2014-05-26 18:43:48', '0000-00-00 00:00:00', 0, 0),
(154, '', '4ac1d549f533fab26c64bfbd47ba3c6a', 'd.a.n.yn.ut.ko.s@gmail.com', 'e6b2f869da0bff01b23dcd4744177794', '2014-05-27 00:12:19', '0000-00-00 00:00:00', 0, 0),
(155, '', '4ac1d549f533fab26c64bfbd47ba3c6a', 'dan.yn.ut.k.o.s@gmail.com', '40d151989c77290333dad6df225cbad8', '2014-05-27 02:23:11', '0000-00-00 00:00:00', 0, 0),
(156, '', '454e3b26594daf3bc293fa6d11fa5689', 'prodazha.zemsnariada.tsindao@yandex.ru', 'ffc394d24d7c913aef1d6a530e2e3d16', '2014-05-27 20:33:53', '0000-00-00 00:00:00', 0, 0),
(157, '', 'adf4a3d6ddbbf4c4027d6397dfb1cc1d', 'peacevalleyGag@u01.gmailmirror.com', '0dd869e1c7735d610397f610e94ad590', '2014-05-28 14:42:34', '0000-00-00 00:00:00', 0, 0),
(158, '', 'f9e84c56e648dc4e2568c40e24091ce9', 'abookzz@mail.ru', '422e855a58502312d6191ffa4e47b20e', '2014-05-28 22:44:32', '0000-00-00 00:00:00', 0, 0),
(159, '', '4ac1d549f533fab26c64bfbd47ba3c6a', 'd.a.n.y.n.utkos@gmail.com', 'b798904fd4b99b21841d2e746e9ba5f5', '2014-05-29 00:45:02', '0000-00-00 00:00:00', 0, 0),
(160, '', '6fb42da0e32e07b61c9f0251fe627a9c', 'ryshechki@live.ru', 'd2c7379c98774efbc1bec330f6a49590', '2014-05-29 02:10:55', '0000-00-00 00:00:00', 0, 1),
(161, '', 'adf4a3d6ddbbf4c4027d6397dfb1cc1d', 'grenadinesGag@u01.gmailmirror.com', '2dd01fbd5ca82dfde7edf1254ab5c83a', '2014-05-29 02:33:01', '0000-00-00 00:00:00', 0, 0),
(162, '', '37e6cdc00bbbb280e77aeee485c29a09', 'fretagfretagGag@u00.gmailmirror.com', 'e28be9f5c10416d348f10aba2298f441', '2014-05-29 11:14:13', '0000-00-00 00:00:00', 0, 0),
(163, '', 'adf4a3d6ddbbf4c4027d6397dfb1cc1d', 'drycreekGag@u01.gmailmirror.com', 'c92f60588a27930ec91ae006cf24ddd2', '2014-05-29 12:27:50', '0000-00-00 00:00:00', 0, 0),
(164, '', '37e6cdc00bbbb280e77aeee485c29a09', 'ucellumucellumGag@u00.gmailmirror.com', 'fc162f0960c451b6b5e45bcf197cdd19', '2014-05-29 18:46:33', '0000-00-00 00:00:00', 0, 0),
(165, '', 'adf4a3d6ddbbf4c4027d6397dfb1cc1d', 'naranaraGag@u01.gmailmirror.com', '6bb37841082f670b35e0e0ff13df1dd1', '2014-05-29 20:09:14', '0000-00-00 00:00:00', 0, 0),
(166, '', '255874ee9a293db96a9acd1163a56082', 'Unknown@unknown.ru', '14e7eac2ab74eb22e63ae9a8a18be07b', '2014-05-29 20:47:52', '0000-00-00 00:00:00', 0, 0),
(167, '', '4ac1d549f533fab26c64bfbd47ba3c6a', 'danyn.u.t.k.o.s@gmail.com', '5eaf5fe14fc79846921e43f99123f1ee', '2014-05-29 21:13:41', '0000-00-00 00:00:00', 0, 0),
(168, '', '4ac1d549f533fab26c64bfbd47ba3c6a', 'd.a.n.y.nu.t.ko.s@gmail.com', '27065633854bf232ed6c4d17189817ea', '2014-05-29 22:27:43', '0000-00-00 00:00:00', 0, 0),
(169, '', '86466632a3a622c7dd71fa59349436bd', 'boookstp@gmail.com', '8eb653d90c0058121c191e2f999f9f0c', '2014-05-30 00:30:21', '0000-00-00 00:00:00', 0, 0),
(170, '', 'adf4a3d6ddbbf4c4027d6397dfb1cc1d', 'codoruscodorusGag@u01.gmailmirror.com', 'f048ff5887f4d99a736a6898a4b22a5e', '2014-05-31 00:15:56', '0000-00-00 00:00:00', 0, 0),
(171, '', '81b330ef77faa0e6e95e3a2326a2760b', 'graphicriver@k00.gmailmirror.com', '03e57b9968c80586367ea937a07970c0', '2014-05-31 08:42:13', '0000-00-00 00:00:00', 0, 0),
(172, '', '37e6cdc00bbbb280e77aeee485c29a09', 'toilartoilarGag@u00.gmailmirror.com', 'cd208918b03ef9ef224c6a30eeb2743d', '2014-05-31 08:50:12', '0000-00-00 00:00:00', 0, 0),
(173, '', '9023e90896492b6ab76011222ac1afa0', 'AlixFrulkN@blog-1.ru', 'cebceea81956913492a4dcd84575a32b', '2014-05-31 14:26:10', '0000-00-00 00:00:00', 0, 0),
(174, '', 'f51a823c1959f871567858e8ba720d58', 'rlsdayskn@gmail.com', 'c1e2c910d4b93a4ab851be030b2af026', '2014-06-01 13:14:48', '0000-00-00 00:00:00', 0, 0),
(175, '', '34d146577b5f276ecbec030a7f6e86fd', 'ms.vorona6175@mail.ru', 'ffc7863400ea05b31653712ff9d4e674', '2014-06-02 02:06:21', '0000-00-00 00:00:00', 0, 0),
(176, '', 'fefa4a1290f54c3d3af0d19e3a9c0839', 'web23@inbox.ru', 'cc3f5107f07efa48f1f92836c6a212ba', '2014-06-02 09:42:57', '0000-00-00 00:00:00', 0, 0),
(177, '', '4ac1d549f533fab26c64bfbd47ba3c6a', 'd.anyn.utkos@gmail.com', '0096b2e4b046d571ab9e26d037de0c2e', '2014-06-03 00:38:32', '0000-00-00 00:00:00', 0, 0),
(178, '', 'c51a1862056465b2eeaac29e4601cb09', 'genrysl@yandex.ru', '3b254b39a600fb6f1e44c320edb2adeb', '2014-06-03 01:10:13', '0000-00-00 00:00:00', 0, 0),
(179, '', '4ac1d549f533fab26c64bfbd47ba3c6a', 'd.a.n.yn.utko.s@gmail.com', 'b8e292d409b77f6f75168548b23ffc80', '2014-06-03 04:07:32', '0000-00-00 00:00:00', 0, 0),
(180, '', '3f5531512ec62bb8f22e6a0ff57b4fb5', '2014a1035@zfymail.com', 'f08f7e45ad0a30f37f8f14e954c889cc', '2014-06-03 04:43:27', '0000-00-00 00:00:00', 0, 0),
(181, '', '4ac1d549f533fab26c64bfbd47ba3c6a', 'danynutk.os@gmail.com', '384e39970089671e99fdf264852f2580', '2014-06-04 18:18:55', '0000-00-00 00:00:00', 0, 0),
(182, '', '4ac1d549f533fab26c64bfbd47ba3c6a', 'dan.y.n.utko.s@gmail.com', '5e86a4d715e9b3ab799c5f9b08190efb', '2014-06-05 22:06:23', '0000-00-00 00:00:00', 0, 0),
(183, '', 'a743ea51ea698f714bbf72f92c5fd2bc', 'wkpfahlerd@yahoo.com', '3e440ac0fad816e5cf927d8e334b09b9', '2014-06-05 23:17:56', '0000-00-00 00:00:00', 0, 1),
(184, '', 'dfa10a4c484bb9c449c9b54221c55393', 'carlosk2014pi@gmail.com', '7e5d724947b299ab54b3638a26d12207', '2014-06-06 00:31:29', '0000-00-00 00:00:00', 0, 0),
(185, '', '7bd3f95f390115bc95e3f7f9affd50c1', 'waltermts@outlook.com', 'aed943cb1eb70f9837c201ae7996a9a7', '2014-06-06 02:22:07', '0000-00-00 00:00:00', 0, 0),
(186, '', '0c011f83b5fc7fec045abd5189c049ed', 'Tatuiko@transfor.ru', '0209b20d4cfd7ffdcbe38eb78e903bac', '2014-06-07 03:15:06', '0000-00-00 00:00:00', 0, 0),
(187, '', '4ac1d549f533fab26c64bfbd47ba3c6a', 'da.n.yn.u.tko.s@gmail.com', 'ae3ca2a5521ab4c9d42d7605a0ef38b0', '2014-06-08 22:57:19', '0000-00-00 00:00:00', 0, 0),
(188, '', 'b0e7a42201b05af2dc180c51b4bebd0f', '2014a1103@zfymail.com', 'ee36ce7f6406687a7d20e67775f6ba3f', '2014-06-09 01:10:14', '0000-00-00 00:00:00', 0, 0),
(189, '', '0e0317dcae9cd486fd13d6a6f37e3e99', '01av@bk.ru', '2033ee394966a5419342ea2008ebcb47', '2014-06-09 04:12:13', '0000-00-00 00:00:00', 0, 0),
(190, '', '4ac1d549f533fab26c64bfbd47ba3c6a', 'dany.n.utko.s@gmail.com', '5d174d10bba81645c4b780de870d1946', '2014-06-11 04:01:59', '0000-00-00 00:00:00', 0, 0),
(191, '', '0f2eff7c7ff1a74a6619049abd296d3a', 'walterrop@outlook.com', 'f02e0d5b5e584dca63262a854fb43a82', '2014-06-11 08:18:07', '0000-00-00 00:00:00', 0, 0),
(192, '', '23a63908882f9980a18690a7d8454b58', '2014a1264@zfymail.com', '6d3e7f7a2615eac9d5d2a1a81d341b0b', '2014-06-11 09:00:55', '0000-00-00 00:00:00', 0, 0),
(193, '', '3106453f4d1490097d52a8c8a6705d30', '2014a1316@zfymail.com', '33d6d2e9c21bdca9474bc0e400a5d27b', '2014-06-13 10:05:26', '0000-00-00 00:00:00', 0, 0),
(194, '', 'e0bdc34b6fddc7ebecf33a4848e8a625', 'seceshi0510@163.com', '69b9de19e21d3412a5947d0429bf0448', '2014-06-13 14:06:11', '0000-00-00 00:00:00', 0, 0),
(195, '', '4ac1d549f533fab26c64bfbd47ba3c6a', 'd.anynu.t.k.o.s@gmail.com', 'a19cb731f34982fb174e4e51419a2fe1', '2014-06-14 04:39:06', '0000-00-00 00:00:00', 0, 0),
(196, '', '4ac1d549f533fab26c64bfbd47ba3c6a', 'da.ny.n.ut.kos@gmail.com', '3bf87ec86aef5aded1642d329c4ca17e', '2014-06-14 07:36:28', '0000-00-00 00:00:00', 0, 0),
(197, '', '4ac1d549f533fab26c64bfbd47ba3c6a', 'dan.ynu.t.k.os@gmail.com', '3cc408be99a6b765ffc8067b2f406d22', '2014-06-14 11:09:59', '0000-00-00 00:00:00', 0, 0),
(198, '', 'ed8d8d34857c3fc6c29ccbb3df9ea612', 'jenlapin@yandex.ru', '50df68c189b4361d2148236f6baf4024', '2014-06-14 12:04:41', '0000-00-00 00:00:00', 0, 0),
(199, '', 'da82ffb8f296a29323628f009e39a815', '2014a1327@zfymail.com', 'c218ac5a4b8410875ecdac9284e7ef57', '2014-06-15 12:09:40', '0000-00-00 00:00:00', 0, 0),
(200, '', '4ac1d549f533fab26c64bfbd47ba3c6a', 'dan.yn.u.tko.s@gmail.com', 'bf9d1e843953709d272e22f8c47019d6', '2014-06-16 06:44:44', '0000-00-00 00:00:00', 0, 0),
(201, '', '9ccad8924cfb3da122900b9aa68fc0e5', 'alexmuz@gmail.com', '523bf0e73ab4456892b850af60f7a4f5', '2014-06-17 03:27:52', '0000-00-00 00:00:00', 0, 1),
(202, '', '4de144d1d50ab128540bf218a3cd3c51', '2014a1355@zfymail.com', 'eebc7b8707d82402935db050d4364de7', '2014-06-17 05:07:05', '0000-00-00 00:00:00', 0, 0),
(203, '', '4ac1d549f533fab26c64bfbd47ba3c6a', 'd.a.ny.n.utk.o.s@gmail.com', '33b638b23365544679d7f8b9c8f82e50', '2014-06-17 05:11:12', '0000-00-00 00:00:00', 0, 0),
(204, '', 'dda573c116176f570913c09e844a35d9', 'promokodg2d0@odegda-optom.biz', '793e9acfce9e70a7899491b28f076d39', '2014-06-17 17:34:53', '0000-00-00 00:00:00', 0, 0),
(205, '', 'f72c019ac5710bcdfea0bbeb2908825a', 'kenethliz@outlook.com', '0262711c34e50b455b0e28a889b75132', '2014-06-17 21:58:43', '0000-00-00 00:00:00', 0, 0),
(206, '', '3677acd704c99d5fc30b18718ecb4b8e', 'tgmix@mail.ru', 'c728cb2752ed72546d6be6d416563ad6', '2014-06-18 07:55:07', '0000-00-00 00:00:00', 0, 0),
(207, '', 'd2303d31ec025102d425e2103f9ee521', 'lady_glebova@mail.ru', '999642efee1403298cf5fe1f22561dc8', '2014-06-20 00:20:17', '0000-00-00 00:00:00', 0, 0),
(208, '', 'de96ab32d1395516e01e2e3927456881', 'xdrugxixamx@mail.ru', '6b41e1782d0a90b8ebf9a7529aa8b4b5', '2014-06-20 01:29:49', '0000-00-00 00:00:00', 0, 0),
(209, '', 'a252a651b3c84bb99f178dfb610431cd', '2014a1434@zfymail.com', 'c59d773b80e7399af6af41bc0da57b95', '2014-06-20 09:50:51', '0000-00-00 00:00:00', 0, 0),
(210, '', '4ac1d549f533fab26c64bfbd47ba3c6a', 'danyn.u.tko.s@gmail.com', '3b9df216990f8e64893cd19608d24a50', '2014-06-21 16:07:55', '0000-00-00 00:00:00', 0, 0),
(211, '', '4ac1d549f533fab26c64bfbd47ba3c6a', 'dan.yn.utko.s@gmail.com', '57b4979cd62afb53933ca405eb2879c0', '2014-06-21 23:34:44', '0000-00-00 00:00:00', 0, 0),
(212, '', '4ac1d549f533fab26c64bfbd47ba3c6a', 'da.n.y.nutk.os@gmail.com', '3d2e38f0685e6e4fd16a4df7e2ea26b8', '2014-06-22 06:26:25', '0000-00-00 00:00:00', 0, 0),
(213, '', 'c9f9e04e4fbd04912eab11b0ee6eab4a', 'atesanec@yandex.ru', 'd825ebc3dd735c1591d7959dee91f994', '2014-06-23 03:22:52', '0000-00-00 00:00:00', 0, 1),
(214, '', 'a17a6f1c3af9f7e6af03ab134c4d7d9f', '2014a1510@zfymail.com', '9ea2b1282cc3cb5e1c91019d3c1da05a', '2014-06-23 11:41:21', '0000-00-00 00:00:00', 0, 0),
(215, '', 'c0935b6b2bef96c837d15fa82db1c81f', 'libackground@de00.gmailmirror.com', 'eed9e763447bc5f568f0a82916763038', '2014-06-25 02:51:30', '0000-00-00 00:00:00', 0, 0),
(216, '', 'cefc6451c75c6dc8dce9c10e49be8374', 'alyonasuworowa@yandex.com', '8acc2e5d89bfcd1ced866cdf8ee35b23', '2014-06-25 11:51:02', '0000-00-00 00:00:00', 0, 0),
(217, '', '4ac1d549f533fab26c64bfbd47ba3c6a', 'd.a.nynu.tk.os@gmail.com', 'eca1bb40702714423c13fa842042eb79', '2014-06-25 14:41:51', '0000-00-00 00:00:00', 0, 0),
(218, '', '4ac1d549f533fab26c64bfbd47ba3c6a', 'dany.nut.k.o.s@gmail.com', 'c8c748df3517a2eb63684be74effc7b8', '2014-06-25 16:19:17', '0000-00-00 00:00:00', 0, 0),
(219, '', '4ac1d549f533fab26c64bfbd47ba3c6a', 'da.n.ynut.k.o.s@gmail.com', 'c907decd2f7e7a2f13a653170030bfc0', '2014-06-25 18:46:24', '0000-00-00 00:00:00', 0, 0),
(220, '', '5f884ca49c59660ba2f4cf6d19516203', '2014a1558@zfymail.com', 'e4eb4655527533a91d5609d3c8ed2795', '2014-06-26 03:52:57', '0000-00-00 00:00:00', 0, 0),
(221, '', '4ac1d549f533fab26c64bfbd47ba3c6a', 'd.a.n.ynu.tk.o.s@gmail.com', '56fe0449941dec61ed8fc99c5325054a', '2014-06-27 05:24:21', '0000-00-00 00:00:00', 0, 0),
(222, '', '4ac1d549f533fab26c64bfbd47ba3c6a', 'dan.y.nu.t.kos@gmail.com', '01beacc949a586b37ee8fea3eb306bbf', '2014-06-28 02:37:59', '0000-00-00 00:00:00', 0, 0),
(223, '', '4ac1d549f533fab26c64bfbd47ba3c6a', 'dany.n.u.tko.s@gmail.com', '6a6c0bbb90e40cbfbc694627dc25a343', '2014-06-28 08:17:36', '0000-00-00 00:00:00', 0, 0),
(224, '', '04a1d2775d46b205d2b326973f342b26', 'edmondhit@yandex.ru', '3b4e4812ff28e58f9c63bba464e1a797', '2014-06-29 14:25:35', '0000-00-00 00:00:00', 0, 0),
(225, '', '2f73ba614081b4c3cd3d5e6074f902b4', '2014a1815@zfymail.com', '8def3127c462438e7d9091a1b0ee726c', '2014-07-01 11:04:17', '0000-00-00 00:00:00', 0, 0),
(226, '', '1d7b217127d82ea1eac7e3b92090a463', 'ncuxxx@gmail.com', '619ecb14424b76f99110836c30115804', '2014-07-02 03:43:46', '0000-00-00 00:00:00', 0, 1),
(227, '', 'a57f76a2ff9d4ac1bc04b547eef89d7a', 'alya-akhmetova@mail.ru', 'f7414a8ad5060eab96758b37c98dc32c', '2014-07-02 14:27:02', '0000-00-00 00:00:00', 0, 0),
(228, '', '9b54b84293c7b4f89a81f783acfe7d02', 'detivsporte@yandex.ru', 'a22bf8e1959e9051c9c2134ef4abbb4c', '2014-07-02 18:40:03', '0000-00-00 00:00:00', 0, 0),
(229, '', '5f786b2797441b38ed8bda64555157f9', 'bryanjjew@aol.com', 'c057df4a1e3845024083fc0118f3cd5c', '2014-07-04 06:00:05', '0000-00-00 00:00:00', 0, 0),
(230, '', '7ec8f74039c032d9e83e6edd7f6648f6', 'pooshkinsr@gmail.com', '813479f1e67ca6d1adfab163ddef5fc3', '2014-07-05 02:48:01', '0000-00-00 00:00:00', 0, 0),
(231, '', 'cd86411f58e8678bfc2187917d313cb8', '2014a1861@zfymail.com', '416680d312e0982951d4317da9f3c906', '2014-07-06 08:55:13', '0000-00-00 00:00:00', 0, 0),
(232, '', '00fada8e4e7bea7c0444ab423ee4d375', 'buyanov.lev@mail.ru', 'b89043db2fac5be7a6004efcde241dab', '2014-07-06 10:27:48', '0000-00-00 00:00:00', 0, 0),
(233, '', 'a565b1efd6490c1d0b03ecea29c4d448', 'cmaroufidis@gmail.com', 'e6252bbfda7da5d423b20bd9bb6484e3', '2014-07-06 13:28:46', '0000-00-00 00:00:00', 0, 1),
(234, '', '6d2e8b02f6a3323875ce401a466750ff', 'ajf140429@hotmail.com', 'b90b904b1b77f7656e915d649b3f1ee5', '2014-07-07 11:42:47', '0000-00-00 00:00:00', 0, 0),
(235, '', 'd791e08ab837f843bb47b377eafea727', 'tlsldat@ipiurl.net', 'ff7b9e6c75397d06e74c46822fe716c8', '2014-07-07 17:23:24', '0000-00-00 00:00:00', 0, 0),
(236, '', '6d2e8b02f6a3323875ce401a466750ff', 'ajs140442@hotmail.com', 'b2e16953f6fb10bf5a8630bba299e9da', '2014-07-07 17:32:29', '0000-00-00 00:00:00', 0, 0),
(237, '', 'ac3c38d4709eb4a41d33d0856a929376', '2014a2037@zfymail.com', 'cd60d89a741c3cc2148dc4cb146b38dd', '2014-07-09 03:06:14', '0000-00-00 00:00:00', 0, 0),
(238, '', 'b129a0cf0441963c5bd41e78fd70ec3b', '2014a2048@zfymail.com', '8a4062afdc07ca7e8d242b579df31802', '2014-07-09 12:27:27', '0000-00-00 00:00:00', 0, 0),
(239, '', 'e4f1ee70c698a129fd50624360191e91', 'vvsidorov@mail.ru', 'e7b672e739b334beb1a7b7d9c2a52679', '2014-07-10 03:13:12', '0000-00-00 00:00:00', 0, 0),
(240, '', 'e4f1ee70c698a129fd50624360191e91', 'vvsidorov@gmail.com', 'a69194947112f060625ef450b2091026', '2014-07-10 04:07:56', '0000-00-00 00:00:00', 0, 1),
(241, '', '119c9c34f1ab4c8f0c23c8f84149e881', 'sloginov@gmail.com', '3db0f14256c3db71d2a3f142ee5ffdb2', '2014-07-12 13:01:39', '0000-00-00 00:00:00', 0, 1),
(242, '', '04a1d2775d46b205d2b326973f342b26', 'edmondhit2014@yandex.ru', '8efb193f850b928328d9f11cf2e1dc87', '2014-07-13 00:06:20', '0000-00-00 00:00:00', 0, 0),
(243, '', '08108545d2718e954646e33e78abc69f', 'goloushev1992@mail.ru', '381da2078bf3b4ca74d4416da88d57ad', '2014-07-13 01:18:05', '0000-00-00 00:00:00', 0, 0),
(244, '', 'bb345d7f825e8dd09f122febc2abbf65', 'advisedur+jjkd@outlook.com', '09150d55af56ced9a8774c42e5b47ae4', '2014-07-13 09:59:22', '0000-00-00 00:00:00', 0, 0),
(245, '', 'a90a73542cbd7d8783bcb3b4cd1d155e', 'rayongram+jjkd@outlook.com', '5f6111ac58cd80c9a66c6a156695c04b', '2014-07-13 14:06:01', '0000-00-00 00:00:00', 0, 0),
(246, '', 'a18c8decdddb16eb52fecd8296e5e9c9', 'milehood+jjkd@outlook.com', '1d37d6d9251bcbbda960d64276373f5b', '2014-07-13 16:47:41', '0000-00-00 00:00:00', 0, 0),
(247, '', '0e2685e58fc08275bbe53a6364cb9092', 'rusl1411@mail.ru', '11ff783a391c07d296d8f39144f07c09', '2014-07-15 12:56:35', '0000-00-00 00:00:00', 0, 0),
(248, 'rusl1411', '0e2685e58fc08275bbe53a6364cb9092', 'iq_100500@spaces.ru', '21d23f9bdb30634a51a1e266296fab14', '2014-07-15 13:07:26', '2014-07-31 00:27:55', 0, 1),
(249, '', 'd06faf036bcf2a1f1ce005e1160c1a3b', 'marburymarburyGag@uk01.gmailmirror.com', 'ec60787e3eecfdec2b8f12405134a068', '2014-07-17 19:32:16', '0000-00-00 00:00:00', 0, 0),
(250, '', '50efe523ed94b9d443ac066023a6785c', 'liusuifeng@yandex.ru', 'cebde82f1d977510aa7c623b29edcd8f', '2014-07-18 05:56:14', '0000-00-00 00:00:00', 0, 0),
(251, '', '1c448ec27e12a53e57d34ecc43d098c1', 'natalip4elinova@gmail.com', '77d2cb9c80de2a59c9aa3c3e29fdc409', '2014-07-18 06:52:38', '0000-00-00 00:00:00', 0, 1),
(252, '', 'f9611bee07a350df4e44099093ee387e', '873273@mail.ru', '737c913206f4c7da4a370440ef9e8641', '2014-07-18 08:13:37', '0000-00-00 00:00:00', 0, 0),
(253, '', 'f1511427d692a008c7af694ac90f9a58', 'benniejeans@yandex.ru', '8613224428ca05f9a692ce60526ab0c0', '2014-07-18 08:34:14', '0000-00-00 00:00:00', 0, 0),
(254, '', '6352e2c2ada2020afd95a3a9cad8b4d5', 'fanbeer@bk.ru', 'da0136a7a338828f3c35de65dd0dadf0', '2014-07-19 13:22:50', '0000-00-00 00:00:00', 0, 0),
(255, '', '6352e2c2ada2020afd95a3a9cad8b4d5', 'fanbeer@gmail.com', 'da70b3d2289ec68e8749db61bdbc61ef', '2014-07-19 13:53:16', '0000-00-00 00:00:00', 0, 1),
(256, '', 'e793e3b57d59290ae48d2fe6980ed011', 'alex33max@gmail.com', '9dfd6544b3009e96fb7b45470c41164c', '2014-07-19 16:07:28', '0000-00-00 00:00:00', 0, 0),
(257, '', '10e181642c74893dbd44cb01d9eefe99', 'olgaberestova77@yandex.ru', 'a710757c7ab013037ce31879de19505a', '2014-07-19 20:45:48', '0000-00-00 00:00:00', 0, 0),
(258, '', 'd7c3fb526f41b4778da7d05982b0818e', 'snuglyoa+jd@outlook.com', '4e762d64b4132c99bf0b658053a9a627', '2014-07-20 10:14:08', '0000-00-00 00:00:00', 0, 0),
(259, '', 'c4560954648e26bd9fe72187a75660a6', 'dmitry.sokolov3@mail.ru', '9f3ebf0407779baf06855719ed188ddf', '2014-07-21 03:49:58', '0000-00-00 00:00:00', 0, 0),
(260, '', 'f1511427d692a008c7af694ac90f9a58', 'shaftesbury.prisc@yandex.ru', 'fcd2a2a3a7632941fe1700d37f3454d0', '2014-07-25 10:53:41', '0000-00-00 00:00:00', 0, 0),
(261, '', '06fd3a6d51f45c1d2f2bf211b9bdacfb', 'm6s17u0@mail.ru', 'b70f61c6ff8c9162a3717372d1a0da62', '2014-07-25 18:30:51', '0000-00-00 00:00:00', 0, 0),
(262, '', '5f6d7bc9ac314a900a7f722fd3e39217', 'info@italiamania.ru', '798c05e4aa27b619f58820b5ca224b7f', '2014-07-28 07:14:34', '0000-00-00 00:00:00', 0, 1),
(263, '', '0e63128b42d8735e6415a4100587e4e0', 'kim.keam@yandex.com', '82c43103d723dcaf751afea131807c1b', '2014-07-29 00:31:55', '0000-00-00 00:00:00', 0, 0),
(264, '', '61d8765fd55ec2070f7056e8eb520eca', 'cleckheaton@yandex.ru', '449b510ca0744702c4fcfe164d478fcc', '2014-07-29 12:41:06', '0000-00-00 00:00:00', 0, 0),
(265, '', 'f034130538fe71118edf6112c302ca14', 'poligrafovitch.poligraf2015@yandex.ru', '8d497727892cbb421cd7c4dc434d00ae', '2014-07-31 17:20:35', '0000-00-00 00:00:00', 0, 0),
(266, '', '7167602f5d32de771ffee31b701e01de', 'sapilin.armencka@yandex.ru', '721150c0b76da9c91ab1b72ca0ceb0da', '2014-07-31 22:03:25', '0000-00-00 00:00:00', 0, 0),
(267, '', '1bac08cae12791658579a246a6c0d366', 'Yes.ermilov@gmail.com', '04706ec7b48178409bff875108a6c4fa', '2014-08-01 19:12:00', '0000-00-00 00:00:00', 0, 1),
(268, '', '3108b460b835e3da12da5c0d8d6a7d8b', 'upolovnikoff.albert@yandex.ru', '057a3d4f6aa4b076c767fe81bf93ba70', '2014-08-02 04:03:58', '0000-00-00 00:00:00', 0, 0),
(269, '', 'ac2c96f92165cafb128422901e403ca3', 'aholohdiai@yandex.ru', '312f86a8f4fef99796c8786c48b1ec55', '2014-08-02 22:08:52', '0000-00-00 00:00:00', 0, 0),
(270, '', 'a82d650dae6db9b3c271dec1ca5d73e9', 'komarovich37@gmail.com', '2906724e59d45f2eb92466e39aedcce9', '2014-08-03 06:02:09', '0000-00-00 00:00:00', 0, 1),
(271, '', 'f1a3547dcf83cb3b354eac91ffdb3ebf', 'kimov.arlexon@yandex.ru', 'd24ef62d9ce421d04e792ac93b194a82', '2014-08-05 01:14:00', '0000-00-00 00:00:00', 0, 0),
(272, '', '71d5eb924bbf26d181b1b5006ca58712', 'artan.alibanov@yandex.ru', 'adead71ae8c18b5fb3e24e9e95fc268c', '2014-08-05 15:01:15', '0000-00-00 00:00:00', 0, 0),
(273, '', '69bca810902ad99059fc4b3cf1c7d503', 'kulaginandre80@yandex.ru', '106ea661cbb1c836aa527fb45bcfd907', '2014-08-05 22:10:35', '0000-00-00 00:00:00', 0, 0),
(274, '', '3df48ffda44844c458884dea642a110a', 'lena@komplektuem.com', '305d193262b4e2eb7b382cfe4a27abca', '2014-08-06 05:37:56', '0000-00-00 00:00:00', 0, 1),
(275, '', 'fa9305db2e8f2430af8a984af6093518', 'BUNINA.07@MAIL.RU', 'a71c73e4fe11e99ecca2c800ee60e7b8', '2014-08-06 07:07:45', '0000-00-00 00:00:00', 0, 1),
(276, '', 'b7478007fb0de3d344127d71534f524e', 'rene.paley@yandex.ru', '7211e6ca602415d472aef3a9a416162d', '2014-08-06 12:19:44', '0000-00-00 00:00:00', 0, 0),
(277, '', '15b7f81dd7329bf1c02401a73666da92', 'armen.arsenov@yandex.ru', '886c9cec25057b766ec7031a1fa70ffc', '2014-08-06 19:58:45', '0000-00-00 00:00:00', 0, 0),
(278, '', '36e585c6c26b6a392a345b8b4509af44', 'BeicheToiffef@123hummer.com', '23859e813741999088fc788235c8588d', '2014-08-07 07:21:42', '0000-00-00 00:00:00', 0, 0),
(279, '', '855796510483426bdbbc1e4ab424f886', 'pomerol@yandex.ru', 'ae751a52a81dbacec1bd1ff12fca3cc6', '2014-08-07 15:40:30', '0000-00-00 00:00:00', 0, 1),
(280, '', 'ebf0a4fb2488c0064e10989f7238fecb', 'williamClenjelry@sukenjp.com', 'a9cf00a522392f796ba71dd16811e831', '2014-08-07 15:50:23', '0000-00-00 00:00:00', 0, 0),
(281, '', '6c57fda8741ff019dc683c7822e4c233', 'shuvalov.kim@yandex.ru', 'cf512442e7122218d2223da3405fda70', '2014-08-08 01:23:48', '0000-00-00 00:00:00', 0, 0),
(282, '', '11ac06b5a759122db1defaf4b967c8f7', 'burina.diana2015@yandex.ru', 'b22b86a44aaed8cfa017406c83052791', '2014-08-09 18:13:35', '0000-00-00 00:00:00', 0, 0),
(283, '', 'da8de654307e6c6293a8df29d9853bf8', 'don.a.ld.no.m@gmail.com', 'ac001453d79e0c8940c65ce70223f01b', '2014-08-09 22:56:30', '0000-00-00 00:00:00', 0, 0),
(284, '', '3032546aefe24caec94d12eae5540121', 'd.ron1984me@gmail.com', '8b3872921e982af792d481d71bc46703', '2014-08-10 19:42:45', '0000-00-00 00:00:00', 0, 0),
(285, '', '1d00af7619bc92512648c35fa74144c6', 'o.abramian@mail.ru', '163faa0798b390c8a9356b6f8901edd2', '2014-08-11 08:32:49', '0000-00-00 00:00:00', 0, 0),
(286, '', '1d00af7619bc92512648c35fa74144c6', 'o.abramian@ruskraski.ru', '7a848ba58f0fed94119073c2355bb67e', '2014-08-11 09:34:21', '0000-00-00 00:00:00', 0, 0),
(287, '', '08b5411f848a2581a41672a759c87380', 'ekatkov@gmail.com', '392ea82b7d07c4b770d3069947bc16d3', '2014-08-11 11:45:16', '0000-00-00 00:00:00', 0, 1),
(288, '', 'fa2341578a17b631496babc6081e3f5b', 'alexbobrov79@yandex.ru', 'e2799734db4865ed041304504c786b8e', '2014-08-11 19:19:06', '0000-00-00 00:00:00', 0, 0),
(289, '', '99ae2a1649218b1f708150bf22236407', 'neotour@list.ru', 'd2750b62d9d5ad6470e5e0df1ccafc0d', '2014-08-12 14:00:31', '0000-00-00 00:00:00', 0, 0),
(290, '', 'c07c9b49781f5d6f823dad6231f878c1', 'diana.buratos@yandex.ru', '7695e108a3a5ec2eca8f3bb158d1b1a4', '2014-08-12 21:35:35', '0000-00-00 00:00:00', 0, 0),
(291, '', '098f6bcd4621d373cade4e832627b4f6', 'andrew.p_old@easyroaming.ru', '3fd40959c8573f82a4a0f8aebb12c846', '2014-08-13 12:41:58', '0000-00-00 00:00:00', 0, 1),
(292, '', 'c21a79a52ce0e3ef5610bb9139573d06', 'bouch77@mail.ru', 'ec190cc7aed137dfe4bd7ed9d338afed', '2014-08-13 12:56:22', '0000-00-00 00:00:00', 0, 0),
(293, '', 'fcca19dbdbf398ece783724debdfa932', 'nataliya.z@easyroaming.ru', '09bf405c558cba6e60329bef6a8a776d', '2014-08-14 13:40:50', '0000-00-00 00:00:00', 0, 1),
(294, '', 'fcca19dbdbf398ece783724debdfa932', 'nat25_old@rambler.ru', '858f0e2527e7d065c42de8e40433ce6a', '2014-08-14 14:01:29', '0000-00-00 00:00:00', 0, 0),
(295, '', '098f6bcd4621d373cade4e832627b4f6', 'andrew.p@easyroaming.ru', '6ef941e640647efecdc8dea9452811fe', '2014-08-14 21:36:50', '0000-00-00 00:00:00', 0, 1),
(296, '', 'f7680cc952ec216b2c5d147d98142647', 'burtashova.oxana@yandex.ru', '22b8e9b9a590651d1e4ee14fa111cd66', '2014-08-15 06:05:34', '0000-00-00 00:00:00', 0, 0),
(297, '', '098f6bcd4621d373cade4e832627b4f6', 'firstpocket@yandex.ru', 'e4e1577bc5d2a7cf9b7a0b8f4962f543', '2014-08-15 06:52:43', '0000-00-00 00:00:00', 0, 1),
(298, '', 'fcca19dbdbf398ece783724debdfa932', 'nat25@rambler.ru', '19e5f6e12982f1c0c53dbeab0f964b80', '2014-08-15 06:55:32', '0000-00-00 00:00:00', 0, 1),
(299, '', 'b3397b9671d825ddbc1c38bb954d4a4c', 'rfxxmrv@gmai.com', '57dfc55572cd205fa12cc6aa39a2ff29', '2014-08-15 09:57:51', '0000-00-00 00:00:00', 0, 0),
(300, '', '86cce668387243525423a0996e300b6f', 'herpesvirusimage@ml01.gmailmirror.com', '0724a17aa4b9ab4645b7332f9beba758', '2014-08-15 14:42:24', '0000-00-00 00:00:00', 0, 0),
(301, '', '86cce668387243525423a0996e300b6f', 'mariaivanova1@aol.com', '7054e9e19cfb822c36c0ce14248172f0', '2014-08-15 18:53:49', '0000-00-00 00:00:00', 0, 0),
(302, '', 'c287dd31dcb923972e9dcc4180a7143f', 'SavithaGag@ua00.gmailmirror.com', '2519b9845db49081a660d6b534a7a338', '2014-08-16 09:49:15', '0000-00-00 00:00:00', 0, 0),
(303, '', 'ae0279032625cb27df2d6ec07530eca9', 'ale-kozel@yandex.ru', 'a334053fd7ef188457775a7aa3ae20da', '2014-08-16 13:47:23', '0000-00-00 00:00:00', 0, 1),
(304, '', '208373c722ae98dd6b81de248800e360', 'hector1973@mail.ru', '0a5c6961a9f80add9090a35092cddf11', '2014-08-16 14:37:51', '0000-00-00 00:00:00', 0, 1),
(305, '', '9c085e57fa3cffef9b8bb351ee3d0c16', 'altinbek.mityai@yandex.ru', '79fd3b730cb338c7d0200109705282a6', '2014-08-16 21:13:30', '0000-00-00 00:00:00', 0, 0),
(306, '', '0c250d9ab597aa0c37be3d422822b5e4', 'notmedvednotbarsuk@aol.com', 'b50d243b557caa9c2e18d7548d368cd2', '2014-08-17 15:51:55', '0000-00-00 00:00:00', 0, 0),
(307, '', '87ff949d8e41dbda9e542bb0e4621eb5', 'Orecreave@indirindir.net', 'a96cf2fa3dc1ef268bc75c7f8e147765', '2014-08-18 18:32:16', '0000-00-00 00:00:00', 0, 0),
(308, '', '92215727a3e2927a8074ba8140d91a2e', 'argos@vsev.net', '8a7ebdef800dab2528ca3203750e93da', '2014-08-19 12:34:32', '0000-00-00 00:00:00', 0, 1),
(309, '', '7f0b606914298471b911136c248c04b2', 'natashaberegovaja@yandex.ru', '01765b5ba7df5b4cc037032c44ef40a6', '2014-08-19 19:00:38', '0000-00-00 00:00:00', 0, 0),
(310, '', '31de30f5420a81aa2a881ec90d6ea4e4', 'irina.san@mail.ru', '5244681e9ab73eb47410e8eddc613f28', '2014-08-19 22:11:06', '0000-00-00 00:00:00', 0, 1),
(311, '', '40d92920a63c49b84061c9570385701b', 'bigben52@bk.ru', '6724b257d8c29d2c83596ee7884f52c4', '2014-08-21 10:36:33', '0000-00-00 00:00:00', 0, 1),
(312, '', '71111c570ebfd3323db3fe35b9273002', 'Me.rr.o.l.andGli.m.pe.r.7.3@googlemail.com', 'f1a0c885ea434083d23cddc95e7e4ef8', '2014-08-21 17:50:30', '0000-00-00 00:00:00', 0, 0),
(313, '', '464b67865a8c3a7ca4b0c5c317ec14a1', 'tlisogor@mail.ru', '0e2a837ef4e530192dd383cd6c3fb87c', '2014-08-22 14:19:36', '0000-00-00 00:00:00', 0, 1),
(314, '', '2f3bf27028ddc8a312bc3f8f1d91f2b7', 'Fluorrire@123hummer.com', '150569bffc4c359ad90ebd8849979cdd', '2014-08-22 18:20:14', '0000-00-00 00:00:00', 0, 0),
(315, '', '47a691529a7c4093920dcb3d0d02bfa3', 'l.utherr.ow@gmail.com', '0380572d6dc40116cc709846d28eabf9', '2014-08-24 08:28:41', '0000-00-00 00:00:00', 0, 0),
(316, '', '947e5acf8714c8ad00ea81d6c6a6b339', 'decrysex+n3u@outlook.com', 'dea43cde738f73c70747d154fab64666', '2014-08-24 12:59:35', '0000-00-00 00:00:00', 0, 0),
(317, '', '3d2c8fc8182748cc0368480bee00b022', 'alya.gashkina@mail.ru', '042691bf0a198dc9d71faa1dfc79d173', '2014-08-25 01:20:39', '0000-00-00 00:00:00', 0, 0),
(318, '', '711bbaaa87f08b39509479f3fba96ea7', 'lenechka.dedkov@mail.ru', 'ddcc07b44f8e5f0e87b7188a31eadcd1', '2014-08-26 00:25:51', '0000-00-00 00:00:00', 0, 0),
(319, '', '2e4a62c5dc42ad8d990675340834f827', 'l.u.t.herrow@googlemail.com', 'c0098c691a82fb4f7eba33406956ef26', '2014-08-26 02:04:37', '0000-00-00 00:00:00', 0, 0),
(320, '', 'c287dd31dcb923972e9dcc4180a7143f', 'pulteneyGag@ua00.gmailmirror.com', '0339c9494df80c29fa8f83130c4875ad', '2014-08-27 22:44:22', '0000-00-00 00:00:00', 0, 0),
(321, '', '6fd58d67427ae5c2a9a1c05d43f79bea', 'nadyauvarova80@yandex.ru', '6f8e699fdc9b7a58e5f62cc8eefb1c70', '2014-08-28 23:00:19', '0000-00-00 00:00:00', 0, 0),
(322, '', '7e2f657e0418516ad2bb8ac41cb89cc9', '100per-cent@mail.ru', '2420ec9780cf364e4783f1b63ed822d3', '2014-08-29 07:21:49', '0000-00-00 00:00:00', 0, 1),
(323, '', '0ad742128fce7cd4d109eb4fdbc6aa31', 'crowdistic@hotmail.com', '521e887f41c960e03bb98263f248bcec', '2014-08-29 21:14:38', '0000-00-00 00:00:00', 0, 0);
INSERT INTO `users` (`id`, `username`, `password`, `email`, `activkey`, `create_at`, `lastvisit_at`, `superuser`, `status`) VALUES
(324, '', 'b7da0fd2fac3d5fdb05072498442e8f1', 'puertorikko.manuel@yandex.ru', '68a871b00d7c2594fa5617140cc74b13', '2014-08-31 16:34:28', '0000-00-00 00:00:00', 0, 0),
(325, '', '1bcb8e69f2e529a81907d7a64a0c4019', 'vladiksamsn@yandex.ru', 'e673008c5bdab8defaa19e19a5379347', '2014-09-01 11:53:58', '0000-00-00 00:00:00', 0, 0);

-- --------------------------------------------------------

--
-- Table structure for table `voip`
--

CREATE TABLE IF NOT EXISTS `voip` (
  `id` int(11) NOT NULL AUTO_INCREMENT,
  `country_en` varchar(255) NOT NULL,
  `country_ru` varchar(255) NOT NULL,
  `code` text NOT NULL,
  `cost` double NOT NULL,
  PRIMARY KEY (`id`)
) ENGINE=InnoDB  DEFAULT CHARSET=utf8 AUTO_INCREMENT=1391 ;

--
-- Dumping data for table `voip`
--

INSERT INTO `voip` (`id`, `country_en`, `country_ru`, `code`, `cost`) VALUES
(1, 'Abkhazia', '', '7840', 0.11),
(2, 'Abkhazia Mobile', '', '7940', 0.21),
(3, 'Abkhazia Mobile A-Mobile', '', '79407', 0.21),
(4, 'Abkhazia Mobile Aquafon', '', '79409', 0.21),
(5, 'Afghanistan', '', '93', 0.27),
(6, 'Afghanistan Mobile', '', '937', 0.28),
(7, 'Afghanistan Mobile Areeba', '', '9377', 0.28),
(8, 'Afghanistan Mobile AT', '', '9375', 0.28),
(9, 'Afghanistan Mobile AWCC', '', '9370', 0.28),
(10, 'Afghanistan Mobile Etisalat', '', '9378', 0.25),
(11, 'Afghanistan Mobile Roshan', '', '9379', 0.28),
(12, 'Albania', '', '355', 0.14),
(13, 'Albania Mobile AMC', '', '35568', 0.36),
(14, 'Albania Mobile Eagle', '', '35567', 0.33),
(15, 'Albania Mobile Plus', '', '35566', 0.36),
(16, 'Albania Mobile Vodafone', '', '35569', 0.36),
(17, 'Albania Tirane', '', '35543,355422-355424', 0.14),
(18, 'Algeria', '', '213', 0.11),
(19, 'Algeria Alger', '', '21321', 0.11),
(20, 'Algeria CAT', '', '2131', 0.11),
(21, 'Algeria Mobile Mobilis', '', '21365,21367,21369', 0.3),
(22, 'Algeria Mobile Orascom', '', '21377-21379', 0.37),
(23, 'Algeria Mobile other', '', '21366', 0.3),
(24, 'Algeria Mobile Wataniya', '', '2135', 0.48),
(25, 'American Samoa', '', '1684', 0.08),
(26, 'Andorra', '', '376', 0.06),
(27, 'Andorra Mobile', '', '3763,3764,3766', 0.22),
(28, 'Angola', '', '244', 0.14),
(29, 'Angola Mobile Movicel', '', '24491,24499', 0.14),
(30, 'Angola Mobile Unitel', '', '24492-24494', 0.13),
(31, 'Anguilla', '', '1264', 0.13),
(32, 'Anguilla Mobile Digicel', '', '1264581-1264584', 0.27),
(33, 'Anguilla Mobile other', '', '1264235,1264469,1264476,1264536-1264539,1264543,1264729,1264772', 0.27),
(34, 'Antarctica & Islands Antartic', '', '6721', 1.74),
(35, 'Antigua & Barbuda', '', '1268', 0.18),
(36, 'Antigua & Barbuda Mobile', '', '1268716', 0.3),
(37, 'Antigua & Barbuda - Mobile', '', '126872,126877,126878,1268464,1268732,1268734,1268736,1268764', 0.3),
(38, 'Argentina', '', '54', 0.06),
(39, 'Argentina Bahia Blanca', '', '54291', 0.04),
(40, 'Argentina Buenos Aires', '', '5411', 0.04),
(41, 'Argentina Cordoba', '', '54351', 0.04),
(42, 'Argentina La Plata', '', '54221', 0.04),
(43, 'Argentina Mar del Plata', '', '54223', 0.04),
(44, 'Argentina Mendoza', '', '54261', 0.04),
(45, 'Argentina Mobile', '', '549', 0.25),
(46, 'Argentina Rosario', '', '54341', 0.04),
(47, 'Argentina Santa Fe', '', '54342', 0.04),
(48, 'Armenia', '', '374', 0.14),
(49, 'Armenia Mobile Armentel GSM', '', '37491,37496,37499', 0.22),
(50, 'Armenia Mobile Nagorny Karabakh', '', '37497', 0.2),
(51, 'Armenia Mobile Orange', '', '37455,37495', 0.2),
(52, 'Armenia Mobile VivaCell', '', '37477,37493,37494,37498', 0.2),
(53, 'Armenia Nagorny Karabakh Region', '', '37447', 0.24),
(54, 'Armenia Yerevan', '', '37410', 0.15),
(55, 'Aruba', '', '297', 0.13),
(56, 'Aruba Mobile Digicel', '', '29773,29774,297630,297640,297641', 0.25),
(57, 'Aruba Mobile MIO', '', '297600,297622', 0.27),
(58, 'Aruba Mobile Setar', '', '29756,29759,29766,29769,29796,29799', 0.25),
(59, 'Ascension Island', '', '247', 1.95),
(60, 'Australia', '', '61', 0.06),
(61, 'Australia City Group', '', '6128,6129,6138,6139,6173,61261,61262,61860-61865,61870-61874,61881-61884,61892-61894', 0.04),
(62, 'Australia Mobile H3G', '', '61425,61430,61433', 0.15),
(63, 'Australia Mobile Optus', '', '61401-61403,61411-61413,61421-61423,61431,61432,61434,61435,61466,61478,614683-614689,614790,614791', 0.15),
(64, 'Australia Mobile other', '', '6116,6142', 0.15),
(65, 'Australia Mobile Telstra', '', '61400,61407-61409,61417-61419,61427-61429,61437-61439,61447,61448,61457-61459,61467,61469,61470,61477,61487,61498,61499,614444,614880-614887,614889', 0.15),
(66, 'Australia Mobile Vodafone', '', '61404-61406,61410,61414-61416,61424,61426,61449-61453,614202-614209,614888', 0.15),
(67, 'Australia Satellite Mobile Optus', '', '611451-611453', 3.45),
(68, 'Australia Satellite Mobile Telstra', '', '6114714-6114716', 3.09),
(69, 'Australia Satellite Telstra', '', '6114711-6114713,6114717-6114719', 3.09),
(70, 'Australia Special services', '', '6113', 0.08),
(71, 'Austria', '', '43', 0.04),
(72, 'Austria Mobile ConnectOne', '', '43681,43699', 0.07),
(73, 'Austria Mobile Hutchison 3G', '', '43660', 0.07),
(74, 'Austria Mobile Mobilkom', '', '43644,43664,43680', 0.07),
(75, 'Austria Mobile other', '', '43663,43678', 0.07),
(76, 'Austria Mobile Tele2', '', '43688', 0.07),
(77, 'Austria Mobile Telering', '', '43650', 0.07),
(78, 'Austria Mobile T-Mobile', '', '43676,43677', 0.07),
(79, 'Austria Vienna', '', '431', 0.04),
(80, 'Azerbaijan', '', '994', 0.27),
(81, 'Azerbaijan Baku', '', '99412', 0.27),
(82, 'Azerbaijan Mobile Azercell', '', '99450,99451', 0.39),
(83, 'Azerbaijan Mobile Azerfon', '', '99470,99477', 0.39),
(84, 'Azerbaijan Mobile Bakcell', '', '99455', 0.39),
(85, 'Azerbaijan Mobile Catel', '', '99440', 0.39),
(86, 'Azerbaijan Mobile NAR', '', '99460', 0.39),
(87, 'Azerbaijan Mobile other', '', '99444', 0.39),
(88, 'Bahamas', '', '1242', 0.16),
(89, 'Bahamas Mobile', '', '124247,1242357,1242359,1242375,1242395,1242422-1242429,1242431-1242434,1242436,1242439,1242441-1242443,1242445-1242449,1242451-1242458,1242462-1242468,1242481,1242524,1242525,1242533,1242535,1242544,1242551-1242554', 0.28),
(90, 'Bahrain', '', '973', 0.11),
(91, 'Bahrain Mobile Batelco', '', '97331,97339,973322,973383-973385,973388', 0.07),
(92, 'Bahrain Mobile MTC Vodafone', '', '97336,973377,973666,9736633-9736639', 0.11),
(93, 'Bahrain Mobile STC', '', '97333,973340,973341,973343-973345', 0.14),
(94, 'Bahrain Wimax MENA', '', '97377', 0.13),
(95, 'Bangladesh', '', '880', 0.08),
(96, 'Bangladesh Chittagong', '', '88031', 0.08),
(97, 'Bangladesh Dhakka', '', '8802', 0.08),
(98, 'Bangladesh Mobile', '', '88011,88015-88019', 0.08),
(99, 'Bangladesh Sylhet', '', '880821', 0.08),
(100, 'Barbados', '', '1246', 0.14),
(101, 'Barbados - Mobile CW', '', '1246255', 0.23),
(102, 'Barbados Mobile CW', '', '124623,124624,124645,124652,1246250-1246254,1246446-1246449', 0.23),
(103, 'Barbados - Mobile Digicel', '', '124684', 0.24),
(104, 'Barbados Mobile Digicel', '', '124626,124682,124683,1246256-1246259,1246530-1246534', 0.24),
(105, 'Belarus', '', '375', 0.34),
(106, 'Belarus Minsk', '', '375172,375173,375175', 0.34),
(107, 'Belarus Mobile BelCel', '', '375294', 0.33),
(108, 'Belarus Mobile BeST', '', '37525', 0.33),
(109, 'Belarus Mobile MTS', '', '37533,375292,375295,375297,375298', 0.33),
(110, 'Belarus Mobile other', '', '37529', 0.33),
(111, 'Belarus Mobile Velcom', '', '37544,375291,375293,375296,375299', 0.33),
(112, 'Belgium', '', '32', 0.04),
(113, 'Belgium Mobile Base', '', '3248', 0.08),
(114, 'Belgium Mobile Mobistar', '', '3249', 0.08),
(115, 'Belgium Mobile Others', '', '324630,324660-324662', 0.45),
(116, 'Belgium Mobile Proximus', '', '3247,32460', 0.08),
(117, 'Belgium Mobile Telenet', '', '324681-324683', 0.08),
(118, 'Belgium Universal Access Number', '', '32702-32704,32706,32707', 0.08),
(119, 'Belize', '', '501', 0.27),
(120, 'Belize Mobile', '', '5016', 0.29),
(121, 'Benin', '', '229', 0.25),
(122, 'Benin Mobile BBCOM', '', '22993', 0.25),
(123, 'Benin Mobile Globacom', '', '22968,22998,22999', 0.25),
(124, 'Benin Mobile Libercom', '', '22990', 0.25),
(125, 'Benin Mobile MTN', '', '22966,22967,22996,22997', 0.25),
(126, 'Benin Mobile Telecel', '', '22964,22965,22994,22995', 0.25),
(127, 'Bermuda', '', '1441', 0.07),
(128, 'Bhutan', '', '975', 0.17),
(129, 'Bolivia', '', '591', 0.21),
(130, 'Bolivia Cochabamba', '', '59144', 0.21),
(131, 'Bolivia La Paz', '', '59122', 0.21),
(132, 'Bolivia Mobile Entel', '', '59167,59168,59171-59174', 0.21),
(133, 'Bolivia Mobile Nuevatel', '', '59160,59165,59170,59179', 0.21),
(134, 'Bolivia Mobile other', '', '5916,5917', 0.21),
(135, 'Bolivia Mobile Tigo', '', '59169,59175-59178', 0.21),
(136, 'Bolivia Santa Cruz', '', '59133', 0.21),
(137, 'Bosnia', '', '387', 0.18),
(138, 'Bosnia and Herzegovina BIH', '', '387332, 387334-387336, 387352, 3873020, 3873024-3873029, 3873050-3873054, 3873056, 3873059, 3873061, 3873083, 3873220, 3873222, 3873224, 3873240-3873246, 3873255, 3873259-3873261, 3873265-3873269, 3873272-3873274, 3873277, 3873278, 3873282', 0.15),
(139, 'Bosnia and Herzegovina BIH', '', '3873284-3873287, 3873370-3873373, 3873375-3873378, 3873380, 3873381, 3873389, 3873530-3873534, 3873536, 3873538, 3873539, 3873554-3873557, 3873559, 3873561-3873566, 3873569-3873572, 3873574-3873582, 3873585-3873589, 3873628, 3873629', 0.15),
(140, 'Bosnia and Herzegovina BIH', '', '3873650, 3873651, 3873655-3873659, 3873671-3873675, 3873722, 3873729-3873733, 3873735-3873739, 3873741, 3873742, 3873747-3873749, 3873751-3873755, 3873766-3873769, 3873771, 3873772, 3873777, 3873788, 3873822-3873824, 3873829, 3873851, 3873879', 0.15),
(141, 'Bosnia and Herzegovina Mobile BIH', '', '38761,38762,3876031,3876039', 0.34),
(142, 'Bosnia and Herzegovina Mobile Eronet', '', '38763,38764', 0.38),
(143, 'Bosnia and Herzegovina Mobile SRPSKE', '', '38765-38767', 0.34),
(144, 'Bosnia and Herzegovina Mostar', '', '3873049, 3873063-3873065, 3873070, 3873071, 3873073, 3873079, 3873080, 3873087, 3873171-3873177, 3873179, 3873280, 3873288, 3873289, 3873420-3873422, 3873424, 3873426, 3873427, 3873431, 3873435, 3873436, 3873450, 3873481, 3873482, 3873485', 0.16),
(145, 'Bosnia and Herzegovina Mostar', '', '3873631-3873639, 3873644, 3873648, 3873664, 3873665, 3873677, 3873678, 3873680-3873682, 3873685-3873689, 3873920, 3873938, 3873966-3873971, 3873983-3873985, 3874974-3874976, 38733901, 38733902, 38735901, 38735902, 38737901, 38737902', 0.16),
(146, 'Bosnia and Herzegovina SRPSKE', '', '387513, 3874920-3874924, 3874930-3874936, 3874938, 3874948, 3874949, 3875021-3875029, 3875032, 3875036, 3875037, 3875042, 3875043, 3875046, 3875048, 3875049, 3875120-3875128, 3875141-3875143, 3875145, 3875146, 3875148-3875150, 3875153, 3875155', 0.15),
(147, 'Bosnia and Herzegovina SRPSKE', '', '3875156, 3875158, 3875159, 3875164-3875169, 3875174-3875189, 3875221-3875224, 3875230-3875238, 3875241-3875244, 3875248, 3875249, 3875266, 3875272, 3875275-3875277, 3875320, 3875322-3875329, 3875331-3875333, 3875335, 3875341-3875345', 0.15),
(148, 'Bosnia and Herzegovina SRPSKE', '', '3875347-3875349, 3875361, 3875362, 3875366, 3875368-3875370, 3875378, 3875379, 3875381, 3875382, 3875387, 3875388, 3875448, 3875449, 3875461, 3875462, 3875464-3875466, 3875468, 3875481, 3875485-3875487, 3875520-3875525, 3875529, 3875530', 0.15),
(149, 'Bosnia and Herzegovina SRPSKE', '', '3875532, 3875533, 3875535, 3875537-3875539, 3875548, 3875549, 3875554, 3875555, 3875565-3875567, 3875577-3875579, 3875621, 3875623, 3875624, 3875626, 3875627, 3875631, 3875633, 3875637, 3875639, 3875641, 3875642, 3875644, 3875646-3875649', 0.15),
(150, 'Bosnia and Herzegovina SRPSKE', '', '3875658, 3875659, 3875665, 3875671, 3875673, 3875674, 3875676, 3875677, 3875688, 3875720, 3875722-3875727, 3875731, 3875732, 3875734, 3875735, 3875737, 3875740, 3875741, 3875743-3875745, 3875747-3875749, 3875755, 3875761, 3875762, 3875778', 0.15),
(151, 'Bosnia and Herzegovina SRPSKE', '', '3875821-3875823, 3875831, 3875841-3875843, 3875848, 3875849, 3875852, 3875861-3875863, 3875870-3875873, 3875922, 3875924-3875928, 3875937, 3875938, 3875946-3875949, 3875960-3875963, 3875986, 38730481, 38730482, 38730488, 38731481', 0.15),
(152, 'Bosnia and Herzegovina SRPSKE', '', '38731488, 38732481, 38732482, 38732488, 38733981-38733983, 38733988, 38734481, 38734483, 38734488, 38735481-38735484, 38735488, 38736981, 38736982, 38736988, 38737981, 38737982, 38737988, 38738481, 38738488, 38739481, 38739488, 38751470', 0.15),
(153, 'Botswana', '', '267', 0.14),
(154, 'Botswana Mobile', '', '2677', 0.29),
(155, 'Botswana Mobile Mascom', '', '26770,26771,267740-267742,267745-267747,267754-267756,267759-267762,267766,267767,267770,267771', 0.29),
(156, 'Botswana Mobile Orange', '', '26772,267743,267744,267748,267750-267753,267757,267763-267765,267769,2677920', 0.29),
(157, 'Brazil - Fixed', '', '55', 0.06),
(158, 'Brazil - Fixed Belo Horizonte', '', '5531', 0.06),
(159, 'Brazil - Fixed Brasilia', '', '5561', 0.06),
(160, 'Brazil - Fixed Campinas', '', '5519', 0.06),
(161, 'Brazil - Fixed Curitiba', '', '5541', 0.06),
(162, 'Brazil - Fixed Florianopolis', '', '5548', 0.06),
(163, 'Brazil - Fixed Goiania', '', '5562', 0.06),
(164, 'Brazil - Fixed Governador', '', '55331-55335', 0.06),
(165, 'Brazil - Fixed Porto Alegre', '', '5551', 0.06),
(166, 'Brazil - Fixed Rio', '', '5521', 0.06),
(167, 'Brazil - Fixed Sao Paulo', '', '5511', 0.06),
(168, 'Brazil - Fixed State of Sao Paulo', '', '5512-5518', 0.06),
(169, 'Brazil - Mobile Others', '', '55116-55119, 55126-55129, 55136-55139, 55146-55149, 55156-55159, 55166-55169, 55176-55179, 55186-55189, 55196-55199, 55216-55219, 55226-55229, 55246-55249, 55276-55279, 55286-55289, 55316-55319, 55326-55329, 55336-55339, 55346-55349', 0.27),
(170, 'Brazil - Mobile Others', '', '55356-55359, 55376-55379, 55386-55389, 55416-55419, 55426-55429, 55436-55439, 55446-55449, 55456-55459, 55466-55469, 55476-55479, 55486-55489, 55496-55499, 55516-55519, 55536-55539, 55546-55549, 55556-55559, 55616-55619, 55626-55629', 0.27),
(171, 'Brazil - Mobile Others', '', '55636-55639, 55646-55649, 55656-55659, 55666-55669, 55676-55679, 55686-55689, 55696-55699, 55716-55719, 55736-55739, 55746-55749, 55756-55759, 55776-55779, 55796-55799, 55816-55819, 55826-55829, 55836-55839, 55846-55849, 55856-55859', 0.27),
(172, 'Brazil Mobile Others', '', '55115020,55115023-55115028,55115030,55115037-55115040,55115043,55115047,55115048,55115050,55115057,55115059,55115064,55115075,55115076', 0.27),
(173, 'Brazil - Mobile TIM', '', '551152, 551181-551187, 551281, 551381, 551481, 551482, 551581, 551681, 551781, 551881, 551981-551984, 552169, 552179-552183, 552281, 552481, 552781, 552881, 553175, 553191-553194, 553291, 553391, 553491, 553492, 553591, 553592, 553791, 553891', 0.25),
(174, 'Brazil - Mobile TIM', '', '553892, 554196-554199, 554299, 554381, 554396, 554496-554499, 554599, 554699, 554796, 554797, 554799, 554896, 554899, 554998, 554999, 555181, 555182, 555381, 555481, 555581, 556181-556183, 556281-556283, 556381, 556481, 556581, 556681, 556781', 0.25),
(175, 'Brazil - Mobile TIM', '', '556881, 556981, 557191-557193, 557391, 557491, 557591, 557592, 557791, 557991, 558195-558199, 558296, 558299, 558396, 558398, 558399, 558496, 558498, 558499, 558596, 558597, 558599, 558698, 558699, 558796, 558799, 558896, 558897, 558899, 558999', 0.25),
(176, 'Brazil - Mobile TIM', '', '559180-559183, 559281, 559282, 559381, 559481, 559581, 559681, 559781, 559881, 559882, 559981, 5511533, 5511534, 5511542-5511546, 5511548, 5511549, 5511579, 5511607, 5511634-5511636, 5511642-5511646, 5511683, 5511701-5511704, 5511795', 0.25),
(177, 'Brazil - Mobile TIM', '', '5512820-5512824, 5516820-5516824, 5517820, 5518840, 5542980, 5542981, 5543990-5543993, 5543995-5543999, 5545980-5545982, 5553998, 5567820, 5567821, 5581828, 5582980, 55115329, 55115350, 55115351, 55115470, 55115471, 55115475-55115479', 0.25),
(178, 'Brazil Mobile TIM', '', '5599820,55539911-55539913,55539915', 0.25),
(179, 'British Virgin Islands', '', '1284', 0.29),
(180, 'British Virgin Islands Mobile Digicel', '', '1284300,1284340-1284347,1284393,1284394', 0.29),
(181, 'British Virgin Islands Mobile other', '', '1284440-1284446,1284499,1284540-1284547,1284596,1284599,12844688,12844689,12844960,12844966-12844969', 0.29),
(182, 'Brunei - Fixed', '', '673', 0.07),
(183, 'Brunei - Mobile', '', '67371,673228,673229,673720-673722', 0.07),
(184, 'Brunei - Mobile', '', '673227', 0.07),
(185, 'Brunei Mobile B-Mobile', '', '67381-67384', 0.07),
(186, 'Brunei Mobile other', '', '67386-67389,67391-67399', 0.07),
(187, 'Bulgaria', '', '359', 0.08),
(188, 'Bulgaria - Mobile - Globul', '', '35989', 0.17),
(189, 'Bulgaria mobile Mobikom', '', '35948', 0.1),
(190, 'Bulgaria - Mobile - Mobiltel', '', '35988,359988,359989', 0.14),
(191, 'Bulgaria - Mobile - Mobiltel Premium', '', '359881540,359882970', 0.27),
(192, 'Bulgaria - Mobile - Vivatel', '', '35987', 0.17),
(193, 'Bulgaria - Other Local Operators', '', '3597, 35924, 359325, 359349, 359385, 359429, 359445, 359469, 359524, 359529, 359549, 359569, 359585, 359625, 359649, 359669, 359685, 359825, 359845, 359865, 359929, 359949, 359965, 3593015, 3593069, 3593089, 3593099, 3593115, 3593118, 3593134', 0.08),
(194, 'Bulgaria - Other Local Operators', '', '3593239, 3593319, 3593355, 3593369, 3593379, 3593399, 3593509, 3593579, 3593597, 3593615, 3593799, 3593917, 3593919, 3594168, 3594173, 3594179, 3594315, 3594319, 3594539, 3594575, 3594579, 3594789, 3595179, 3595185, 3595195, 3595379, 3595389', 0.08),
(195, 'Bulgaria - Other Local Operators', '', '3595391, 3595507, 3595509, 3595545, 3595547, 3595549, 3595569, 3595588, 3595598, 3595709, 3595795, 3595799, 3595909, 3595965, 3596015, 3596017, 3596019, 3596058, 3596085, 3596109, 3596189, 3596199, 3596319, 3596509, 3596585, 3596592, 3596709', 0.08),
(196, 'Bulgaria - Other Local Operators', '', '3596759, 3596769, 3596779, 3596789, 3596979, 3598179, 3598489, 3598649, 3599159, 3599389, 3599527, 3599539, 3599717, 3599718, 3599735, 3599739, 35930454, 35930519, 35930719, 35930729, 35931009, 35931238, 35931439, 35931459, 35931517-35931519', 0.08),
(197, 'Bulgaria - Other Local Operators', '', '35931898, 35931899, 35935328, 35935429, 35935538, 35935618, 35935619, 35935819, 35935989, 35936318, 35936319, 35936419, 35936798, 35936799, 35937208, 35937390, 35937399, 35937819, 35939131, 35943619, 35947619, 35951129, 35951318, 35951427', 0.08),
(198, 'Bulgaria - Other Local Operators', '', '35951535, 35953279, 35953289, 35953518, 35953619, 35955158, 35955189, 35955519, 35957439, 35957518, 35957519, 35959449, 35960398, 35960718, 35960719, 35961418, 35961519, 35961619, 35965138, 35965148, 35965149, 35965159, 35965419, 35965619', 0.08),
(199, 'Bulgaria - Sofia', '', '3592', 0.08),
(200, 'Bulgaria WiMax', '', '35999', 0.08),
(201, 'Burkina Faso', '', '226', 0.33),
(202, 'Burkina Faso Interactive TV', '', '2265050,2265077', 1.27),
(203, 'Burkina Faso Mobile Celtel', '', '22665,22666,22677', 0.32),
(204, 'Burkina Faso Mobile Telcel', '', '22678', 0.32),
(205, 'Burkina Faso Mobile Telecel', '', '22668,22679', 0.32),
(206, 'Burkina Faso Mobile Telmob', '', '22660,22670-22673', 0.32),
(207, 'Burkina Faso Mobile Zain', '', '22674-22676', 0.32),
(208, 'Burundi', '', '257', 0.15),
(209, 'Burundi Mobile', '', '25774-25776,25778', 0.15),
(210, 'Burundi Mobile Onatel', '', '25777', 0.15),
(211, 'Burundi Mobile Telecel', '', '25729,25771,25779', 0.15),
(212, 'Cambodia', '', '855', 0.08),
(213, 'Cambodia Mobile', '', '8551,8559,85560,85566-85570,85577,85578,85580,85581,85583,85584,85586-85589,855612-855619,855762-855769,855852-855859', 0.07),
(214, 'Cameroon', '', '237', 0.19),
(215, 'Cameroon Mobile MTN', '', '2377', 0.3),
(216, 'Cameroon Mobile Orange', '', '2379', 0.3),
(217, 'Cameroon Yaounde', '', '23722', 0.3),
(218, 'Canada', '', '108,109,1186,1226,1249,1289,1306,1418,1438,1506,1579,1581,1587,1600,1705,1709,1807,1819,1902', 0.03),
(219, 'Canada Alberta Northern', '', '1780', 0.03),
(220, 'Canada Alberta Southern', '', '1403', 0.03),
(221, 'Canada British Colombia', '', '1250', 0.03),
(222, 'Canada British Columbia Lower Mainland', '', '1604', 0.03),
(223, 'Canada British Columbia Mainland', '', '1778', 0.03),
(224, 'Canada Manitoba', '', '1204', 0.03),
(225, 'Canada Montreal', '', '1514', 0.03),
(226, 'Canada Montreal Metro', '', '1450', 0.03),
(227, 'Canada Ontario Eastern', '', '1343,1613', 0.03),
(228, 'Canada Ontario Golden Horseshoe 01', '', '1905', 0.03),
(229, 'Canada Ontario Southern', '', '1519', 0.03),
(230, 'Canada Toronto 01', '', '1647', 0.03),
(231, 'Canada Toronto 02', '', '1416', 0.03),
(232, 'Canada Yukon Territory', '', '1867', 0.03),
(233, 'Cape Verde', '', '238', 0.28),
(234, 'Cape Verde Mobile', '', '23858,23859,23895,23897-23899,2381859,2381895,2381897-2381899', 0.33),
(235, 'Cape Verde Mobile TPLUS', '', '23851,23891-23893,238330-238334', 0.33),
(236, 'Cayman Islands', '', '1345', 0.13),
(237, 'Cayman Islands Mobile Digicel', '', '134532,1345514,1345516,1345517,1345525-1345527,1345529,1345545-1345550,1345623,1345640', 0.2),
(238, 'Cayman Islands Mobile others', '', '1345229,1345235,1345249,1345616,1345617,1345625,1345626,1345629,1345645-1345647,1345663,1345916,1345917,1345919,1345922-1345930,1345936-1345939,1345948,1345990', 0.22),
(239, 'Cayman Islands Mobile others', '', '1345649', 0.2),
(240, 'Central African Republic', '', '236', 0.45),
(241, 'Central African Republic Mobile Acell', '', '23670', 0.45),
(242, 'Central African Republic Mobile Other', '', '23672,23675,23677', 0.45),
(243, 'Chad', '', '235', 0.32),
(244, 'Chad Mobile Celtel', '', '2356', 0.33),
(245, 'Chad Mobile Millicom', '', '2359', 0.32),
(246, 'Chad Mobile other', '', '2357,235227,235228', 0.36),
(247, 'Chile', '', '56', 0.07),
(248, 'Chile Mobile', '', '568,569', 0.23),
(249, 'Chile Santiago', '', '562', 0.23),
(250, 'China', '', '86', 0.04),
(251, 'China Beijing', '', '8610', 0.04),
(252, 'China Mobile other', '', '8613,86147,86150-86153,86157-86159,86180,86182,86183,86187-86189', 0.04),
(253, 'China Mobile UNCCL', '', '86130-86132,86145,86155,86156,86186', 0.04),
(254, 'Colombia', '', '57', 0.06),
(255, 'Colombia Bogota', '', '5712-5717,57180,57181,57190,57191,57195,571820-571822,571860-571863,571865,571870,571874,571875,571884,571885,571888,571893,571920,571921,571931,5718400,5718401,5718643,5718987,5719245,5719277,57189050', 0.05),
(256, 'Colombia Cali', '', '57228,57231-57233,57237-57244,57248,57250-57252,57255,57259-57262,57264-57269,57288,57289,572256,572905,572909,572915,572920,572928,572952,5722096,5722097,5722681', 0.05),
(257, 'Colombia Medellin', '', '5740,5742-5745,57415,57460,57461,57490,57495,574913,574914,574917,574922,574925', 0.05),
(258, 'Colombia Mobile', '', '57350', 0.09),
(259, 'Colombia Mobile Comcel', '', '57310-57314,57320,57321', 0.08),
(260, 'Colombia Mobile Movistar', '', '57315-57318', 0.09),
(261, 'Colombia Mobile TIGO', '', '57300,57301,57304', 0.11),
(262, 'Comoros', '', '269', 0.31),
(263, 'Comoros Mobile', '', '2693', 0.4),
(264, 'Congo', '', '242', 0.54),
(265, 'Congo (DR)', '', '243', 0.36),
(266, 'Congo (DR) Mobile Airtel', '', '24399', 0.28),
(267, 'Congo (DR) Mobile CCT', '', '24384,24385', 0.23),
(268, 'Congo (DR) Mobile Other', '', '24378,24387,24388,24397,24398', 0.29),
(269, 'Congo (DR) Mobile Tatem Special Services', '', '243879', 0.38),
(270, 'Congo (DR) Mobile Tigo', '', '24389', 0.34),
(271, 'Congo (DR) Mobile Vodacom', '', '24381,24382', 0.31),
(272, 'Congo Mobile Airtel', '', '24205', 0.44),
(273, 'Congo Mobile Azur', '', '24201', 0.53),
(274, 'Congo Mobile MTN', '', '24206', 0.44),
(275, 'Congo Mobile Warid', '', '24204', 0.44),
(276, 'Cook Islands', '', '682', 0.93),
(277, 'Costa Rica', '', '506', 0.06),
(278, 'Costa Rica Mobile', '', '5065,5068', 0.09),
(279, 'Costa Rica Mobile Claro', '', '5067', 0.08),
(280, 'Costa Rica Mobile Telefonica', '', '5066', 0.13),
(281, 'Croatia', '', '385', 0.04),
(282, 'Croatia Mobile', '', '3859', 0.17),
(283, 'Croatia Mobile Tele 2', '', '38595', 0.33),
(284, 'Croatia Mobile T-mobile', '', '38598,38599,385970,385977', 0.33),
(285, 'Croatia Mobile VIPnet', '', '38591,38592', 0.33),
(286, 'Croatia Special Services', '', '3856-3858', 0.04),
(287, 'Croatia Zagreb', '', '3851', 0.04),
(288, 'Cuba Fixed', '', '53', 1.17),
(289, 'Cuba Fixed Guantanamo', '', '5399', 1.17),
(290, 'Cuba Mobile', '', '535,53775,537264', 1.17),
(291, 'Cyprus', '', '357', 0.04),
(292, 'Cyprus Areeba Mobile', '', '35796,35712196', 0.07),
(293, 'Cyprus Mobile other', '', '357700,3577777', 0.08),
(294, 'Cyprus Mobile other', '', '35794', 0.1),
(295, 'Cyprus Mobile Primetel', '', '35795,35712295', 0.07),
(296, 'Cyprus Mobile Vodafone', '', '35797,35799,35712396,35712397,35712399', 0.06),
(297, 'Czech Republic', '', '420', 0.06),
(298, 'Czech Republic Mobile O2', '', '42072,420601,420602,420606,420607,420961,420962,420966', 0.1),
(299, 'Czech Republic Mobile other', '', '42079,420702', 0.1),
(300, 'Czech Republic Mobile Tmobile', '', '42073,42093,420603-420605,420963-420965', 0.1),
(301, 'Czech Republic Mobile Vodafone', '', '42077,420608,420967', 0.1),
(302, 'Denmark', '', '45', 0.04),
(303, 'Denmark Mobile Barablu', '', '45318,454283,454285,454287-454290,454293,455063,455064,455068,455069,456098,4531312', 0.1),
(304, 'Denmark Mobile Hi3G', '', '4531,45535-45538,454261-454269,454271-454274,454291,454292,454294,454295,455211,455212,456051-456059', 0.1),
(305, 'Denmark Mobile other', '', '452,4530,4540,4542,4550,4552,4553,4560,4571,4581,4591', 0.1),
(306, 'Denmark Mobile TDC', '', '4523,4524,4551,4561,45200-45205,45210-45219,45290-45299,45301-45309,45401-45404,45713-45716,45718,45914,45916,45917,452596,454275,455060,455061,455230,455240,455250,456099,457171,458140-458144,458161,458171-458175,458181,4525988', 0.1),
(307, 'Denmark Mobile Telenor', '', '4525, 4541, 45206-45209, 45220-45229, 45319, 45405-45409, 45424, 45425, 45500-45505, 45507-45509, 45525-45529, 45606-45608, 45618, 45619, 45711, 45811, 45812, 45815, 454260, 454270, 454280, 454281, 454284, 455062, 455065-455067, 455210, 455220', 0.1),
(308, 'Denmark Mobile Telenor', '', '455222, 455225, 455233, 455242, 455244, 455310-455318, 455333, 455390-455397, 455399, 456050, 456090-456097, 457120-457129, 457170, 457172, 457174-457179, 457190-457192, 457194, 457195, 457199, 458130-458136, 458160, 458162-458165, 458180, 458182', 0.1),
(309, 'Denmark Mobile Telia', '', '4526-4528,45420-45423,45521-45524,45532,45534,45601-45604,452395,454276-454279,454282,454286,454296-454299,455188,455189,455319,455330-455332,455334-455339,456146', 0.1),
(310, 'Diego Garcia', '', '246', 1.7),
(311, 'Djibouti', '', '253', 0.43),
(312, 'Dominica', '', '1767', 0.11),
(313, 'Dominica Mobile Digicel', '', '1767315-1767317,1767420,1767421,1767611-1767617', 0.26),
(314, 'Dominica Mobile Other', '', '1767225,1767235,1767245,1767265,1767275-1767277,1767285,1767295', 0.26),
(315, 'Dominican Republic', '', '1809,1829,1849', 0.06),
(316, 'Dominican Republic Mobile Orange', '', '180986, 182992, 184985, 1809601-1809603, 1809605, 1809607-1809610, 1809613, 1809627, 1809653, 1809654, 1809657, 1809660, 1809702-1809706, 1809708, 1809712-1809715, 1809779-1809781, 1809801-1809805, 1809815-1809817, 1809819, 1809820', 0.13),
(317, 'Dominican Republic Mobile Orange', '', '1809845-1809858, 1809873, 1809875-1809886, 1809889, 1809890, 1809899, 1809901-1809907, 1809909, 1809910, 1809912-1809919, 1809923, 1809924, 1809931, 1809935, 1809949, 1809958, 1809961-1809969, 1809972-1809975, 1809977-1809984, 1809986', 0.13),
(318, 'Dominican Republic Mobile Orange', '', '1809988, 1809989, 1809991, 1809993-1809996, 1829204, 1829221, 1829261-1829263, 1829273-1829276, 1829278, 1829279, 1829281, 1829284-1829286, 1829299, 1829301, 1829305, 1829308, 1829333, 1829375, 1829379, 1829399, 1829401, 1829404, 1829410', 0.13),
(319, 'Dominican Republic Mobile Orange', '', '1829447, 1829448, 1829450, 1829537, 1829539, 1829540, 1829542, 1829554, 1829556-1829564, 1829566, 1829568-1829574, 1829576-1829580, 1829584-1829587, 1829589, 1829591, 1829592, 1829598, 1829601-1829605, 1829610, 1829616, 1829630, 1829633, 1829640', 0.13),
(320, 'Dominican Republic Mobile Orange', '', '1829644, 1829650, 1829660, 1829662, 1829664, 1829669, 1829677, 1829678, 1829686, 1829696, 1829697, 1829701, 1829702, 1829705, 1829707-1829709, 1829712-1829723, 1829725-1829731, 1829747, 1829754, 1829757, 1829770, 1829779, 1829787, 1829797', 0.13),
(321, 'Dominican Republic Mobile Orange', '', '1829801, 1829804, 1829806-1829808, 1829810, 1829820, 1829826, 1829830, 1829838, 1829845-1829851, 1829855, 1829858-1829861, 1829863-1829866, 1829868, 1829870, 1829872, 1829874-1829878, 1829880-1829887, 1829889-1829892, 1829898, 1829901-1829910', 0.13),
(322, 'Dominican Republic Mobile Orange', '', '1829912-1829919, 1829930, 1829932-1829934, 1829936-1829939, 1829941-1829945, 1829970, 1829979, 1829987-1829990, 1829993, 1829994, 1849607, 1849642, 1849707, 1849720, 1849763, 1849785, 1849802-1849804, 1849806, 1849815-1849817', 0.13),
(323, 'Dominican Republic Mobile other', '', '180944, 180964, 1809204, 1809215-1809219, 1809280-1809282, 1809292, 1809293, 1809301-1809310, 1809315-1809319, 1809321-1809327, 1809340-1809345, 1809348, 1809355, 1809366, 1809401-1809405, 1809407-1809410, 1809413, 1809415-1809421, 1809423', 0.13),
(324, 'Dominican Republic Mobile other', '', '1809430-1809434, 1809436-1809439, 1809614, 1809617, 1809619, 1809624, 1809628-1809632, 1809634, 1809635, 1809637, 1809639, 1809650-1809652, 1809656, 1809658, 1809659, 1809709, 1809716-1809719, 1809777, 1809818, 1809874, 1809928, 1809929', 0.13),
(325, 'Dominican Republic Mobile other', '', '1809932, 1809938-1809946, 1809990, 1809992, 1809997-1809999, 1829215, 1829223, 1829303, 1829304, 1829306, 1829307, 1829309, 1829402, 1829403, 1829405, 1829407-1829409, 1829412-1829417, 1829422, 1829430, 1829440-1829446, 1829449, 1829710, 1829777', 0.13),
(326, 'Dominican Republic Mobile Verizon', '', '180939, 180949, 182934-182936, 182952, 182996, 184945, 1809201, 1809203, 1809205-1809210, 1809212, 1809214, 1809223-1809225, 1809228-1809230, 1809232, 1809235, 1809249-1809254, 1809256-1809260, 1809264, 1809266-1809272, 1809283, 1809284', 0.13),
(327, 'Dominican Republic Mobile Verizon', '', '1809297-1809299, 1809313, 1809330, 1809350-1809354, 1809356-1809361, 1809370, 1809371, 1809374, 1809376, 1809377, 1809383, 1809386, 1809387, 1809389, 1809406, 1809424-1809429, 1809451-1809454, 1809456-1809465, 1809467, 1809474', 0.13),
(328, 'Dominican Republic Mobile Verizon', '', '1809477-1809481, 1809484-1809486, 1809488, 1809501, 1809502, 1809504-1809507, 1809509, 1809510, 1809512-1809514, 1809516, 1809517, 1809519, 1809520, 1809546, 1809604, 1809606, 1809615, 1809618, 1809661-1809678, 1809693, 1809694', 0.13),
(329, 'Dominican Republic Mobile Verizon', '', '1809696-1809698, 1809707, 1809710, 1809720-1809723, 1809727, 1809729, 1809742, 1809743, 1809747, 1809749-1809754, 1809756-1809765, 1809767-1809769, 1809771-1809776, 1809778, 1809782, 1809783, 1809785-1809787, 1809789-1809791, 1809796', 0.13),
(330, 'Dominican Republic Mobile Verizon', '', '1809798, 1809812, 1809814, 1809821, 1809827-1809829, 1809834-1809844, 1809871, 1809888, 1809891, 1809897, 1809952, 1809953, 1809956, 1829201-1829203, 1829205-1829210, 1829212-1829214, 1829216-1829220, 1829222, 1829228, 1829230, 1829232, 1829233', 0.13),
(331, 'Dominican Republic Mobile Verizon', '', '1829246, 1829248, 1829250, 1829252, 1829255, 1829257-1829260, 1829264-1829272, 1829277, 1829280, 1829282, 1829283, 1829287-1829298, 1829302, 1829310, 1829312-1829332, 1829334-1829339, 1829370-1829374, 1829376, 1829377, 1829380-1829398, 1829406', 0.13),
(332, 'Dominican Republic Mobile Verizon', '', '1829418-1829421, 1829423-1829429, 1829431, 1829432, 1829436-1829439, 1829451-1829472, 1829474, 1829475, 1829477-1829479, 1829491-1829494, 1829496-1829499, 1829502, 1829504-1829506, 1829508-1829510, 1829512-1829515, 1829517-1829519', 0.13),
(333, 'Dominican Republic Mobile Verizon', '', '1829531-1829534, 1829536, 1829543, 1829546, 1829548-1829553, 1829599, 1829606, 1829613, 1829618, 1829619, 1829629, 1829631, 1829632, 1829634-1829639, 1829641-1829643, 1829645-1829649, 1829651-1829659, 1829661, 1829663, 1829665, 1829667', 0.13),
(334, 'Dominican Republic Mobile Verizon', '', '1829668, 1829670-1829676, 1829679, 1829680, 1829682-1829685, 1829689-1829695, 1829698, 1829699, 1829703, 1829704, 1829706, 1829740-1829745, 1829748-1829753, 1829755, 1829756, 1829758-1829769, 1829771-1829776, 1829778, 1829780-1829786', 0.13),
(335, 'Dominican Republic Mobile Verizon', '', '1829788-1829796, 1829798, 1829799, 1829802, 1829803, 1829805, 1829812, 1829814-1829817, 1829819, 1829821, 1829827, 1829828, 1829835-1829837, 1829839-1829844, 1829852-1829854, 1829856, 1829857, 1829862, 1829867, 1829869, 1829871, 1829873', 0.13),
(336, 'Dominican Republic Mobile Verizon', '', '1829879, 1829894, 1829899, 1829931, 1829935, 1829940, 1829957-1829959, 1829972-1829975, 1829977, 1829978, 1829980-1829986, 1829991, 1849201, 1849203, 1849205-1849210, 1849212, 1849214, 1849220, 1849330, 1849340-1849344, 1849350-1849354', 0.13),
(337, 'Dominican Republic Mobile Verizon', '', '1849356-1849360, 1849401-1849410, 1849650-1849658, 18092223-18092225, 18092480, 18092482, 18092484-18092488, 18092651-18092659, 18095150, 18095430, 18095432-18095439, 18095450, 18095451, 18095454, 18095456, 18095459, 180954290-180954293', 0.13),
(338, 'Dominican Republic Santo Domingo', '', '180956, 180959, 1809202, 1809213, 1809220, 1809221, 1809227, 1809231, 1809234, 1809236-1809239, 1809245, 1809255, 1809262, 1809263, 1809273, 1809274, 1809285-1809287, 1809289, 1809312, 1809314, 1809328, 1809331-1809335, 1809338, 1809362-1809364', 0.06),
(339, 'Dominican Republic Santo Domingo', '', '1809368, 1809369, 1809372, 1809373, 1809375, 1809378, 1809379, 1809381, 1809384, 1809385, 1809388, 1809412, 1809414, 1809422, 1809435, 1809450, 1809472, 1809473, 1809475, 1809476, 1809482, 1809483, 1809487, 1809503, 1809508, 1809518', 0.06),
(340, 'Dominican Republic Santo Domingo', '', '1809530-1809537, 1809540, 1809541, 1809544, 1809547-1809549, 1809616, 1809620-1809623, 1809636, 1809638, 1809655, 1809681-1809689, 1809692, 1809695, 1809699, 1809701, 1809726, 1809728, 1809730-1809732, 1809735, 1809740, 1809741, 1809745', 0.06),
(341, 'Dominican Republic Santo Domingo', '', '1809748, 1809766, 1809784, 1809788, 1809792-1809795, 1809797, 1809806-1809808, 1809810, 1809826, 1809870, 1809872, 1809887, 1809893, 1809908, 1809920, 1809922, 1809925, 1809926, 1809930, 1809937, 1809947, 1809948, 1809950, 1809955, 1809960', 0.06),
(342, 'Dominican Republic Santo Domingo', '', '1809985, 1809987, 1829229, 1829236, 1829249, 1829251, 1829378, 1829433-1829435, 1829473, 1829476, 1829490, 1829530, 1829535, 1829538, 1829541, 1829544, 1829545, 1829547, 1829565, 1829567, 1829590, 1829593-1829597, 1829607-1829609, 1829681', 0.06),
(343, 'Dominican Republic Santo Domingo', '', '1829687, 1829688, 1829732-1829739, 1829831, 1829834, 1829893, 1829946, 1829948, 1829950-1829952, 1829955, 1829956, 1849936, 1849943, 18092220-18092222, 18092227-18092229, 18094700, 18094709, 18095420-18095428, 18095431, 18095452, 18095453', 0.06),
(344, 'East Timor', '', '670', 1.18),
(345, 'Ecuador', '', '593', 0.18),
(346, 'Ecuador CNT Fixed', '', '5932-5937', 0.18),
(347, 'Ecuador Cuenca Etapa', '', '593720, 593728, 593740, 593741, 5937233-5937240, 5937244-5937249, 59372320, 59372321, 59372325, 59372328, 59372329, 59372900, 59374203, 59374205, 59374207, 59374209, 59374213-59374215, 593723233-593723239, 593723248, 593723249', 0.18),
(348, 'Ecuador Mobile Alegro', '', '59396,593820-593824', 0.28),
(349, 'Ecuador Mobile Claro', '', '59339,59359,59380-59382,59385,59386,59388-59391,59393,59394,59397,593691-593699,593836,593920-593924,593991,593993-593996', 0.27),
(350, 'Ecuador Mobile Movistar', '', '59383,59384,59387,59395,59398,593690,593925-593929,593990,593992,593997-593999', 0.25),
(351, 'Egypt', '', '20', 0.14),
(352, 'Egypt Cairo', '', '202', 0.14),
(353, 'Egypt Mobile Etisalat', '', '2011,2014,20152,20155', 0.14),
(354, 'Egypt Mobile Mobinil', '', '2012,2017,2018', 0.15),
(355, 'Egypt Mobile Vodafone', '', '2010,2016,2019,20151', 0.15),
(356, 'El Salvador - Fixed', '', '503', 0.24),
(357, 'El Salvador Mobile', '', '503610', 0.25),
(358, 'El Salvador - Mobile', '', '5037', 0.25),
(359, 'El Salvador - Mobile Claro', '', '503700-503706,503708,503709,503760-503766,503774,503775,503785,503786,503795,503796,5037687-5037690,5037803,5037805-5037809,5037840-5037844,5037985-5037989,50370700,50370703-50370705,50378025-50378029', 0.21),
(360, 'El Salvador - Mobile Digicel', '', '50373,503740-503744,503746,503776,503777,503797,5037695-5037698', 0.21),
(361, 'El Salvador - Mobile Telemovil', '', '50372,50375,503747-503749,503767,503772,503773,503787-503794,5037680-5037683,5037785-5037789,5037795-5037799', 0.19),
(362, 'Equatorial Guinea', '', '240', 0.33),
(363, 'Equatorial Guinea Mobile', '', '2402,2405-2407', 0.33),
(364, 'Eritrea', '', '291', 0.31),
(365, 'Eritrea Mobile', '', '2917', 0.31),
(366, 'Estonia', '', '372', 0.04),
(367, 'Estonia Mobile Elisa', '', '37256,3725456-3725459,3725461,3725462', 0.14),
(368, 'Estonia Mobile EMT', '', '37250-37252,372530,372534,372535,372537-372539,372590,3725323,3725324,3725330-3725332,3725360-3725367,3725740-3725744,3725780-3725787,3725910,3725911', 0.14),
(369, 'Estonia Mobile other', '', '3725,37281,37282', 0.39),
(370, 'Estonia Mobile Tele2', '', '37255,372580-372585', 0.14),
(371, 'Ethiopia', '', '251', 0.32),
(372, 'Ethiopia Addis Ababa', '', '25111,25112,25161', 0.31),
(373, 'Ethiopia Mobile Addis Ababa', '', '251910-251913,251920-251923,251929-251935,2519580-2519583', 0.3),
(374, 'Ethiopia Mobile Other', '', '25191,251924-251928,251958,251959', 0.33),
(375, 'Faeroe Islands', '', '298', 0.08),
(376, 'Faeroe Islands Mobile', '', '2985,29821-29829,29871-29877,29879', 0.24),
(377, 'Falkland Islands', '', '500', 1.12),
(378, 'Fiji Island', '', '679', 0.33),
(379, 'Fiji Island Mobile', '', '6797,6799,67983,67984,67986,67987', 0.33),
(380, 'Finland', '', '358', 0.07),
(381, 'Finland Aaland', '', '35818', 0.07),
(382, 'Finland Helsinki', '', '3589,35819', 0.07),
(383, 'Finland Mobile Elisa', '', '35846,35850,358451-358453,358456', 0.08),
(384, 'Finland Mobile Finnet', '', '35841,35844,358436,358438,3584320,3584321,3584541,3584574,3584576-3584579', 0.08),
(385, 'Finland Mobile other', '', '3584', 0.08),
(386, 'Finland Mobile Sonera', '', '35840,35842', 0.08),
(387, 'Finland NGN', '', '35871', 0.08),
(388, 'Finland Services', '', '35810,35820,35829,35830,35860,35873,35875,35876,358700,358800', 0.07),
(389, 'France', '', '33', 0.04),
(390, 'France Mobile', '', '336,337', 0.1),
(391, 'France Mobile Bouygues', '', '3366,33650,33658,33659,33698,33699,33753,33760-33764,335091,336003,336009,336055-336059,336530-336534,337510-337515', 0.07),
(392, 'France Mobile Bouygues', '', '336444-336446,3364950', 0.58),
(393, 'France Mobile Free', '', '33651,33652,33695,336000,336006,336535-336539', 0.08),
(394, 'France Mobile GlobalStar', '', '336380,3364000-3364004', 0.76),
(395, 'France Mobile Orange', '', '3367, 3368, 33607, 33608, 33630-33633, 33637, 33642, 33643, 33645, 33647, 33648, 33654, 33786, 33787, 336001, 336008, 336020, 336021, 336365-336369, 336381-336389, 336401-336409, 336417, 336441-336443, 336490-336494, 336496-336498, 337700-337702', 0.07),
(396, 'France Mobile others', '', '33656,33657,336042,336043,336060-336063,3364162,3364165', 0.58),
(397, 'France Mobile SFR', '', '3361, 3362, 33601, 33603, 33609, 33634, 33635, 33646, 33655, 33777, 33778, 336002, 336007, 336022-336025, 336040, 336041, 336044-336054, 336064-336069, 336360-336364, 336410-336415, 336418, 336419, 336440, 336447-336449, 336567, 336568, 337500', 0.07),
(398, 'France Mobile Virgin', '', '337502-337504,337703,337704', 0.1),
(399, 'France Paris', '', '331', 0.04),
(400, 'France Special Services', '', '3380-3387,3396-3398,33880-33884,33891-33899,3389064,3389071', 0.23),
(401, 'French Guiana', '', '594', 0.1),
(402, 'French Guiana Mobile', '', '594694', 0.42),
(403, 'French Guiana Mobile Digicel', '', '5946941,5946949', 0.17),
(404, 'French Guiana Mobile Orange', '', '5946942,5946943,59469440-59469445', 0.21),
(405, 'French Polynesia', '', '689', 0.38),
(406, 'Gabon Republic', '', '241', 0.47),
(407, 'Gabon Republic Mobile Liberties', '', '2416,24106', 0.46),
(408, 'Gabon Republic Mobile Telecel', '', '2415,24105', 0.48),
(409, 'Gabon Republic Mobile Zain', '', '2414,2417,24104,24107', 0.46),
(410, 'Gambia', '', '220', 0.58),
(411, 'Georgia', '', '995', 0.1),
(412, 'Georgia Abkhazia', '', '9951,9954', 0.1),
(413, 'Georgia Adjaria', '', '9952', 0.1),
(414, 'Georgia mobile', '', '9955,9957', 0.17),
(415, 'Georgia mobile Beeline', '', '995568,995571,995574,995579,995592,995597', 0.17),
(416, 'Georgia mobile Geocell', '', '995514,995555,995557,995558,995577,995593', 0.17),
(417, 'Georgia mobile MagtiCom', '', '995551,995591,995595,995596,995598,995599', 0.17),
(418, 'Georgia mobile Silknet', '', '995570,995578', 0.17),
(419, 'Georgia Tbilisi', '', '99532', 0.1),
(420, 'Georgia Tchinvali', '', '995344', 0.1),
(421, 'Germany', '', '49', 0.04),
(422, 'Germany mobile', '', '4915,4916', 0.2),
(423, 'Germany mobile E+', '', '49163,49177,49178,491571-491574,491576-491579', 0.08),
(424, 'Germany mobile Lycamobile', '', '491521', 0.08),
(425, 'Germany mobile O2', '', '49159,49176,49179', 0.08),
(426, 'Germany mobile T-mobile', '', '49151,49160,49161,49170,49171,49175,491505', 0.08),
(427, 'Germany mobile Vodafone', '', '49152,49162,49172-49174', 0.08),
(428, 'Germany Personal Numbering', '', '49700', 0.16),
(429, 'Germany Special Services', '', '4912,4913,4918,49116,49118,49191-49194', 0.06),
(430, 'Ghana', '', '233', 0.27),
(431, 'Ghana Mobile Ghanat', '', '23320,23350', 0.27),
(432, 'Ghana Mobile Glomob', '', '23323', 0.27),
(433, 'Ghana Mobile Millicom', '', '23327,23357', 0.27),
(434, 'Ghana Mobile MTN', '', '23324,23354', 0.27),
(435, 'Ghana Mobile other', '', '23328,23329', 0.27),
(436, 'Ghana Mobile Zain', '', '23326', 0.27),
(437, 'Gibraltar', '', '350', 0.07),
(438, 'Gibraltar Mobile', '', '3505,3506', 0.29),
(439, 'Global Mobile Satellite System Ellipso', '', '8812,8813', 5.25),
(440, 'Globalstar', '', '8818,8819', 4.92),
(441, 'Greece', '', '30', 0.04),
(442, 'Greece Athens', '', '3021', 0.04),
(443, 'Greece Mobile Cosmote', '', '30697,30698', 0.11),
(444, 'Greece Mobile Vodafone', '', '30694,30695', 0.11),
(445, 'Greece Mobile Wind', '', '30690,30693,30699', 0.11),
(446, 'Greenland', '', '299', 0.44),
(447, 'Greenland Mobile', '', '2992,2994,2995', 0.68),
(448, 'Grenada', '', '1473', 0.1),
(449, 'Grenada Mobile Digicel', '', '1473414-1473422,1473533-1473538', 0.29),
(450, 'Grenada Mobile Others', '', '1473403-1473407,1473409,1473410,1473449,1473456-1473459,1473520,1473521', 0.29),
(451, 'Guadeloupe', '', '590', 0.07),
(452, 'Guadeloupe Mobile', '', '590690', 0.44),
(453, 'Guadeloupe Mobile Digicel', '', '59069006,59069007,59069011-59069021,59069023-59069025,59069036,59069042-59069046,59069069,59069080-59069086', 0.17),
(454, 'Guadeloupe Mobile Orange', '', '5906905,59069026-59069035,59069037-59069041,59069047-59069049,59069060-59069065,59069067,59069068,59069070-59069076', 0.17),
(455, 'Guadeloupe Mobile Outre Mer Telecom', '', '5906909,59069000,59069005', 0.17),
(456, 'Guam', '', '1671', 0.06),
(457, 'Guatemala', '', '502', 0.18),
(458, 'Guatemala Mobile Comcel', '', '50230, 50231, 50240, 50245, 50246, 50249, 50250, 502231, 502448, 502449, 502478-502481, 502483-502489, 502515-502520, 502530, 502532-502538, 502552, 502570, 502572-502578, 502580, 502588-502590, 502599, 5022326-5022329, 5022427-5022429', 0.2),
(459, 'Guatemala Mobile PCS', '', '50241', 0.2),
(460, 'Guatemala Mobile Telefonica', '', '502430-502446, 502502, 502507-502510, 502514, 502521-502529, 502539, 502540, 502550, 502560, 502564-502568, 502579, 5022229, 5022267-5022269, 5022277-5022279, 5022375-5022379, 5022450, 5022459, 5022470, 5024470-5024475, 5025312, 5025313', 0.2),
(461, 'Guatemala Sercom Mobile', '', '50242, 502241, 502470-502476, 502501, 502511-502513, 502541-502549, 502556, 502557, 502559, 502561-502563, 502569, 502582-502587, 502592-502598, 5022222, 5022223, 5022320-5022324, 5022420-5022426, 5024770-5024772, 5025310, 5025311, 5025510-5025517', 0.2),
(462, 'Guinea', '', '224', 0.52),
(463, 'Guinea Bissau', '', '245', 0.41),
(464, 'Guinea Bissau Mobile Guinetel', '', '2457', 0.39),
(465, 'Guinea Bissau Mobile MTN', '', '2456', 0.39),
(466, 'Guinea Bissau Mobile Orange', '', '2455', 0.54),
(467, 'Guinea Bissau Premium Rate Services', '', '24540,24542,24545', 0.39),
(468, 'Guinea Mobile Cellcom', '', '22465,22467', 0.49),
(469, 'Guinea Mobile Gamma', '', '22455', 0.52),
(470, 'Guinea Mobile Intercel', '', '22463', 0.45),
(471, 'Guinea Mobile MTN', '', '22424,22464,22466,22469', 0.54),
(472, 'Guinea Mobile Orange', '', '22461,22462,22468,22472', 0.47),
(473, 'Guinea Mobile Sotelgui', '', '22460', 0.52),
(474, 'Guyana', '', '592', 0.32),
(475, 'Guyana Mobile Digicel', '', '59266-59269,59280,592600-592604', 0.34),
(476, 'Guyana Mobile Other', '', '59261-59265,592609', 0.34),
(477, 'Haiti', '', '509', 0.37),
(478, 'Haiti Mobile Comcel', '', '50929,50934,50939,50944,50949', 0.36),
(479, 'Haiti Mobile Digicel', '', '5096-5098,50931,50936-50938,50946,50947,509281', 0.36),
(480, 'Haiti Mobile Rectel', '', '5093', 0.36),
(481, 'Honduras', '', '504', 0.17),
(482, 'Honduras Mobile Celtel', '', '5049', 0.18),
(483, 'Honduras Mobile Claro', '', '5043', 0.18),
(484, 'Honduras Mobile Digicel', '', '5048', 0.18),
(485, 'Honduras Mobile Hondutel', '', '5047214-5047219,5047240,5047241,5047250-5047252,5047411,50474100-50474104,50474120,50474121,50474123,50474124', 0.23),
(486, 'Hong Kong', '', '852', 0.04),
(487, 'Hong Kong Mobile', '', '8525,8526,8529,85217,85248,85249', 0.04),
(488, 'Hungary', '', '36', 0.04),
(489, 'Hungary Budapest', '', '361', 0.04),
(490, 'Hungary Mobile other', '', '3631', 0.08),
(491, 'Hungary Mobile Pannon', '', '3620', 0.08),
(492, 'Hungary Mobile TMobile', '', '3630', 0.08),
(493, 'Hungary Mobile Vodafone', '', '3670', 0.08),
(494, 'Iceland', '', '354', 0.04),
(495, 'Iceland Mobile IMC', '', '354388,354389,354630,354647,354650', 0.15),
(496, 'Iceland Mobile other', '', '354780-354783', 0.14),
(497, 'Iceland Mobile Other', '', '35477', 0.14),
(498, 'Iceland Mobile Telecom', '', '35483-35489,354611,354631,354632,354637,354826-354829', 0.14),
(499, 'Iceland Mobile Vodafone', '', '35461,35462,35464,35466-35469,35475,354659,354820-354825', 0.14),
(500, 'India', '', '91', 0.04),
(501, 'India Ahmedabad', '', '9179', 0.04),
(502, 'India Bangalore', '', '9180', 0.04),
(503, 'India Bombay', '', '9122', 0.04),
(504, 'India Calcutta', '', '9133', 0.04),
(505, 'India Hyderabad', '', '9140', 0.04),
(506, 'India Madras', '', '9144', 0.04),
(507, 'India Mobile BSNL', '', '9186,9191,9194,917376,917579,917587-917589,917597-917599,917839,918004,918005,918500,918547,918762-918765,918887,918895,918900-918903,918985-918996,919530-919532,919682-919684,9183000,9183001', 0.04),
(508, 'India Mobile Other', '', '919', 0.04),
(509, 'India Mobile Privately Run', '', '9177, 9178, 9190, 9192, 9193, 9195-9199, 91510, 91720, 91800, 91801, 91805, 91807-91810, 91812, 91814, 91843, 91860, 91879, 91880, 91887-91890, 91895, 91897-91899, 917250, 917259, 917265, 917275-917278, 917293, 917298, 917299, 917373, 917377', 0.04),
(510, 'India Mobile Privately Run', '', '917379, 917396, 917398, 917399, 917411, 917415-917419, 917428, 917429, 917439, 917483, 917488, 917489, 917498-917505, 917520, 917549, 917566-917569, 917600, 917602, 917607, 917620, 917631, 917639, 917654, 917665-917669, 917676, 917677, 917679', 0.04),
(511, 'India Mobile Privately Run', '', '917696-917699, 918115, 918116, 918130, 918171, 918179, 918197, 918220, 918233, 918235, 918237-918239, 918252, 918260, 918264, 918268-918271, 918273, 918285-918287, 918290, 918291, 918293-918298, 918302, 918303, 918305-918308, 918341', 0.04),
(512, 'India Mobile Privately Run', '', '918344, 918347-918349, 918374, 918390, 918400, 918401, 918409, 918410, 918420, 918421, 918423, 918427-918429, 918445-918449, 918453, 918459, 918460, 918469, 918486, 918489, 918507-918509, 918511, 918521, 918526-918530, 918553, 918574, 918575', 0.04),
(513, 'India Mobile Privately Run', '', '918590, 918591, 918595, 918597, 918650-918653, 918655, 918657, 918658, 918670, 918675, 918679, 918686-918688, 918690, 918695-918699, 918712, 918714, 918722, 918726, 918750, 918754-918760, 918766-918769, 918810, 918815, 918817, 918820, 918822', 0.04),
(514, 'India Mobile Privately Run', '', '918824-918828, 918853, 918858-918861, 918866, 918867, 918923, 918925-918930, 918939, 918940, 918943, 918948, 918960-918962, 918967-918969, 919100, 919102, 919108-919112, 919114, 919117, 919122, 919124-919129, 919131-919133, 919135-919138', 0.04),
(515, 'India New Delhi', '', '9111', 0.04),
(516, 'India Punjab', '', '9116-9118', 0.04),
(517, 'Indonesia', '', '62', 0.11),
(518, 'Indonesia Bandung', '', '6222', 0.07),
(519, 'Indonesia Batam', '', '62778', 0.07),
(520, 'Indonesia Bogor', '', '62251', 0.07),
(521, 'Indonesia Denpasar', '', '62361', 0.07),
(522, 'Indonesia Jakarta', '', '6221', 0.07),
(523, 'Indonesia Malang', '', '62341', 0.07),
(524, 'Indonesia Medan', '', '6261', 0.07),
(525, 'Indonesia Mobile Exelcom', '', '62817-62819,62859,62877,62878', 0.11),
(526, 'Indonesia Mobile Indosat', '', '62814-62816,62855-62858', 0.11),
(527, 'Indonesia Mobile other', '', '6281-6283,6285,6286,6288,6289', 0.13),
(528, 'Indonesia Mobile Satellite', '', '62868', 0.57),
(529, 'Indonesia Mobile Telkomsel', '', '62811-62813,62821-62823,62852,62853', 0.11),
(530, 'Indonesia Surabaya', '', '6231', 0.07),
(531, 'Inmarsat AERO SNAC', '', '8705', 4.4),
(532, 'Inmarsat BGAN HSD SNAC', '', '87078', 7.21),
(533, 'Inmarsat BGAN SNAC', '', '87077', 1.37),
(534, 'Inmarsat B (SNAC) Except Pacific', '', '87030-87038', 3.28),
(535, 'Inmarsat HSD SNAC Except Pacific', '', '87039', 9.83),
(536, 'Inmarsat M4 SNAC', '', '87060', 8.89),
(537, 'Inmarsat Mini-M (SNAC) Except Pacific', '', '87076', 1.5),
(538, 'Inmarsat M (SNAC) Except Pacific', '', '87061-87069', 1.67),
(539, 'International Networks - AeroMobile', '', '88299', 6.08),
(540, 'International Networks - DTAG', '', '88228', 0.57),
(541, 'International Networks - Ellipso', '', '88238', 0.95),
(542, 'International Networks - Global Networks', '', '88234', 3.8),
(543, 'International Networks - Inphon', '', '88244', 3.23),
(544, 'International Networks - Intermatica', '', '88241', 3.74),
(545, 'International Networks Mobistar', '', '883130', 0.06),
(546, 'International Networks - MTT', '', '883140', 0.06),
(547, 'International Networks Navita', '', '88236', 6.08),
(548, 'International Networks Onair', '', '88298', 2.09),
(549, 'International Networks Oration Technologies', '', '88233', 3.8),
(550, 'International Networks - SEANET', '', '88242', 2.09),
(551, 'International Networks - Telenor', '', '883120', 0.12),
(552, 'International Networks - VODAFO', '', '88239', 0.18),
(553, 'International Networks - VOXBON', '', '8835100', 0.06),
(554, 'Iran', '', '98', 0.13),
(555, 'Iran Mobile', '', '9891,9893', 0.13),
(556, 'Iran Mobile MTN', '', '98930,98933,98935-98939', 0.13),
(557, 'Iran Tehran', '', '9821', 0.13),
(558, 'Iraq', '', '964', 0.14),
(559, 'Iraq Baghdad', '', '9641', 0.14),
(560, 'Iraq Mobile Asia Cell', '', '96477', 0.17),
(561, 'Iraq Mobile Atheer', '', '96478,96479', 0.17),
(562, 'Iraq Mobile Korek', '', '96475', 0.15),
(563, 'Iraq Mobile other', '', '9647', 0.17),
(564, 'Iraq Mobile Sana', '', '96473', 0.17),
(565, 'Ireland', '', '353', 0.04),
(566, 'Ireland Dublin', '', '3531', 0.04),
(567, 'Ireland Mobile H3G', '', '35383', 0.17),
(568, 'Ireland Mobile Meteor', '', '35385', 0.15),
(569, 'Ireland Mobile O2', '', '35386', 0.14),
(570, 'Ireland Mobile O3', '', '3538996', 0.14),
(571, 'Ireland Mobile O4', '', '3538995', 0.14),
(572, 'Ireland Mobile Tesco', '', '3538941-3538947,35389541-35389547', 0.3);
INSERT INTO `voip` (`id`, `country_en`, `country_ru`, `code`, `cost`) VALUES
(573, 'Ireland Mobile Vodafone', '', '35382,35387', 0.14),
(574, 'Ireland Special Services', '', '35376,353700,353818', 0.35),
(575, 'Iridium', '', '8816,8817', 5.45),
(576, 'Israel', '', '972', 0.04),
(577, 'Israel Mobile Cellcom', '', '97252,97215152,97215352', 0.07),
(578, 'Israel Mobile other', '', '97250,97251,97253,97255,97257,97258,972151,972153', 0.07),
(579, 'Israel Mobile Palestine', '', '97256,97259', 0.22),
(580, 'Israel Mobile Partner', '', '97254,97215154,97215354', 0.07),
(581, 'Israel Palestine', '', '97222,97242,97282,97292', 0.22),
(582, 'Italy', '', '39', 0.04),
(583, 'Italy Milan', '', '3902', 0.04),
(584, 'Italy Mobile', '', '393', 0.13),
(585, 'Italy Mobile Elsacom', '', '39310', 0.16),
(586, 'Italy Mobile H3g', '', '39373,39390-39393,39397', 0.14),
(587, 'Italy Mobile Intermatica', '', '39319', 0.38),
(588, 'Italy Mobile IPSE2000', '', '39370', 0.13),
(589, 'Italy Mobile Italy Railways', '', '39313', 0.16),
(590, 'Italy Mobile Noverca', '', '39350', 0.41),
(591, 'Italy Mobile Tim', '', '3933,39360-39363,39366,39368', 0.13),
(592, 'Italy Mobile Vodafone', '', '39340-39343,39345-39349,39377,39383', 0.13),
(593, 'Italy Mobile Wind', '', '39320,39322-39324,39327-39329,39380,39387-39389', 0.11),
(594, 'Italy Rome', '', '3906', 0.04),
(595, 'Ivory Coast', '', '225', 0.27),
(596, 'Ivory Coast Abidjan', '', '2252', 0.27),
(597, 'Ivory Coast Mobile Aircomm', '', '22569', 0.31),
(598, 'Ivory Coast Mobile Comium', '', '22565-22567', 0.18),
(599, 'Ivory Coast Mobile Moov', '', '22501-22503,22540,22541', 0.34),
(600, 'Ivory Coast Mobile MTN', '', '22504-22506,22544-22546,22555,22556', 0.34),
(601, 'Ivory Coast Mobile Orange', '', '22507-22509,22547-22549,22557,225580-225586', 0.34),
(602, 'Ivory Coast Mobile Oricell', '', '22560,22561', 0.24),
(603, 'Jamaica', '', '1876', 0.11),
(604, 'Jamaica Mobile CW', '', '187632-187634,187653,187654,187677,187682,187683,1876210,1876310,1876312-1876319,1876700,1876707,1876781-1876784,1876787-1876793,1876796-1876799,1876804-1876810,1876812-1876819,1876909,1876919,1876990,1876995,1876997,1876999', 0.3),
(605, 'Jamaica Mobile Digicel', '', '187624-187626,187628-187630,187635-187639,187641-187649,187652,187655,187657-187659,187684-187689,1876275-1876279,1876401-1876409,1876503-1876509,1876560-1876562,1876564-1876569,1876618,1876619,1876648,1876649,1876665,1876667-1876669', 0.3),
(606, 'Japan', '', '81', 0.07),
(607, 'Japan Mobile', '', '8170,8180,8190', 0.15),
(608, 'Japan NonGeographic', '', '8150', 0.07),
(609, 'Japan Tokyo', '', '813', 0.07),
(610, 'Jordan', '', '962', 0.13),
(611, 'Jordan Mobile Orange', '', '96277', 0.17),
(612, 'Jordan Mobile Umniah', '', '96278', 0.17),
(613, 'Jordan Mobile Zain', '', '96279', 0.17),
(614, 'Kazakhstan', '', '771,772', 0.07),
(615, 'Kazakhstan Aktau', '', '77292', 0.07),
(616, 'Kazakhstan Aktubinsk', '', '77132', 0.07),
(617, 'Kazakhstan Almaty', '', '77272,77273', 0.04),
(618, 'Kazakhstan alternative networks', '', '7760-7764', 0.11),
(619, 'Kazakhstan Astana', '', '77172', 0.04),
(620, 'Kazakhstan Atyrau', '', '771222', 0.07),
(621, 'Kazakhstan Karaganda', '', '77212', 0.04),
(622, 'Kazakhstan Kostanay', '', '771430', 0.07),
(623, 'Kazakhstan Kzylorda', '', '77242', 0.07),
(624, 'Kazakhstan mobile Altel', '', '7700', 0.14),
(625, 'Kazakhstan mobile KarTel', '', '7705,7771,7777', 0.14),
(626, 'Kazakhstan mobile K''Cell', '', '7701,7702,7775,7778', 0.14),
(627, 'Kazakhstan mobile Telecom Service', '', '7707', 0.14),
(628, 'Kazakhstan Pavlodar', '', '77182', 0.07),
(629, 'Kazakhstan Petropavlovsk', '', '77152', 0.07),
(630, 'Kazakhstan Shimkent', '', '77252', 0.07),
(631, 'Kazakhstan Taraz', '', '77262', 0.07),
(632, 'Kazakhstan Uralsk', '', '77112', 0.07),
(633, 'Kazakhstan UstKamenogorsk', '', '77232', 0.07),
(634, 'Kenya', '', '254', 0.11),
(635, 'Kenya Mobile', '', '2547', 0.15),
(636, 'Kenya Mobile Airtel', '', '25473,254785-254789', 0.13),
(637, 'Kenya Mobile Safaricom', '', '25471,25472,254700-254708', 0.09),
(638, 'Kenya Nairobi', '', '25420', 0.13),
(639, 'Kiribati', '', '686', 0.73),
(640, 'Korea (North)', '', '850', 0.87),
(641, 'Korea (South)', '', '82', 0.04),
(642, 'Kuwait', '', '965', 0.13),
(643, 'Kuwait Mobile Others', '', '9655', 0.14),
(644, 'Kuwait Mobile Wataniya', '', '9656', 0.14),
(645, 'Kuwait Mobile Zain', '', '9659', 0.14),
(646, 'Kyrgyzstan', '', '996', 0.15),
(647, 'Kyrgyzstan Bishkek', '', '996312', 0.13),
(648, 'Kyrgyzstan Mobile', '', '9965', 0.16),
(649, 'Kyrgyzstan MobileAktel', '', '996543,996545', 0.1),
(650, 'Kyrgyzstan MobileAsiaInfo', '', '9966232', 0.16),
(651, 'Kyrgyzstan MobileBiMoCom', '', '99655', 0.14),
(652, 'Kyrgyzstan MobileKatel', '', '996512,996515,996517', 0.14),
(653, 'Kyrgyzstan MobileNur Telecom', '', '99670', 0.14),
(654, 'Kyrgyzstan MobileSky', '', '99677', 0.13),
(655, 'Kyrgyzstan MobileSotel', '', '99657', 0.14),
(656, 'Laos', '', '856', 0.07),
(657, 'Latvia', '', '3716358,3716433,3716437,3716439,3716441,3716442,3716446,3716451,3716458,3716461,3716467,3716468,3716471,3716479,3716481,3716488,3716501,3716509,3716521,3716528,3716531,3716539,3716541,3716548,3716561,3716563', 0.07),
(658, 'Latvia', '', '3710, 3711, 3713-3715, 37123, 37160, 37161, 37169-37177, 37179, 37182-37189, 37191-37199, 371241-371243, 371245-371249, 371251-371253, 371257, 371281, 371285, 371289, 371621-371629, 371659, 371680-371682, 371685, 371687-371689, 371780-371784', 0.04),
(659, 'Latvia', '', '371786, 371800-371803, 371805, 371807, 371808, 371811-371817, 371819, 371900, 371903, 371905, 371908, 3712089, 3712091-3712098, 3712260-3712265, 3712267-3712276, 3712279, 3712285-3712287, 3712289-3712298, 3712401-3712409, 3712440-3712443', 0.04),
(660, 'Latvia', '', '3712445-3712449, 3712503-3712509, 3712768, 3712801-3712809, 3712841-3712843, 3712901-3712909, 3716201-3716209, 3716300-3716302, 3716304-3716308, 3716310, 3716312, 3716314-3716320, 3716322-3716327, 3716329, 3716330, 3716332-3716338', 0.04),
(661, 'Latvia', '', '3716340, 3716342-3716346, 3716348, 3716349, 3716351-3716357, 3716359, 3716360, 3716362-3716364, 3716366-3716370, 3716372-3716376, 3716378, 3716380, 3716382-3716388, 3716390, 3716392-3716398, 3716400, 3716402-3716408, 3716410, 3716412-3716417', 0.04),
(662, 'Latvia', '', '3716419, 3716420, 3716422-3716428, 3716430, 3716432, 3716434-3716436, 3716438, 3716440, 3716443-3716445, 3716447-3716450, 3716452-3716457, 3716459, 3716460, 3716462-3716466, 3716469, 3716470, 3716472-3716478, 3716480, 3716482-3716487, 3716489', 0.04),
(663, 'Latvia', '', '3716491-3716500, 3716502-3716508, 3716515, 3716520, 3716522-3716527, 3716529, 3716530, 3716532-3716538, 3716540, 3716542-3716547, 3716549, 3716551-3716557, 3716559, 3716560, 3716562, 3716564-3716566, 3716568, 3716570, 3716572-3716576', 0.04),
(664, 'Latvia', '', '3716578, 3716582-3716587, 3716589, 3716830-3716837, 3716839, 3716841-3716849, 3716862-3716867, 3716869, 3717855-3717857, 3717859, 3717871-3717879, 3717882-3717886, 3717888, 3717892-3717898, 3718041-3718049, 3718061-3718069, 3718091-3718099', 0.04),
(665, 'Latvia', '', '3718183-3718189, 3719011-3719020, 3719022-3719029, 3719041-3719049, 3719061-3719069, 3719071-3719079, 3719091-3719099, 37178500, 37178503, 37178505-37178508, 37178511-37178518, 37178520, 37178522-37178534, 37178537-37178539', 0.04),
(666, 'Latvia', '', '37178542-37178549, 37178584-37178589, 37178814-37178819, 37178890-37178898, 37178900-37178904, 37178906-37178909, 37178990-37178998, 37180401-37180409, 37180901-37180909, 37181800-37181808, 37181810-37181814, 37181818', 0.04),
(667, 'Latvia MobileBite', '', '371221,371225,371273-371275,3712205-3712209,3712239,3712280-3712284,3712550-3712555,3712585-3712588,3712720,3712721,3712728,3712729,3712760-3712767', 0.08),
(668, 'Latvia MobileBite', '', '3712722-3712726', 0.67),
(669, 'Latvia Mobile Bite', '', '371206,371207,3712019,3712080-3712088,3712770-3712776,3712778,3712779,3712790,3712792,3712793,3712796,3712799', 0.08),
(670, 'Latvia MobileCamelMobile', '', '37121,371222', 0.35),
(671, 'Latvia MobileLMT', '', '371202,371224,371254,371261-371266,371278,371283,371286,371287,371291-371294,3712200-3712204,3712556-3712559,3712849', 0.08),
(672, 'Latvia Mobile LMT', '', '371256', 0.08),
(673, 'Latvia MobileTele2', '', '371200,371203,371259,371260,371267-371271,371282,371288,371295-371299,3712230-3712238,3712844-3712848', 0.08),
(674, 'Latvia Mobile Tele2', '', '371204,371205', 0.08),
(675, 'Latvia MobileTelekom Baltija', '', '3712580-3712584,3712589', 0.21),
(676, 'Latvia others', '', '3716303,3716309,3716311,3716313,3716321,3716328,3716331,3716339,3716341,3716347,3716350,3716361,3716365,3716371,3716377,3716379,3716381,3716389,3716391,3716399,3716401,3716409,3716411,3716418,3716421,3716429,3716431', 0.07),
(677, 'Latvia Others', '', '3716200,3716490,3716550,3716558,3716567,3716569,3716571,3716577,3716579-3716581,3716588,3716838,3716840,3716860,3716861,3716868', 0.07),
(678, 'Latvia Riga', '', '371662', 0.07),
(679, 'Latvia Riga', '', '371663-371665, 371670, 371673, 371675, 371679, 3716660-3716665, 3716667-3716676, 3716678-3716687, 3716710-3716714, 3716717, 3716718, 3716720-3716722, 3716724-3716729, 3716740-3716747, 3716760-3716762, 3716767, 3716768, 3716770', 0.04),
(680, 'Latvia Riga others', '', '371660,3716666,3716715,3716716,3716719,3716723,3716748,3716749,3716763-3716765,3716769,3716771,3716772,3716778,3716779,3716785,3716787,3716788,37167660-37167666,37167669', 0.07),
(681, 'Latvia Riga Others', '', '371661,371669,3716677,3716688,3716689', 0.07),
(682, 'Latvia Special Services', '', '3716510,3716512-3716514,3716516,3716517,3716519', 0.04),
(683, 'Latvia Special Services', '', '3716511,3716518', 0.07),
(684, 'Lebanon', '', '961', 0.12),
(685, 'Lebanon Mobile', '', '9613,96170,96171,961760,961761,961763-961769,961788,961789,9617910-9617914', 0.23),
(686, 'Lesotho', '', '266', 0.26),
(687, 'Lesotho Mobile', '', '2665,2666', 0.26),
(688, 'Liberia', '', '231', 0.33),
(689, 'Liberia MobileAW LiberCell', '', '2314', 0.46),
(690, 'Liberia MobileCelcom', '', '2317', 0.48),
(691, 'Liberia MobileComium', '', '2315', 0.44),
(692, 'Liberia MobileMTN', '', '2316,23188', 0.48),
(693, 'Liberia MobileTelelinks', '', '2319', 0.45),
(694, 'Libya', '', '218', 0.35),
(695, 'Libya MobileLibyana Al Hurra', '', '21899', 0.4),
(696, 'Libya MobileOther', '', '21891,21892,21894-21896', 0.4),
(697, 'Liechtenstein', '', '423', 0.11),
(698, 'Liechtenstein Mobile1rst Mobile', '', '423742,42369742', 0.67),
(699, 'Liechtenstein MobileMobilkom', '', '42379,423661-423663,423666,4236979', 0.67),
(700, 'Liechtenstein MobileOrange', '', '42375,42378,4236975,4236978', 0.67),
(701, 'Liechtenstein MobileOther', '', '4236,4237', 0.67),
(702, 'Liechtenstein MobilePersonal Number', '', '4237010,4237011', 0.67),
(703, 'Liechtenstein MobileSwisscom FL', '', '42377,4236977', 0.67),
(704, 'Liechtenstein MobileTele2', '', '42376,4236976', 0.73),
(705, 'Lithuania', '', '370', 0.07),
(706, 'Lithuania mobile', '', '3706', 0.07),
(707, 'Lithuania Mobile Bite Lietuva', '', '3706611-3706619,3706660,3706661,3706665,3706667-3706669,3706676-3706679,3706696-3706699,3706910,3706913-3706919,37066105,37066700-37066711,37066900', 0.05),
(708, 'Lithuania MobileBite Lietuva', '', '37063,37065,370640-370644,370649,370660,370681,370685,370689,370690,370699,37069742,37069743', 0.05),
(709, 'Lithuania MobileOmnitel', '', '370662,370663,370680,370682,370686-370688,370692-370698', 0.05),
(710, 'Lithuania Mobile Omnitel', '', '370610-370629', 0.05),
(711, 'Lithuania MobileTele2', '', '370645-370648,370683,370684', 0.05),
(712, 'Lithuania Mobile Tele2', '', '370600-370609,370670-370679,3706666,37066842,37066860-37066865', 0.05),
(713, 'Luxembourg', '', '352', 0.04),
(714, 'Luxembourg MobileOrange', '', '352661,352668', 0.23),
(715, 'Luxembourg MobileP&T LuxGSM', '', '352621,352628,3526021', 0.18),
(716, 'Luxembourg MobileTango', '', '352691,352698', 0.18),
(717, 'Macau', '', '853', 0.05),
(718, 'Macedonia', '', '389', 0.13),
(719, 'Macedonia Cosmofon Fixed', '', '389252,3893152,3893252,3893352,3893452,3894252,3894352,3894452,3894552,3894652,3894752,3894852', 0.14),
(720, 'Macedonia MobileCosmofon', '', '38975,38976', 0.44),
(721, 'Macedonia Mobile Cosmofon', '', '389733,3897340', 0.44),
(722, 'Macedonia MobileMobimak', '', '38970-38972', 0.44),
(723, 'Macedonia MobileVIP Operator', '', '38977,38978', 0.44),
(724, 'Madagascar', '', '261', 0.52),
(725, 'Madagascar Gulfsat', '', '26122', 1.08),
(726, 'Madagascar MobileAirtel', '', '26133', 0.58),
(727, 'Madagascar MobileOrange', '', '26132', 0.57),
(728, 'Madagascar MobileTelma', '', '26134', 0.52),
(729, 'Malawi', '', '265', 0.11),
(730, 'Malawi Mobile', '', '2658,2659', 0.11),
(731, 'Malaysia', '', '60', 0.03),
(732, 'Malaysia Mobile', '', '601', 0.06),
(733, 'Malaysia MobileCelcom', '', '6013,6019,60145,60148,601030-601034,601040,601041,601050-601054,601057-601059,601077-601081,601083-601087,601115,6010172,6010173,6011105-6011109,6011130-6011134,6011145-6011149,6011185-6011194', 0.06),
(734, 'Malaysia MobileDigi', '', '6016,60102,60143,60146,60149,601036-601039,601046,601056,601066,601076,601082,601088,601091-601098,601116,601126,6010900-6010903,6010905-6010909', 0.06),
(735, 'Malaysia MobileMaxis', '', '6012,6017,60142,60147,601042,601043,601070,601071,601089,6011120-6011124,6011135-6011144,6011175-6011179', 0.06),
(736, 'Maldives', '', '960', 0.88),
(737, 'Maldives MobileWataniya', '', '9609', 0.88),
(738, 'Mali', '', '223', 0.24),
(739, 'Mali Bamako', '', '22320,22344', 0.25),
(740, 'Mali MobileMalitel', '', '2236', 0.33),
(741, 'Mali MobileOrange', '', '2237', 0.35),
(742, 'Malta', '', '356', 0.04),
(743, 'Malta Mobile3G', '', '35677', 0.14),
(744, 'Malta MobileGo Mobile', '', '35672,35679,3567117,3569889', 0.14),
(745, 'Malta MobileVodafone', '', '35692,35694,35696,35699,3568004,3569811-3569813,3569897', 0.14),
(746, 'Mariana Island', '', '1670', 0.06),
(747, 'Marshall Islands', '', '692', 0.32),
(748, 'Martinique Fr. Antilles', '', '596', 0.06),
(749, 'Martinique Fr. Antilles Mobile', '', '596696', 0.19),
(750, 'Martinique Fr. Antilles MobileDigicel', '', '5966961,5966965,5966967,5966969', 0.14),
(751, 'Martinique Fr. Antilles MobileOrange', '', '5966962-5966964,59669680-59669686,59669699', 0.15),
(752, 'Mauritania', '', '222', 0.58),
(753, 'Mauritania Chinguitel Fixed', '', '22225', 0.58),
(754, 'Mauritania MobileChinguitel', '', '22220-22224,22226-22229,22259,22270', 0.64),
(755, 'Mauritania MobileMattel', '', '22230-22234,22236-22239,22261-22263,22266,22271-22273', 0.64),
(756, 'Mauritania MobileMauritel', '', '22240-22244,22246-22249,22260,22264,22265,22267-22269,22274-22279', 0.5),
(757, 'Mauritius', '', '230', 0.17),
(758, 'Mauritius MobileOther', '', '2307,23025,23049,23091-23098,230421-230423,230428,230429,230471,230472,230479', 0.18),
(759, 'Mauritius MobileRodrigues', '', '23087', 0.19),
(760, 'Mauritius Rodrigues', '', '23083', 0.19),
(761, 'Mexico', '', '52', 0.05),
(762, 'Mexico Mobile', '', '521', 0.14),
(763, 'Mexico Triangle Guadalajara', '', '5233', 0.03),
(764, 'Mexico Triangle Mexico City', '', '5255', 0.03),
(765, 'Mexico Triangle Monterrey', '', '5281', 0.03),
(766, 'Micronesia', '', '691', 0.3),
(767, 'Moldova', '', '373', 0.16),
(768, 'Moldova MobileMoldcell', '', '37378,37379', 0.32),
(769, 'Moldova MobileMoldtelecom', '', '373671-373674', 0.23),
(770, 'Moldova Mobile Moldtelecom', '', '373675', 0.23),
(771, 'Moldova MobileOrange', '', '37360,37368,37369', 0.24),
(772, 'Moldova MobileTransnistria', '', '37377', 0.21),
(773, 'Moldova Non Geographical', '', '37330', 0.18),
(774, 'Moldova Transnistria', '', '373210,373215,373216,373219,373533,373552,373555,373557,373562', 0.18),
(775, 'Monaco', '', '377', 0.08),
(776, 'Monaco Kosovo Mobile', '', '37744,37745,3774098', 0.42),
(777, 'Monaco Mobile', '', '3774,3776', 0.39),
(778, 'Mongolia', '', '976', 0.08),
(779, 'Montenegro', '', '382', 0.17),
(780, 'Montenegro MobileMTEL', '', '38268', 0.39),
(781, 'Montenegro MobileProMonte', '', '38263,38269', 0.39),
(782, 'Montenegro MobileT-Mobile', '', '38267', 0.39),
(783, 'Montserrat', '', '1664', 0.22),
(784, 'Morocco', '', '212', 0.04),
(785, 'Morocco Connect Limited Mobility Services(WANA)', '', '212526,212527,212533,212534,212540,212546,212547,212550,212553', 0.32),
(786, 'Morocco MobileItissalat', '', '212610,212611,212613,212615,212616,212618,212622-212624,212628,212641,212642,212648,212650-212655,212658,212659,212661,212662,212666-212668,212670-212673,212676-212678', 0.45),
(787, 'Morocco Mobile Itissalat', '', '212636', 0.45),
(788, 'Morocco MobileMeditel', '', '212612,212614,212617,212619-212621,212644,212645,212649,212656,212657,212660,212663-212665,212669,212674,212675,212679', 0.45),
(789, 'Morocco MobileWANA', '', '212600-212603,212605,212606,212626,212627,212629,212630,212633-212635,212638,212640,212646,212647,212680,212699', 0.45),
(790, 'Morocco Mobile WANA', '', '212604,212607,212681', 0.45),
(791, 'Morocco WANA', '', '212529,212538', 0.32),
(792, 'Mozambique', '', '258', 0.1),
(793, 'Mozambique MobileMCell', '', '25882', 0.14),
(794, 'Mozambique MobileMovitel', '', '25886', 0.13),
(795, 'Mozambique MobileVodacom', '', '25884', 0.31),
(796, 'Myanmar', '', '95', 0.39),
(797, 'Namibia', '', '264', 0.08),
(798, 'Namibia MobileLEO', '', '26485', 0.19),
(799, 'Namibia MobileMTC', '', '26481', 0.19),
(800, 'Nauru', '', '674', 1.41),
(801, 'Nepal', '', '977', 0.17),
(802, 'Nepal Kathmandu', '', '97712,97714-97716', 0.17),
(803, 'Nepal Mobile', '', '97798,977960,977961,977963,977972,977974,977975', 0.17),
(804, 'Netherlands', '', '31', 0.04),
(805, 'Netherlands Antilles', '', '599', 0.17),
(806, 'Netherlands Antilles Curacao', '', '59994,59998,599950,599973,599974,5999720-5999722,5999763,5999765-5999767,5999777', 0.1),
(807, 'Netherlands Antilles MobileBonaire', '', '59979', 0.15),
(808, 'Netherlands Antilles MobileBonaire Digicel', '', '59970,59978', 0.15),
(809, 'Netherlands Antilles MobileCuracao', '', '599951-599956,599961,5999630,5999631', 0.15),
(810, 'Netherlands Antilles Mobile Curacao Digicel', '', '599968', 0.15),
(811, 'Netherlands Antilles MobileCuracao Digicel', '', '599966,599967,599969', 0.15),
(812, 'Netherlands Antilles MobileSaba', '', '5994161,5994165-5994168', 0.15),
(813, 'Netherlands Antilles Mobile-St.Eustatius', '', '5993181,5993184-5993187', 0.15),
(814, 'Netherlands MobileKPN', '', '31610,31612,31613,31620,31622,31623,31630,31651,31653,31657,31682,31683', 0.07),
(815, 'Netherlands MobileOther', '', '316', 0.21),
(816, 'Netherlands MobileTele 2', '', '31636,31640', 0.07),
(817, 'Netherlands MobileTelfort', '', '31616,31617,31619,31626,31633,31644,31645,31647,31649', 0.07),
(818, 'Netherlands MobileT-Mobile', '', '31614,31618,31624,31628,31634,31638,31639,31641-31643,31648,31681', 0.07),
(819, 'Netherlands MobileVodafone', '', '31611,31615,31621,31625,31627,31629,31631,31637,31646,31650,31652,31654,31655', 0.07),
(820, 'Netherlands Mobile Vodafone', '', '31680', 0.07),
(821, 'Nevis & St. Kitts', '', '1869', 0.12),
(822, 'Nevis & St. Kitts MobileDigicel', '', '1869760,1869762-1869765', 0.28),
(823, 'Nevis & St. Kitts MobileOther', '', '1869556-1869558,1869565-1869567,1869660-1869665,1869667-1869669', 0.29),
(824, 'New Caledonia', '', '687', 0.31),
(825, 'New Zealand', '', '64', 0.03),
(826, 'New Zealand Mobile', '', '642', 0.12),
(827, 'Nicaragua', '', '505', 0.17),
(828, 'Nicaragua MobileClaro', '', '50586,505833,505835,505836,505840-505844,505849-505851,505870-505874,505882-505885,505890-505894', 0.28),
(829, 'Nicaragua Mobile Claro', '', '505852,505853', 0.28),
(830, 'Nicaragua MobileMovistar', '', '505832,505837-505839,505845-505848,505855-505858,505867,505868,505875-505881,505886-505889,505895-505899', 0.28),
(831, 'Nicaragua Mobile Movistar', '', '505859', 0.28),
(832, 'Niger', '', '227', 0.26),
(833, 'Nigeria', '', '234', 0.15),
(834, 'Nigeria Globacom', '', '2341903-2341915,2342903-2342905,2348493,2348494,2349903,2349904', 0.13),
(835, 'Nigeria Lagos', '', '2341', 0.14),
(836, 'Nigeria MobileAirtel', '', '234708,234802,234808,234812', 0.11),
(837, 'Nigeria MobileEMTS', '', '234809,234818', 0.13),
(838, 'Nigeria Mobile EMTS', '', '234817', 0.13),
(839, 'Nigeria MobileGlobacom', '', '234705,234805,234807,234815', 0.11),
(840, 'Nigeria MobileMTEL', '', '234804', 0.12),
(841, 'Nigeria MobileMTN', '', '234703,234706,234803,234806,234810,234813,234816', 0.11),
(842, 'Nigeria MobileMultilinks', '', '234709362', 0.23),
(843, 'Nigeria Starcomms', '', '234173, 234174, 234180-234182, 234184, 234185, 234187, 234189, 234195, 234287, 234318, 234388, 234398, 234428, 234468, 234488, 234528, 234538, 234548, 234568, 234628, 234643, 234648, 234649, 234658, 234698, 234738, 234769, 234778, 234828, 234838', 0.12),
(844, 'Nigeria Starcomms', '', '234847, 234848, 234858, 234878, 234888, 234980, 234987, 2341880-2341883, 2343961-2343965, 2344671-2344679, 2345277-2345279, 2346277-2346279, 2346461, 2346462, 2346469, 2346470, 2346474-2346476, 2346479, 2347028, 2347029, 2348190, 2348191, 2348421', 0.12),
(845, 'Nigeria Visafone', '', '234129, 234229, 234704, 234929, 2341342, 2341453, 2341454, 2343129, 2343829, 2343929, 2344229, 2344266, 2344329, 2344628, 2344629, 2344666, 2344829, 2344888, 2345229, 2345529, 2345629, 2346229, 2346429, 2346443, 2346529, 2346929, 2347025, 2347026', 0.13),
(846, 'Niger MobileAirtel', '', '22796-22798', 0.24),
(847, 'Niger Mobile Airtel', '', '22799', 0.24),
(848, 'Niger MobileMoov', '', '22794', 0.24),
(849, 'Niger MobileOrange', '', '22790,22791', 0.24),
(850, 'Niger Mobile Orange', '', '22723,22792', 0.24),
(851, 'Niger MobileSahelcom', '', '22793', 0.25),
(852, 'Niue', '', '683', 1.46),
(853, 'Norfolk Island', '', '6723', 1.64),
(854, 'Norway', '', '47', 0.03),
(855, 'Norway Mobile', '', '474,479,4758,4759', 0.23),
(856, 'Norway MobileNetcom', '', '47402, 47403, 47407, 47450-47452, 47454, 47460, 47464, 47599, 47920, 47922, 47924, 47926, 47928, 47930, 47932, 47934, 47936, 47938, 47942, 47980, 47982, 47984, 47986, 47988, 474000, 474001, 474010, 474011, 474045-474050, 474055, 474060-474064', 0.13),
(857, 'Norway MobileNetcom', '', '474100, 474101, 474106, 474107, 474117, 474118, 474539, 474550, 474551, 474559, 474566-474569, 474576-474579, 474583, 474584, 474586, 474593, 474594, 474650, 474654, 474660-474663, 474670, 474673-474675, 474714-474717, 474744, 474833, 474834', 0.13),
(858, 'Norway Mobile Netcom', '', '474014,474119,474754,474757-474759,479816-479819,479830-479836,479967,479968', 0.13),
(859, 'Norway MobileTele2', '', '47412,47413,47473,474723-474729', 0.24),
(860, 'Norway MobileTelenor', '', '47414-47417, 47468, 47476, 47478, 47480-47482, 47591, 47592, 47595, 47900-47902, 47905-47909, 47911, 47913, 47915-47918, 47941, 47948, 47950-47952, 47954, 47957-47959, 47970, 47971, 47975-47977, 47992-47995, 47999, 474004-474009', 0.13),
(861, 'Norway MobileTelenor', '', '474015-474019, 474084-474089, 474184, 474185, 474580-474582, 474585, 474588, 474589, 474617, 474619, 474628, 474629, 474666, 474667, 474690-474696, 474721, 474750, 474751, 474770, 474771, 474775, 474776, 474778, 474790, 474798, 474799', 0.13),
(862, 'Norway MobileTelenor', '', '474830, 474842, 479036, 479040, 479041, 479047, 479100, 479124, 479191, 479199, 479400, 479401, 479403, 479405, 479474-479479, 479490, 479497, 479498, 479530, 479533, 479536, 479552, 479555, 479601, 479604, 479609, 479620, 479622, 479623, 479650', 0.13),
(863, 'Norway Mobile Telenor', '', '474110-474116,474616,474618,474718-474720,474722,479402', 0.13),
(864, 'Norway Special Services', '', '470,47810,47815,471881,471882', 0.14),
(865, 'Oman', '', '968', 0.14),
(866, 'Oman Mobile', '', '9689,9681505', 0.34),
(867, 'Oman Mobile Nawras', '', '96895,96896,968940-968942,968970-968974,968978', 0.33),
(868, 'Pakistan', '', '92', 0.14),
(869, 'Pakistan Mobile', '', '923', 0.14),
(870, 'Pakistan MobileMobilink', '', '9230', 0.14),
(871, 'Pakistan MobileTelenor', '', '9234', 0.14),
(872, 'Palau', '', '680', 0.51),
(873, 'Palestine', '', '970', 0.2),
(874, 'Palestine Mobile', '', '97056,97059', 0.23),
(875, 'Panama', '', '507', 0.06),
(876, 'Panama Mobile', '', '5076', 0.17),
(877, 'Panama MobileDigicel', '', '50760,50761', 0.18),
(878, 'Panama MobileMovistar', '', '50764,507638,507639,507656-507664,507681-507683,507685,507686,507689,507692,507693,507697,507699', 0.18),
(879, 'Panama Panama City', '', '5072,5073,50750,50751,507520-507527,507529,507530,507560,507561,507563,507574,507578,507579,507590', 0.08),
(880, 'Papua New Guinea', '', '675', 0.81),
(881, 'Paraguay', '', '595', 0.07),
(882, 'Paraguay Asuncion', '', '59521', 0.07),
(883, 'Paraguay Mobile', '', '5959,595220,595330,595350,595360,595370,595420,595570-595573,595580,595660,595750,595790', 0.14),
(884, 'Paraguay MobileTelecel', '', '59598', 0.15),
(885, 'Paraguay Mobile Vox', '', '59596', 0.15),
(886, 'Peru', '', '51', 0.03),
(887, 'Peru Lima', '', '5112-5117', 0.03),
(888, 'Peru Mobile', '', '519', 0.15),
(889, 'Peru MobileClaro', '', '51986, 51987, 51989, 51991-51993, 51997, 519427, 519435, 519483, 519491-519493, 519507, 519512, 519513, 519517, 519523, 519537, 519562, 519563, 519567, 519583, 519587, 519591, 519593, 519597, 519627, 519641-519643, 519657, 519663, 519667, 519687', 0.15),
(890, 'Peru MobileClaro', '', '519693, 519697, 519730-519737, 519742, 519743, 519747, 519763, 519787, 519793, 519797, 519804-519809, 519827, 519837, 519841-519844, 519847, 519943, 519946-519949, 5194170-5194174, 5194230-5194233, 5194370-5194377, 5194430, 5194432, 5194684', 0.15),
(891, 'Peru MobileClaro', '', '5194770, 5194774, 5194805-5194809, 5194907-5194909, 5194970-5194977, 5195020, 5195110-5195117, 5195270-5195272, 5195350, 5195430, 5195570-5195573, 5195700, 5195805-5195809, 5195895-5195899, 5195920-5195927, 5196180, 5196184, 5196185, 5196220', 0.15),
(892, 'Peru Mobile Claro', '', '5194330-5194333, 5194337-5194339, 5194660, 5194670, 5194820, 5194870, 5194872-5194879, 5195030-5195037, 5195410-5195413, 5195418, 5195470, 5195474, 5195476, 5195770, 5195810, 5195812-5195816, 5195820-5195827, 5196170-5196176, 5196178', 0.15),
(893, 'Peru Rural', '', '5118,51418,51428,51438,51448,51518,51528,51538,51548,51568,51618,51628,51638,51648,51658,51668,51678,51728,51738,51748,51768,51828,51838,51848', 0.41),
(894, 'Philippines', '', '63', 0.17),
(895, 'Philippines Mobile', '', '639', 0.2),
(896, 'Philippines MobileGlobe', '', '63817,63905,63906,63915-63917,63926,63927,63935-63937', 0.16),
(897, 'Philippines MobileSmart', '', '6398,63813,63907-63910,63912,63918-63921,63928-63930,63938,63939,63946-63949,63999', 0.19),
(898, 'Philippines Mobile Smart', '', '63998', 0.19),
(899, 'Philippines MobileSun', '', '63922,63923,63932,63933,63942,63943', 0.17),
(900, 'Poland', '', '48', 0.04),
(901, 'Poland Centernet', '', '48720,486907,488811', 0.1),
(902, 'Poland Mobile Cyfrowy Polsat', '', '486990-486994,4869961-4869966,4869968', 0.13),
(903, 'Poland Mobile Era', '', '48728,487298,487299,487391,487951-487955,488841,488842', 0.07),
(904, 'Poland Mobile ERA', '', '48532,48538,48539,48600,48602,48604,48606,48608,48660,48662,48664,48666,48668,48692,48694,48696,48698,48784,48787,48788,48880,48882,48886,48888,48889,487272,487273,488810,488818,488819,488833,488838', 0.07),
(905, 'Poland Mobile Mobyland', '', '487280', 0.36),
(906, 'Poland Mobile Orange', '', '48500-48519', 0.07),
(907, 'Poland Mobile Orange Centertel', '', '48690,48780,48786,48797-48799,487890-487894', 0.07),
(908, 'Poland Mobile P4', '', '48530,48531,48533-48535,48730,48731,48790-48794,48796,485360-485365,485367-485374,486666,486900,486908,486909,487290,487291,487950,487956-487959,487991-487995,488812-488817,488830-488832,488834-488837,488839,488840,488843,488846-488849,4869967,4869969', 0.1),
(909, 'Poland Mobile PLUS', '', '48601,48603,48605,48607,48609,48661,48663,48665,48667,48669,48691,48693,48695,48697,48721-48726,48781-48783,48785,48885,48887,485366,486995,486997-486999,487270,487274-487279,487895-487899', 0.07),
(910, 'Poland Mobile Polkomtel', '', '48729', 0.07),
(911, 'Poland OLO', '', '481229, 482220-482222, 482227, 482228, 482231-482234, 482240, 482241, 482243-482247, 482249, 482270, 482271, 483276-483278, 484225, 484227, 485666, 485876, 486165, 487177-487179, 487672, 487744, 488144, 4812222, 4812301, 4812307, 4812331, 4812332', 0.04),
(912, 'Poland OLO', '', '4812334, 4812340-4812342, 4812344, 4812345, 4812347-4812350, 4812353, 4812354, 4812356, 4812358-4812361, 4812363, 4812374, 4812376-4812379, 4812383, 4812384, 4812390-4812394, 4812396-4812399, 4812435, 4812443-4812445, 4812455, 4812881, 4812888', 0.04),
(913, 'Poland OLO', '', '4813333, 4813426, 4813427, 4813444, 4813474, 4813476, 4813478, 4813491-4813494, 4814600, 4814630, 4814635, 4814636, 4814638, 4814639, 4814647-4814649, 4814655-4814657, 4814680-4814686, 4814688, 4814690, 4814692, 4814694-4814696, 4814699, 4815600', 0.04),
(914, 'Poland OLO', '', '4815641-4815647, 4815687, 4815815, 4815817, 4815818, 4816611, 4816733, 4817229, 4817250, 4817710, 4817711, 4817717, 4817740, 4817743-4817749, 4817770-4817774, 4817779, 4817780, 4817784, 4817785, 4817787, 4817788, 4817888, 4818222', 0.04),
(915, 'Poland OLO', '', '4818531-4818533, 4818540-4818542, 4818545, 4818547, 4818548, 4822110, 4822111, 4822114, 4822115, 4822117, 4822182, 4822189, 4822231-4822240, 4822242-4822249, 4822251-4822254, 4822257-4822260, 4822262, 4822264, 4822266, 4822290-4822294', 0.04),
(916, 'Poland OLO', '', '4822296-4822299, 4822301-4822307, 4822309, 4822351-4822364, 4822366-4822377, 4822379-4822387, 4822389-4822397, 4822399, 4822420-4822426, 4822429, 4822481-4822489, 4823333, 4823651, 4823670, 4823677, 4823681-4823683, 4823687, 4824222', 0.04),
(917, 'Poland OLO', '', '4824286, 4824351, 4824352, 4824355-4824357, 4824361-4824366, 4824368, 4824384, 4824387-4824389, 4825300, 4825467, 4825741, 4825747, 4825749, 4825781-4825787, 4825795, 4829333, 4829641-4829645, 4829647, 4829648, 4829670, 4829679, 4829925, 4832307', 0.04),
(918, 'Poland OLO', '', '4832311-4832313, 4832320, 4832321, 4832411, 4832420, 4832436, 4832444, 4832445, 4832450, 4832458, 4832461-4832467, 4832508, 4832621, 4832631, 4832632, 4832661-4832663, 4832701, 4832702, 4832709-4832713, 4832716-4832721, 4832724, 4832725', 0.04),
(919, 'Poland OLO', '', '4832728-4832733, 4832735-4832744, 4832746-4832756, 4832758, 4832791, 4832793, 4832796-4832799, 4832888, 4833330, 4833444, 4833445, 4833470, 4833472-4833475, 4833477, 4833479, 4833480, 4833484-4833488, 4833496-4833499, 4834343, 4834344', 0.04),
(920, 'Poland OLO', '', '4834347-4834349, 4834380, 4834387, 4834389, 4834393, 4839139, 4841201, 4841222, 4841240, 4841242, 4841243, 4841246-4841250, 4841256, 4841310, 4841313, 4841319, 4841888, 4842200, 4842201, 4842203, 4842204, 4842207-4842210, 4842216', 0.04),
(921, 'Poland OLO', '', '4842218, 4842230, 4842231, 4842234-4842236, 4842238-4842242, 4842244, 4842281, 4842288, 4842290-4842297, 4842299, 4842307, 4842661, 4842881, 4842888, 4843333, 4843656, 4843658, 4843881, 4843882, 4843886, 4843887, 4844715, 4844717, 4844718', 0.04),
(922, 'Poland OLO', '', '4844731-4844734, 4844736, 4844738, 4844739, 4844747, 4844777, 4844786, 4844788, 4844789, 4846300, 4846810, 4846819, 4846880, 4846894, 4846897, 4848300, 4848370, 4848380-4848385, 4848388, 4848389, 4848652, 4848670, 4848679, 4848682', 0.04),
(923, 'Poland OLO', '', '4848685, 4852350, 4852367-4852369, 4852390, 4852500, 4852510-4852512, 4852514, 4852517, 4852519, 4852523-4852526, 4852529, 4852541, 4852550-4852553, 4852555, 4852561, 4852562, 4852565, 4852566, 4852569, 4852580-4852586, 4852888, 4854200', 0.04),
(924, 'Poland OLO', '', '4854411-4854414, 4854416, 4854420, 4854422-4854424, 4854426, 4854428, 4854429, 4854444, 4855255, 4855610-4855614, 4855616, 4855619, 4855620, 4855624-4855626, 4855628, 4855641-4855647, 4855888, 4856470, 4856471, 4856475-4856477, 4856633', 0.04),
(925, 'Poland OLO', '', '4856640-4856644, 4856649, 4856690-4856692, 4856695-4856697, 4856888, 4858337, 4858350, 4858352, 4858353, 4858357, 4858380, 4858527, 4858573, 4858580, 4858690, 4858697-4858699, 4858710, 4858711, 4858713, 4858714, 4858718, 4858719, 4858721', 0.04),
(926, 'Poland OLO', '', '4858722, 4858726, 4858730-4858737, 4858739-4858742, 4858744-4858746, 4858751-4858753, 4858770-4858775, 4858777-4858779, 4858781-4858783, 4858785, 4858881, 4858888, 4859333, 4859711, 4859713, 4859714, 4859720, 4859726, 4859727, 4859729', 0.04),
(927, 'Poland OLO', '', '4861221-4861224, 4861279, 4861307, 4861440, 4861447, 4861448, 4861468, 4861478, 4861479, 4861611, 4861622-4861630, 4861632, 4861633, 4861636, 4861637, 4861639-4861645, 4861648, 4861649, 4861660-4861665, 4861667-4861671, 4861676-4861678', 0.04),
(928, 'Poland OLO', '', '4861880, 4861889, 4862333, 4862500-4862505, 4862508, 4862581-4862583, 4862586-4862599, 4862720, 4863218-4863221, 4863225, 4863226, 4863229, 4863233, 4863256, 4863890, 4865521, 4865522, 4865555, 4865618, 4865619, 4867239, 4867333, 4867345', 0.04),
(929, 'Poland OLO', '', '4867348-4867352, 4867354-4867356, 4867381, 4867387, 4868400, 4868410, 4868411, 4868413, 4868414, 4868417-4868420, 4868429, 4868441, 4868444, 4868451-4868459, 4868470, 4868475-4868479, 4871307, 4871378, 4871665, 4871666, 4871710-4871714', 0.04),
(930, 'Poland OLO', '', '4871716-4871719, 4871722-4871724, 4871729-4871736, 4871739-4871741, 4871750, 4871756, 4871758-4871760, 4871765, 4871766, 4871769, 4871813, 4871865, 4871866, 4871881, 4871888, 4874600, 4874632-4874634, 4874638-4874641, 4874643', 0.04),
(931, 'Poland OLO', '', '4874645-4874649, 4874660-4874662, 4874664-4874668, 4875610-4875612, 4875641-4875649, 4875671, 4875672, 4875675, 4875700, 4876743, 4876744, 4876746-4876750, 4876754, 4876755, 4876757, 4876758, 4876766, 4876776, 4876846, 4876847, 4877333', 0.04),
(932, 'Poland OLO', '', '4877540, 4877541, 4877543-4877550, 4877555, 4877556, 4877577, 4877889, 4881311, 4881452-4881454, 4881459-4881464, 4881466-4881471, 4881473, 4881474, 4881478, 4881479, 4881551, 4882544, 4882547-4882549, 4882820, 4883314, 4883350, 4883410, 4883413', 0.04),
(933, 'Poland OLO', '', '4884530-4884533, 4884538, 4884539, 4884542, 4884543, 4884600, 4885667, 4885674, 4885688, 4885811, 4885812, 4885850, 4885861, 4885862, 4885868, 4885869, 4885871, 4885874-4885876, 4885878, 4885879, 4885888, 4886210, 4886221, 4886333', 0.04),
(934, 'Poland OLO', '', '4886472-4886477, 4887441, 4887444, 4887730-4887732, 4887737-4887739, 4887777, 4889333, 4889612, 4889650, 4889651, 4889653, 4889658, 4889659, 4889670, 4889672-4889674, 4889676-4889679, 4891333, 4891350, 4891400, 4891471, 4891810-4891814', 0.04),
(935, 'Poland OLO', '', '4891818, 4891821, 4891822, 4891829, 4891831, 4891834, 4891835, 4891852, 4891853, 4891858, 4891880-4891886, 4891888, 4891889, 4894300, 4894711, 4894712, 4894716, 4894717, 4894720-4894722, 4894731-4894735, 4895333, 4895714, 4895735-4895739', 0.04),
(936, 'Poland OLO', '', '4895781-4895783, 4895785, 4895788, 4895789, 48123000, 48123067, 48123110-48123129, 48123131-48123135, 48123236, 48123283, 48123330, 48123332-48123337, 48123430-48123438, 48123461-48123466, 48123511-48123518, 48123521-48123527', 0.04),
(937, 'Poland OLO', '', '48123550-48123558, 48123571-48123579, 48123621-48123627, 48123629, 48123751-48123755, 48123950-48123958, 48124000, 48124411, 48124420-48124429, 48124460-48124468, 48124480, 48124488, 48133067, 48133070-48133078, 48134211-48134215', 0.04),
(938, 'Poland OLO', '', '48134231, 48134241-48134244, 48134252-48134254, 48134400-48134409, 48134430-48134432, 48134603, 48134701-48134703, 48134711-48134713, 48134721-48134725, 48134731, 48134732, 48134751-48134756, 48134771-48134774, 48134791-48134793, 48134951', 0.04),
(939, 'Poland OLO', '', '48134961-48134963, 48134971, 48134972, 48138881, 48138888, 48143067, 48143070-48143072, 48146345-48146349, 48146401-48146403, 48146430, 48146460, 48146466-48146469, 48146500, 48146501, 48146581-48146586, 48146731, 48146740', 0.04),
(940, 'Poland OLO', '', '48146870-48146879, 48146890, 48146892-48146894, 48146910, 48146911, 48146913, 48146917-48146919, 48146931-48146935, 48146971, 48146981-48146984, 48147871-48147875, 48148881, 48148888, 48153067, 48153070, 48156401-48156403', 0.04),
(941, 'Poland OLO', '', '48156481-48156485, 48156490-48156494, 48156497-48156499, 48156882, 48158101-48158104, 48158108, 48158109, 48158130-48158132, 48158134-48158139, 48158141-48158149, 48158160, 48158161, 48158163-48158169, 48158192-48158195, 48158210', 0.04),
(942, 'Poland OLO', '', '48158246, 48158251-48158254, 48158261, 48158301, 48158302, 48158479, 48158781, 48158782, 48158881, 48158888, 48163067, 48163070-48163078, 48166525, 48166741, 48166742, 48166776, 48167301, 48167302, 48167311, 48167321-48167328, 48167340', 0.04),
(943, 'Poland OLO', '', '48167341, 48167349, 48167351-48167355, 48167361-48167369, 48168881, 48168888, 48172219, 48172301-48172306, 48172477, 48172666, 48172751, 48172752, 48172755, 48172821-48172825, 48172831-48172836, 48172838, 48172839, 48173070, 48173333, 48175065', 0.04),
(944, 'Poland OLO', '', '48177150-48177154, 48177157-48177159, 48177411-48177417, 48177421, 48177773-48177775, 48177777, 48177778, 48177783-48177789, 48177811-48177813, 48177821, 48177830-48177838, 48177860-48177864, 48177869, 48177891, 48177892, 48177896', 0.04),
(945, 'Poland OLO', '', '48177897, 48178727, 48178811, 48182005, 48183070, 48184791, 48184792, 48185065, 48185210-48185216, 48185301-48185305, 48185340-48185349, 48185351-48185354, 48185431-48185435, 48185440, 48185441, 48185443-48185449, 48185461, 48185491-48185494', 0.04),
(946, 'Poland OLO', '', '48185552, 48185553, 48185555, 48188881, 48188888, 48221001-48221007, 48221010-48221017, 48221055, 48221081, 48221085, 48221089, 48221120, 48221121, 48221123-48221131, 48221133, 48221139, 48221162, 48221163, 48221166-48221168, 48221181-48221185', 0.04),
(947, 'Poland OLO', '', '48221220-48221223, 48221225-48221230, 48221234, 48221236-48221239, 48221241, 48221802, 48221812, 48221817, 48221832, 48221841, 48221842, 48221850-48221852, 48221854, 48221856, 48221858, 48221859, 48221861, 48221868, 48221871, 48221877', 0.04),
(948, 'Poland OLO', '', '48221881-48221885, 48222300, 48222301, 48222303, 48222305-48222309, 48222411-48222418, 48222500-48222509, 48222550, 48222552, 48222553, 48222555, 48222556, 48222558, 48222560-48222569, 48222610-48222619, 48222631-48222635, 48222638', 0.04),
(949, 'Poland OLO', '', '48222650-48222659, 48222671-48222673, 48222677-48222679, 48222688, 48222689, 48222693, 48222695-48222698, 48222950-48222959, 48223000, 48223001, 48223003-48223009, 48223080, 48223081, 48223085-48223089, 48223500, 48223501', 0.04),
(950, 'Poland OLO', '', '48223504-48223509, 48223650-48223659, 48223780-48223789, 48223881-48223885, 48223887-48223889, 48223980-48223989, 48224270, 48224272-48224289, 48224800, 48224804-48224806, 48224808, 48224809, 48225065, 48226601, 48228208, 48233067', 0.04),
(951, 'Poland OLO', '', '48233070, 48236800-48236805, 48236807-48236809, 48236841-48236846, 48236850-48236854, 48236856-48236864, 48236881-48236883, 48236891, 48236894-48236897, 48236951, 48236952, 48236991, 48238353, 48238881, 48238888, 48242110, 48242740, 48242870', 0.04),
(952, 'Poland OLO', '', '48242880, 48243070, 48243376, 48243531-48243533, 48243601, 48243602, 48243670-48243679, 48243691-48243699, 48243770-48243774, 48243801, 48243811-48243814, 48243821, 48243830-48243833, 48243839, 48243850-48243853, 48243860-48243869, 48244244', 0.04),
(953, 'Poland OLO', '', '48245065, 48245245, 48248402, 48248412, 48248422, 48248424, 48248432, 48248442, 48248452, 48248462, 48248472, 48248482, 48248492, 48248881, 48248888, 48249249, 48253070, 48255065, 48255426, 48256910, 48256916-48256919, 48257400-48257409', 0.04),
(954, 'Poland OLO', '', '48257421, 48257422, 48257431, 48257432, 48257461-48257464, 48257481-48257485, 48257501-48257508, 48257513-48257519, 48257531-48257536, 48257940-48257944, 48257946-48257949, 48258881, 48258888, 48292347, 48293070, 48293293, 48295065, 48295969', 0.04),
(955, 'Poland OLO', '', '48296400-48296402, 48296404, 48296405, 48296407-48296409, 48296461-48296468, 48296491-48296494, 48296910, 48296912-48296916, 48296921-48296925, 48296931, 48296932, 48296940-48296945, 48296949, 48297530-48297532, 48297537-48297539', 0.04),
(956, 'Poland OLO', '', '48297620, 48297622, 48297631, 48297660, 48297695-48297699, 48297711-48297714, 48298881, 48298888, 48323080, 48323086-48323089, 48323177-48323179, 48323268, 48323322, 48323999, 48324130-48324139, 48324180, 48324280-48324285, 48324287-48324289', 0.04),
(957, 'Poland OLO', '', '48324310, 48324400, 48324401, 48324403-48324408, 48324410-48324412, 48324414-48324428, 48324431-48324433, 48324548, 48324930-48324935, 48324940, 48324941, 48324943-48324949, 48325065, 48325550, 48325555, 48325692, 48326000, 48326301-48326305', 0.04),
(958, 'Poland OLO', '', '48326307-48326309, 48326666, 48326800, 48327000-48327003, 48327006-48327009, 48327031-48327035, 48327067, 48327071-48327074, 48327076-48327082, 48327088, 48327089, 48327141-48327145, 48327220-48327224, 48327226-48327229', 0.04),
(959, 'Poland OLO', '', '48327231-48327235, 48327261-48327267, 48327270-48327278, 48327451-48327455, 48327457, 48327459, 48327570-48327579, 48327900, 48327902, 48327904-48327909, 48333000, 48333003, 48333070, 48333111, 48333222, 48333330-48333334, 48333444', 0.04),
(960, 'Poland OLO', '', '48333551, 48333552, 48333555, 48333666, 48333777, 48333888, 48333999, 48334321, 48334431-48334433, 48334711, 48334760-48334769, 48334811-48334816, 48334820-48334829, 48334831-48334835, 48334891-48334895, 48335065, 48335335, 48338681-48338683', 0.04),
(961, 'Poland OLO', '', '48338881, 48338882, 48338888, 48343070, 48343072, 48343330-48343339, 48343401-48343405, 48343411, 48343421-48343425, 48343507, 48343508, 48343731-48343735, 48343737-48343739, 48343750-48343759, 48343761-48343766, 48343881, 48343882', 0.04),
(962, 'Poland OLO', '', '48343900-48343902, 48343904-48343909, 48343921-48343923, 48343991-48343995, 48345065, 48345345, 48345765, 48348881, 48348888, 48391069, 48391407, 48397770, 48412300, 48412302, 48412303, 48412305-48412309, 48412410-48412419, 48412551', 0.04),
(963, 'Poland OLO', '', '48412602-48412608, 48412771, 48412772, 48412781-48412787, 48413005, 48413067, 48413070, 48413121-48413125, 48413141-48413148, 48413300, 48413304-48413309, 48413335-48413339, 48413361, 48413666, 48413732, 48413758, 48413891, 48413892', 0.04),
(964, 'Poland OLO', '', '48413894-48413897, 48422021-48422025, 48422050-48422059, 48422061-48422067, 48422069, 48422119, 48422320-48422322, 48422327-48422332, 48422334-48422339, 48422371-48422375, 48422800-48422807, 48422809, 48422822-48422828', 0.04),
(965, 'Poland OLO', '', '48422891-48422898, 48422980-48422983, 48422985-48422989, 48423067, 48427502-48427504, 48429420, 48429422, 48429429, 48433067, 48433070-48433072, 48433074, 48436500-48436506, 48436508, 48436509, 48436511, 48436512, 48436521, 48436531', 0.04),
(966, 'Poland OLO', '', '48436532, 48436541, 48436542, 48436550-48436558, 48436571-48436573, 48436591-48436596, 48436700, 48436701, 48436760, 48438462, 48438710, 48438721-48438725, 48438881, 48438888, 48443067, 48443070-48443073, 48446181, 48446182, 48446459, 48447107', 0.04),
(967, 'Poland OLO', '', '48447111, 48447120, 48447121, 48447124, 48447129, 48447131-48447134, 48447160-48447166, 48447168, 48447169, 48447300-48447304, 48447307-48447309, 48447370, 48447378, 48447379, 48447411-48447418, 48447421, 48447441-48447443, 48447451-48447454', 0.04),
(968, 'Poland OLO', '', '48447821, 48447822, 48447831, 48448881, 48448888, 48463067, 48463070, 48464464, 48468110-48468119, 48468121, 48468122, 48468160-48468169, 48468171, 48468181-48468184, 48468546, 48468650, 48468656-48468659, 48468762, 48468810-48468815, 48468881', 0.04),
(969, 'Poland OLO', '', '48468884, 48468888, 48468921, 48468951-48468956, 48483067, 48483070, 48483122, 48483123, 48483334, 48483770, 48483772-48483779, 48483791-48483795, 48483860-48483869, 48483871, 48486270-48486279, 48486281, 48486282, 48486293-48486299, 48486511', 0.04),
(970, 'Poland OLO', '', '48486600-48486604, 48486609, 48486771, 48486778, 48486779, 48486811, 48488880, 48488881, 48488888, 48523040, 48523047-48523049, 48523070, 48523076-48523080, 48523089, 48523111, 48523354-48523359, 48523635, 48525065, 48525131', 0.04),
(971, 'Poland OLO', '', '48525151-48525158, 48525161-48525164, 48525181-48525188, 48525200-48525215, 48525220-48525229, 48525444, 48525461-48525463, 48525540-48525545, 48525590-48525594, 48525600-48525603, 48525630, 48525631, 48525640-48525643', 0.04),
(972, 'Poland OLO', '', '48525670-48525676, 48525680-48525684, 48525870-48525874, 48525876-48525878, 48525880, 48525881, 48525885, 48525886, 48525892-48525894, 48542709, 48542808, 48542810-48542819, 48542829, 48543067, 48543070, 48544151-48544153, 48544210', 0.04),
(973, 'Poland OLO', '', '48544211, 48544218, 48544219, 48544251-48544254, 48544271, 48544411-48544413, 48544421, 48544422, 48548444, 48548881, 48548888, 48552212, 48553070, 48555000, 48555065, 48555111, 48555222, 48555333, 48555444, 48555555, 48555666, 48555777', 0.04),
(974, 'Poland OLO', '', '48555888, 48555999, 48556151-48556154, 48556171, 48556180-48556189, 48556210-48556217, 48556219-48556224, 48556229-48556235, 48556238, 48556239, 48556290-48556299, 48556401-48556407, 48556481-48556486, 48556491-48556496, 48556677, 48558811', 0.04),
(975, 'Poland OLO', '', '48563067, 48563070, 48564411, 48564444, 48564614, 48564720, 48566370, 48566371, 48566461-48566464, 48566471, 48566566, 48566778, 48566779, 48566810-48566819, 48566828, 48566898, 48566991-48566995, 48583330-48583339, 48583511-48583514', 0.04),
(976, 'Poland OLO', '', '48583541-48583547, 48583550-48583555, 48583557, 48583559, 48583824, 48583825, 48585000-48585005, 48585008, 48585050, 48585065, 48585268, 48585615, 48585851-48585853, 48585858, 48586006, 48586008, 48586213, 48586215, 48586274', 0.04),
(977, 'Poland OLO', '', '48586700-48586702, 48586704-48586709, 48586767, 48587007, 48587120-48587124, 48587126-48587129, 48587171-48587178, 48587270-48587276, 48587278-48587289, 48587380-48587389, 48587430-48587439, 48587761-48587765, 48587768, 48587769', 0.04),
(978, 'Poland OLO', '', '48593067, 48593070, 48597121, 48597151-48597155, 48597157, 48597158, 48597210-48597212, 48597214-48597216, 48597218-48597225, 48597227-48597229, 48597231-48597235, 48597240, 48597241, 48597251-48597257, 48597281-48597285, 48598241-48598243', 0.04),
(979, 'Poland OLO', '', '48598881, 48598888, 48598889, 48612500-48612504, 48612506-48612509, 48612781-48612787, 48613067, 48613333, 48614151-48614153, 48614155, 48614157-48614159, 48614311, 48614312, 48614491, 48614492, 48616100-48616104, 48616107-48616109', 0.04),
(980, 'Poland OLO', '', '48616210-48616212, 48616312, 48616341-48616347, 48616351-48616355, 48616460-48616469, 48616471-48616475, 48616477, 48616660-48616664, 48616666-48616669, 48616721-48616728, 48616731-48616735, 48616741-48616748, 48616791-48616796', 0.04),
(981, 'Poland OLO', '', '48623070-48623072, 48623322-48623326, 48625065, 48625801-48625805, 48625840-48625848, 48625851, 48625852, 48627231-48627234, 48627241-48627245, 48627261, 48627272, 48627282, 48627330, 48627340, 48628881, 48628882, 48628888', 0.04),
(982, 'Poland OLO', '', '48632111-48632116, 48632121, 48632131-48632136, 48632141-48632146, 48632151, 48632161-48632164, 48632171-48632175, 48632177-48632179, 48632220-48632229, 48632231-48632238, 48632241, 48632275-48632279, 48632281, 48632282', 0.04),
(983, 'Poland OLO', '', '48632551-48632553, 48632620, 48633001, 48633067, 48633070, 48638881, 48638888, 48653070, 48653071, 48653222-48653226, 48653568, 48655065, 48655264, 48655278, 48655351, 48655375-48655378, 48655421-48655423, 48656100-48656102', 0.04),
(984, 'Poland OLO', '', '48656106-48656108, 48656111, 48656112, 48656121, 48656131, 48656132, 48656141-48656146, 48656150-48656152, 48656154-48656159, 48656161-48656163, 48656171-48656174, 48656211, 48658881, 48658888, 48672220-48672226, 48672304-48672308', 0.04),
(985, 'Poland OLO', '', '48672600, 48672608, 48672609, 48672668, 48673067, 48673070, 48673411, 48673420-48673429, 48673431, 48673441-48673444, 48673530-48673534, 48673536-48673539, 48673570-48673572, 48673975, 48678881, 48678887-48678889, 48683070, 48683322-48683325', 0.04),
(986, 'Poland OLO', '', '48683331-48683334, 48683337-48683339, 48683801, 48683802, 48683860, 48683865-48683869, 48684121-48684129, 48684151-48684157, 48684161, 48684220-48684229, 48684320-48684323, 48684326-48684329, 48684421, 48685065, 48685842, 48688881', 0.04),
(987, 'Poland OLO', '', '48688888, 48713000, 48713067, 48717000, 48717070-48717073, 48717150-48717159, 48717201-48717219, 48717251-48717259, 48717261-48717266, 48717270-48717274, 48717276-48717289, 48717377, 48717378, 48717381-48717383, 48717571-48717576, 48718242', 0.04),
(988, 'Poland OLO', '', '48718711-48718715, 48718890-48718895, 48718899, 48743067, 48743070, 48746305, 48746311-48746317, 48746351, 48746352, 48746370-48746379, 48746421, 48746441-48746447, 48746630-48746633, 48746639, 48746691-48746695, 48748650', 0.04),
(989, 'Poland OLO', '', '48748740-48748744, 48748748, 48748749, 48748841-48748844, 48748848, 48748892, 48748894, 48748898, 48748899, 48753067, 48753070, 48756130-48756139, 48756141-48756145, 48756151-48756154, 48756157-48756159, 48756161, 48756171, 48756172', 0.04),
(990, 'Poland OLO', '', '48756190-48756197, 48756270, 48756272, 48756278, 48756279, 48756401-48756409, 48758751-48758755, 48758880, 48758881, 48758888, 48758890-48758894, 48763001, 48763002, 48763070, 48765065, 48765226, 48765752, 48767111, 48767411', 0.04),
(991, 'Poland OLO', '', '48767420-48767429, 48767450, 48767451, 48767454-48767459, 48767510, 48767513-48767519, 48767521-48767524, 48767530-48767539, 48767560-48767569, 48767591, 48767592, 48768182, 48768189, 48768520, 48768521, 48768526-48768534, 48768569', 0.04),
(992, 'Poland OLO', '', '48768881, 48768888, 48768898, 48768899, 48772253, 48772254, 48773070, 48773071, 48775065, 48775421, 48775511-48775519, 48775521, 48775524-48775526, 48775528, 48775531-48775535, 48775541-48775545, 48776562, 48776843, 48777000, 48777070, 48777111', 0.04),
(993, 'Poland OLO', '', '48777222, 48777333, 48777444, 48777555, 48777666, 48777777, 48777778, 48777888, 48777999, 48778870-48778879, 48778881, 48778888, 48813070, 48813076-48813079, 48814500, 48814505-48814509, 48814511-48814519, 48814551-48814555, 48814580-48814584', 0.04),
(994, 'Poland OLO', '', '48814588, 48814589, 48814651-48814655, 48814721-48814728, 48814750-48814752, 48814754-48814759, 48814761-48814766, 48814770, 48814774-48814779, 48814814, 48815065, 48815160, 48815165, 48815167-48815169, 48815555, 48815617-48815619', 0.04),
(995, 'Poland OLO', '', '48815631-48815634, 48815650-48815657, 48815659, 48815815, 48818228, 48818847-48818849, 48823070, 48825065, 48825400-48825409, 48825411, 48825412, 48825421-48825426, 48825431, 48825450-48825459, 48825461, 48825611, 48825700, 48825701', 0.04);
INSERT INTO `voip` (`id`, `country_en`, `country_ru`, `code`, `cost`) VALUES
(996, 'Poland OLO', '', '48825703-48825709, 48825758, 48825777, 48825900, 48825908, 48825909, 48825920-48825923, 48825927-48825929, 48826826, 48828881, 48828888, 48833067, 48833070, 48833121, 48833131-48833136, 48833430, 48833455, 48833546, 48833574, 48833577', 0.04),
(997, 'Poland OLO', '', '48833701, 48833741-48833743, 48833780, 48833785-48833787, 48833789, 48833790, 48833797, 48834110-48834113, 48834115, 48834116, 48834118, 48834141-48834145, 48838881, 48838888, 48843070-48843076, 48845065, 48845341-48845348, 48845350, 48845351', 0.04),
(998, 'Poland OLO', '', '48845353-48845359, 48845361, 48845370-48845375, 48845411-48845415, 48845441-48845443, 48846351, 48846352, 48846413, 48848881, 48848888, 48853000, 48853067, 48853070, 48853076-48853079, 48853330, 48856665, 48856666, 48856701-48856704', 0.04),
(999, 'Poland OLO', '', '48856711-48856714, 48856721, 48856723-48856725, 48856731-48856735, 48856791-48856796, 48856821, 48856871, 48857330-48857346, 48857351, 48857352, 48857439, 48858141-48858146, 48858310-48858314, 48858318, 48858319, 48858331-48858336', 0.04),
(1000, 'Poland OLO', '', '48858730-48858736, 48858739, 48858770-48858774, 48862111-48862116, 48862131-48862135, 48862221-48862223, 48862230-48862233, 48862235-48862239, 48862241, 48862251, 48862252, 48862614, 48862616, 48862621-48862628, 48863067, 48863070', 0.04),
(1001, 'Poland OLO', '', '48864441, 48864701, 48864702, 48864711, 48864781-48864785, 48864790-48864795, 48864797-48864799, 48868881, 48868888, 48873070, 48875065, 48875231-48875233, 48875235, 48875555, 48876171, 48876181, 48876182, 48876666, 48877331, 48877341-48877347', 0.04),
(1002, 'Poland OLO', '', '48877351-48877356, 48877361, 48878881, 48878888, 48893070, 48895065, 48895313-48895315, 48895500, 48895552-48895555, 48896110, 48896111, 48896131-48896135, 48896141-48896144, 48896158, 48896159, 48896171-48896175, 48896271-48896273', 0.04),
(1003, 'Poland OLO', '', '48896444, 48896521-48896523, 48896711-48896715, 48896750-48896759, 48897210-48897217, 48897219-48897225, 48897227-48897229, 48897231, 48897232, 48897679, 48898881, 48898888, 48913070, 48913076-48913079, 48913510-48913519, 48913584, 48913585', 0.04),
(1004, 'Poland OLO', '', '48913830, 48913831, 48913833-48913839, 48914040, 48914203-48914209, 48914431, 48914432, 48914434-48914438, 48914440, 48914551, 48914555, 48914556, 48914721-48914725, 48915065, 48915555, 48915915, 48918150-48918155, 48918160-48918165', 0.04),
(1005, 'Poland OLO', '', '48918171-48918173, 48918190-48918195, 48918200-48918209, 48918231, 48918360-48918366, 48918368, 48918369, 48918511-48918514, 48918870-48918879, 48943067, 48943070, 48947100-48947109, 48947130-48947137, 48947139-48947141, 48947151', 0.04),
(1006, 'Poland OLO', '', '48947181-48947183, 48947191-48947194, 48947231, 48947232, 48947474-48947476, 48947478, 48947479, 48948880, 48948881, 48948888, 48948889, 48953067, 48953070, 48957110, 48957111, 48957115-48957119, 48957121-48957125, 48957131-48957133', 0.04),
(1007, 'Poland-Vas IPS', '', '482219888,482219889', 0.59),
(1008, 'Poland Warsaw', '', '4822', 0.03),
(1009, 'Portugal', '', '351', 0.03),
(1010, 'Portugal Mobile Optimus', '', '35193,3511693,3511893,3516093,3516393,3516593,3516693', 0.08),
(1011, 'Portugal Mobile TMN', '', '35192,35196,3511696,3511896,3516096,3516396,3516596,3516696', 0.08),
(1012, 'Portugal Mobile Vodafone', '', '35191,351921,3511691,3511891,3516091,3516391,3516392,3516591,3516592,3516691,35160921,35166921', 0.08),
(1013, 'Portugal OLO', '', '3512101, 3512108, 3512109, 3512115, 3512124, 3512140, 3512160, 3512201, 3513091, 3513098, 3513099, 35121027, 35121030-35121034, 35121036-35121038, 35121050-35121054, 35121060, 35121073, 35121102, 35121106, 35121120-35121122, 35121145, 35121166', 0.04),
(1014, 'Portugal OLO', '', '35121180, 35121181, 35121191-35121194, 35121555, 35121900, 35121901, 35122027, 35122030-35122032, 35122035, 35122050-35122052, 35122060, 35122073, 35122080-35122083, 35122090, 35122091, 35122093, 35122096, 35122099, 35122105, 35122120, 35122145', 0.04),
(1015, 'Portugal OLO', '', '35122166, 35122240-35122246, 35122400-35122407, 35122555, 35122910, 35122911, 35123101, 35123102, 35123106-35123112, 35123114, 35123130, 35123140, 35123201, 35123202, 35123206-35123212, 35123214, 35123218, 35123220, 35123228, 35123240, 35123301', 0.04),
(1016, 'Portugal OLO', '', '35123302, 35123304, 35123306-35123310, 35123312, 35123314, 35123330, 35123401, 35123402, 35123404, 35123406-35123412, 35123414, 35123417-35123420, 35123428, 35123429, 35123501-35123503, 35123506, 35123508-35123510, 35123512, 35123530', 0.04),
(1017, 'Portugal OLO', '', '35123601-35123603, 35123606-35123610, 35123612, 35123613, 35123630, 35123801-35123803, 35123806, 35123808-35123810, 35123812, 35123820, 35123901, 35123904, 35123906-35123912, 35123914, 35123917, 35123930, 35123931, 35124101, 35124102', 0.04),
(1018, 'Portugal OLO', '', '35124106, 35124107, 35124109, 35124110, 35124112, 35124113, 35124120, 35124140, 35124201-35124203, 35124206, 35124209, 35124210, 35124212, 35124213, 35124230, 35124301, 35124302, 35124304, 35124306-35124313, 35124320, 35124401, 35124402', 0.04),
(1019, 'Portugal OLO', '', '35124404, 35124406-35124412, 35124414, 35124430, 35124501-35124503, 35124506-35124510, 35124512, 35124513, 35124580, 35124901, 35124902, 35124906-35124913, 35124920, 35124940, 35124949, 35125101-35125103, 35125106, 35125107, 35125109, 35125110', 0.04),
(1020, 'Portugal OLO', '', '35125112, 35125115, 35125130, 35125201, 35125202, 35125204, 35125206, 35125207, 35125209-35125212, 35125215, 35125216, 35125270, 35125301, 35125303-35125312, 35125315-35125318, 35125323, 35125401, 35125402, 35125406-35125412, 35125415, 35125420', 0.04),
(1021, 'Portugal OLO', '', '35125440, 35125501, 35125502, 35125506-35125512, 35125515, 35125518, 35125520, 35125540, 35125601-35125604, 35125607-35125612, 35125615, 35125618, 35125619, 35125621, 35125628, 35125638, 35125639, 35125801, 35125802, 35125806, 35125807', 0.04),
(1022, 'Portugal OLO', '', '35125809-35125812, 35125815, 35125820, 35125840, 35125901, 35125902, 35125904, 35125906, 35125907, 35125909, 35125910, 35125912, 35125915, 35125920, 35126101, 35126102, 35126106-35126113, 35126118, 35126120, 35126140, 35126201', 0.04),
(1023, 'Portugal OLO', '', '35126202, 35126206-35126213, 35126218, 35126228, 35126230, 35126238, 35126240, 35126301, 35126302, 35126304, 35126306-35126313, 35126330, 35126501-35126503, 35126506-35126512, 35126516, 35126518, 35126528, 35126530, 35126540, 35126545, 35126601', 0.04),
(1024, 'Portugal OLO', '', '35126602, 35126604, 35126606-35126610, 35126612, 35126616, 35126618, 35126630, 35126801-35126803, 35126806-35126810, 35126812, 35126813, 35126820, 35126901-35126903, 35126906, 35126908-35126910, 35126912, 35126916, 35126918, 35126930', 0.04),
(1025, 'Portugal OLO', '', '35127101-35127104, 35127106-35127110, 35127112, 35127124, 35127201-35127203, 35127206-35127210, 35127212, 35127213, 35127218, 35127220, 35127301, 35127302, 35127306, 35127307, 35127309, 35127310, 35127312, 35127320, 35127340', 0.04),
(1026, 'Portugal OLO', '', '35127401-35127403, 35127406, 35127408-35127410, 35127412, 35127430, 35127501-35127503, 35127506-35127510, 35127512, 35127513, 35127518, 35127520, 35127601, 35127602, 35127606, 35127607, 35127609, 35127610, 35127612, 35127620, 35127640', 0.04),
(1027, 'Portugal OLO', '', '35127701-35127703, 35127706, 35127708-35127710, 35127712, 35127780, 35127801, 35127802, 35127806, 35127807, 35127809, 35127810, 35127812, 35127815, 35127880, 35127899, 35127901-35127903, 35127906, 35127909, 35127910, 35127912, 35127915', 0.04),
(1028, 'Portugal OLO', '', '35127930, 35128101, 35128102, 35128107-35128110, 35128112, 35128116, 35128120, 35128140, 35128166, 35128201, 35128202, 35128204, 35128207-35128212, 35128216, 35128218-35128220, 35128266, 35128301-35128303, 35128306, 35128309, 35128310, 35128312', 0.04),
(1029, 'Portugal OLO', '', '35128316, 35128320, 35128401, 35128402, 35128406-35128410, 35128412, 35128416, 35128420, 35128440, 35128501-35128503, 35128506, 35128509, 35128510, 35128512, 35128530, 35128601, 35128602, 35128606, 35128609, 35128610, 35128612, 35128616', 0.04),
(1030, 'Portugal OLO', '', '35128620, 35128640, 35128901, 35128904, 35128907-35128912, 35128916, 35128918, 35128920, 35128925, 35128966, 35129101, 35129106, 35129109-35129112, 35129130, 35129160, 35129161, 35129201, 35129206, 35129209, 35129210, 35129212, 35129240', 0.04),
(1031, 'Portugal OLO', '', '35129270, 35129501, 35129506, 35129509, 35129510, 35129512, 35129530, 35129570, 35129601, 35129606, 35129609, 35129610, 35129612, 35129621, 35129670, 35130030, 35130100, 35130120, 35130140, 35130150, 35130300, 35130450, 35130555, 35130660', 0.04),
(1032, 'Puerto Rico', '', '1787,1939', 0.03),
(1033, 'Qatar', '', '974', 0.19),
(1034, 'Qatar Mobile', '', '9742,9743,9745-9747,974124', 0.24),
(1035, 'Reunion Island', '', '262', 0.19),
(1036, 'Reunion Island Mobile', '', '262639,262692,262693', 0.28),
(1037, 'Romania', '', '40', 0.04),
(1038, 'Romania Bucharest', '', '4021', 0.04),
(1039, 'Romania Directory Assistance', '', '40118932', 0.4),
(1040, 'Romania Local Other Operators', '', '403', 0.04),
(1041, 'Romania Mobile Cosmote', '', '4076,40784-40786', 0.13),
(1042, 'Romania Mobile Digimobil', '', '4077', 0.14),
(1043, 'Romania Mobile Orange', '', '4074,4075', 0.13),
(1044, 'Romania Mobile Romtelecom', '', '4071', 0.17),
(1045, 'Romania Mobile Telemobil', '', '4078', 0.13),
(1046, 'Romania Mobile Vodafone', '', '4072,4073', 0.13),
(1047, 'Russia', '', '7', 0.06),
(1048, 'Russia Globaltel', '', '7954', 2.58),
(1049, 'Russia mobile Beeline', '', '7903,7905,7906,7909,7960-7968', 0.15),
(1050, 'Russia mobile Megafon', '', '792,793,79974450-79974456', 0.14),
(1051, 'Russia mobile MTS', '', '791,798', 0.17),
(1052, 'Russia mobile Other', '', '79', 0.07),
(1053, 'Russia Moscow', '', '7495,7499', 0.04),
(1054, 'Russia Saint Petersburg', '', '7812', 0.03),
(1055, 'Russia Zone1', '', '73432,73433,73512,73517', 0.06),
(1056, 'Russia Zone1', '', '7336, 7401, 7477, 7811, 7813, 7816, 7817, 7820, 7844, 7847, 7851, 7861-7863, 7865-7867, 7872, 7877-7879, 73412, 73422, 73452, 73462, 73492, 73522, 73532, 73842, 73852, 73882, 74712, 74722, 74742, 74752, 74812, 74822, 74832, 74842, 74852, 74862', 0.06),
(1057, 'Russia Zone1', '', '7871,7873', 0.08),
(1058, 'Russia Zone1', '', '73812,73832,74732,78312', 0.06),
(1059, 'Russia Zone2', '', '7347,7843,7855', 0.08),
(1060, 'Russia Zone2', '', '73912,73952', 0.06),
(1061, 'Russia Zone2', '', '7341,7353,7471-7475,7481-7487,7491-7494,7496,7498,7831,7833-7836,7841,7842,7845,7846,7848,73012,73022,73822,73902', 0.06),
(1062, 'Russia Zone3', '', '7301,7302,7342,7343,7345,7346,7349,7351,7352,7381-7385,7388,7390,7391,7395,7411,7413,7415,7416,7421,7423,7424,7426,7814,7815,7818,7821', 0.07),
(1063, 'Russia Zone3', '', '7394,7427', 0.08),
(1064, 'Rwanda', '', '250', 0.38),
(1065, 'Rwanda Mobile MTN', '', '25078', 0.37),
(1066, 'Rwanda Mobile Other', '', '25072,25075', 0.37),
(1067, 'San Marino', '', '378', 0.25),
(1068, 'San Marino Conference Services', '', '3787', 1.54),
(1069, 'Sao Tome', '', '239', 1.18),
(1070, 'Saudi Arabia', '', '966', 0.14),
(1071, 'Saudi Arabia Dahran', '', '9663', 0.14),
(1072, 'Saudi Arabia Jeddah', '', '96622,96626', 0.14),
(1073, 'Saudi Arabia Makkah', '', '96625', 0.14),
(1074, 'Saudi Arabia Mobile', '', '9665', 0.18),
(1075, 'Saudi Arabia Mobile Al Jawwal', '', '96650,96653,96655', 0.18),
(1076, 'Saudi Arabia Mobile Bravo', '', '96651', 0.18),
(1077, 'Saudi Arabia Mobile Mobily', '', '96654,96656', 0.18),
(1078, 'Saudi Arabia Mobile Zain', '', '96658,96659', 0.18),
(1079, 'Saudi Arabia Riyadh', '', '96612,96614', 0.13),
(1080, 'Senegal', '', '221', 0.54),
(1081, 'Senegal Dakar', '', '221338', 0.43),
(1082, 'Senegal Fixed Expresso', '', '22130', 0.54),
(1083, 'Senegal Mobile Expresso', '', '22170', 0.54),
(1084, 'Senegal Mobile Orange', '', '22177', 0.29),
(1085, 'Senegal Mobile Tigo', '', '22176', 0.58),
(1086, 'Serbia', '', '381', 0.15),
(1087, 'Serbia Belgrade', '', '38111', 0.15),
(1088, 'Serbia Kosovo', '', '38128,38129,38138,38139', 0.14),
(1089, 'Serbia Kosovo IPKO FixNet', '', '381387', 0.14),
(1090, 'Serbia Mobile MNTS', '', '38164-38166', 0.44),
(1091, 'Serbia Mobile Telenor', '', '38162,38163,38169', 0.44),
(1092, 'Serbia Mobile Topnet', '', '38160,38161,38168', 0.44),
(1093, 'Serbia Orion Telekom', '', '3811051,3811341,3811661,3811739,3812061,3813161,3813331,3813621,38111410-38111412,38111414,38118310,38121310,38129310,38139310,381342100', 0.42),
(1094, 'Seychelles', '', '248', 0.34),
(1095, 'Seychelles Mobile Other', '', '2485,2487,24825-24828', 0.34),
(1096, 'Sierra Leone', '', '232', 0.54),
(1097, 'Sierra Leone Mobile Africell', '', '23277,23288', 0.54),
(1098, 'Sierra Leone Mobile Airtel', '', '23276,23278,23279', 0.54),
(1099, 'Sierra Leone Mobile Comium', '', '23233,23234', 0.54),
(1100, 'Sierra Leone Mobile Datatel', '', '23240,23250', 0.54),
(1101, 'Sierra Leone Mobile Other', '', '23235', 0.54),
(1102, 'Sierra Leone Mobile Tigo', '', '23230', 0.54),
(1103, 'Singapore', '', '65', 0.03),
(1104, 'Singapore Mobile', '', '658,659', 0.03),
(1105, 'Slovakia', '', '421', 0.04),
(1106, 'Slovakia Mobile Eurotel', '', '421901-421904,421910-421912,421914', 0.17),
(1107, 'Slovakia Mobile Orange', '', '421905-421908,421915-421919', 0.17),
(1108, 'Slovakia Mobile Telefonica 02', '', '421940,421944,421948,421949', 0.18),
(1109, 'Slovenia', '', '386', 0.04),
(1110, 'Slovenia Mobile IPKO', '', '38649', 0.48),
(1111, 'Slovenia Mobile IPKO Other', '', '38643', 0.48),
(1112, 'Slovenia Mobile Mobiltel', '', '38631,38641,38651,3869800,3869803,3869817', 0.1),
(1113, 'Slovenia Mobile Simobil', '', '38630,38640,38668,386833,3869801,3869818', 0.1),
(1114, 'Slovenia Mobile T2', '', '38664,3869814', 0.15),
(1115, 'Slovenia Mobile TUSmobile', '', '38670,3869802', 0.14),
(1116, 'Slovenia SIOL', '', '386590,386593-386595,386598,386599,386817,386820,3869806,3869809,3869811,3869819', 0.06),
(1117, 'Slovenia Voijiatel', '', '38698, 386591, 386597, 386815, 386838, 3861320, 3861400, 3861401, 3861550, 3861600, 3861601, 3861620, 3861691, 3861777, 3861810, 3861828, 3862334, 3862400, 3862600, 3862620, 3862621, 3862707, 3862820, 3862828, 3863400, 3863600, 3863620, 3863715', 0.06),
(1118, 'Slovenia Voijiatel', '', '3863777, 3863828, 3863830, 3864263, 3864400, 3864600, 3864620, 3864777, 3864828, 3864840, 3865400, 3865600, 3865620, 3865632, 3865777, 3865828, 3865850, 3865920-3865922, 3865969, 3867310, 3867400, 3867600, 3867620, 3867777, 3867828, 3867870', 0.06),
(1119, 'Solomon Islands', '', '677', 1.19),
(1120, 'Somalia', '', '252', 0.62),
(1121, 'Somalia Bosaso Golis', '', '25242,25245,25246,25255,25257,25258,25288,25290,25291', 0.54),
(1122, 'Somalia Hargeysa Telesom', '', '25225-25227', 0.54),
(1123, 'Somalia HTC', '', '25211,25215,25216,25218,25234,25243,25261', 0.57),
(1124, 'Somalia Mobile ASGSM', '', '25230,25252', 0.57),
(1125, 'Somalia Mobile Hargeysa Telesom', '', '25220,25224,25263,25264', 0.54),
(1126, 'Somalia Mobile Onkod', '', '25270,25299', 0.57),
(1127, 'Somalia Mobile Somafone', '', '25260', 0.25),
(1128, 'Somalia Nationlink Somalia', '', '25217,25219,25250,25251,25253,25256,25259,25267-25269,252227,252228', 0.62),
(1129, 'Somalia Skytel', '', '25240', 0.55),
(1130, 'Somalia Soltelco', '', '252225,252820-252825,252828,252829', 0.61),
(1131, 'Somalia Somaliland Telecom', '', '25221,25228,25229', 0.62),
(1132, 'Somalia Somtel', '', '2527', 0.62),
(1133, 'Somalia STG Burao', '', '25222', 0.62),
(1134, 'Somalia STG Galcom', '', '25254', 0.62),
(1135, 'Somalia Telcom Somalia', '', '25212,25213,25223,25233,25262,25265,25266', 0.52),
(1136, 'South Africa', '', '27', 0.07),
(1137, 'South Africa Capetown', '', '2721', 0.07),
(1138, 'South Africa Johannesburg', '', '2711', 0.07),
(1139, 'South Africa Mobile Cellc', '', '2774,2784', 0.2),
(1140, 'South Africa Mobile MTN', '', '2773,2778,2783,27710,27717-27719', 0.18),
(1141, 'South Africa Mobile Telkom SA', '', '27811-27817', 0.21),
(1142, 'South Africa Mobile Vodacom', '', '2772,2775,2776,2779,2782,2785,27711-27716,2787310', 0.16),
(1143, 'South Africa Value Added Services', '', '2787, 2710003, 2710040, 2710050, 2710060, 2710500, 2710590-2710593, 2710610, 2710860, 2711100, 2711568, 2712000, 2712003, 2712004, 2712050, 2712060, 2712492, 2712610, 2712940-2712942, 2713000, 2713004, 2713590, 2714000, 2714004, 2714940, 2715000', 0.21),
(1144, 'South Africa Value Added Services', '', '2715004, 2715700, 2716000, 2716004, 2716100, 2718000, 2718011, 2721000, 2721003, 2721040, 2721050, 2721060, 2721200-2721202, 2721300, 2721492, 2721610, 2723004, 2731000, 2731003, 2731040, 2731050, 2731060, 2731100, 2731492, 2731610, 2731940', 0.21),
(1145, 'South Africa Value Added Services', '', '2731941, 2732000, 2733004, 2734500, 2734501, 2735501, 2739500, 2739700, 2740555, 2741000, 2741004, 2741050, 2741450, 2741492, 2742004, 2742940, 2743004, 2743555, 2744004, 2745555, 2746555, 2747554, 2747700, 2747710, 2751000, 2751004, 2751011', 0.21),
(1146, 'South Africa Value Added Services', '', '2751050, 2751450, 2751492, 2753004, 2789850, 27100040-27100044, 27100070, 27100100, 27100120, 27100130-27100134, 27100300-27100304, 27100910, 27101000, 27101003, 27101100, 27101250, 27101300, 27102760, 27102850, 27102860, 27103500, 27104000', 0.21),
(1147, 'South Africa Value Added Services', '', '27104100, 27104500, 27107440, 27109000-27109004, 27120050-27120054, 27120070, 27120100, 27120200, 27120350, 27120650, 27120910, 27121003, 27121100-27121104, 27121250, 27121420, 27121500, 27122850, 27124100, 27125100, 27125160, 27125800', 0.21),
(1148, 'South Africa Value Added Services', '', '27127440, 27127860, 27128800, 27130070, 27130100, 27130650, 27131010-27131014, 27131100, 27131200-27131204, 27132850, 27140070, 27140650, 27141120, 27142850, 27150070, 27150650, 27151010-27151014, 27151100, 27152850, 27155900, 27160650', 0.21),
(1149, 'South Africa Value Added Services', '', '27161100, 27161300-27161304, 27161500, 27162850, 27170070, 27170650, 27171100, 27172000, 27172850, 27180070, 27180650, 27181100, 27182850, 27210060-27210064, 27210070, 27210100, 27210120, 27210130-27210134, 27210300, 27210650, 27210910', 0.21),
(1150, 'South Africa Value Added Services', '', '27211000, 27211003, 27211100, 27211250, 27211800-27211804, 27212500, 27212760, 27212850, 27212860, 27213500, 27215160, 27216200, 27217440, 27217700, 27220650, 27221000, 27221100, 27222850, 27230650, 27231000, 27231100, 27232850, 27270500', 0.21),
(1151, 'South Africa Value Added Services', '', '27270650, 27271100, 27272850, 27280500, 27280650, 27281100, 27282850, 27283500, 27310060-27310064, 27310070, 27310100, 27310120, 27310130-27310134, 27310300, 27310301, 27310350, 27310650, 27310910, 27311013, 27311100, 27311200, 27311250', 0.21),
(1152, 'South Africa Value Added Services', '', '27311420, 27312850, 27312860, 27313500-27313504, 27314100, 27314400, 27317440, 27320070, 27329400, 27330070, 27331010, 27339400, 27340650, 27342850, 27349400, 27350650, 27352850, 27359400, 27369400, 27399400, 27410060-27410064, 27410070', 0.21),
(1153, 'South Africa Value Added Services', '', '27410100, 27410200, 27410650, 27410910, 27411010-27411014, 27411100, 27411250, 27411420, 27411800-27411804, 27412600, 27414100, 27420650, 27430070, 27430500, 27430650, 27431010, 27431100, 27431250, 27432850, 27440100, 27440500, 27440650', 0.21),
(1154, 'South Africa Value Added Services', '', '27440910, 27441100, 27442200-27442204, 27442850, 27450500, 27452850, 27470500, 27470650, 27471100, 27510070, 27510100, 27510650, 27510910, 27511010-27511014, 27511100, 27511250, 27511420, 27512300, 27512500-27512504, 27512850, 27513500', 0.21),
(1155, 'South Africa Value Added Services', '', '27514150, 27517440, 27530500, 27530650, 27531100, 27532850, 27540500, 27540650, 27541100, 27542850, 27560500, 27570070, 27570500, 27570650, 27571100, 27572850, 27580500, 27581100, 271121720, 271124716, 271131010-271131014, 271150396, 271153724', 0.21),
(1156, 'South Africa Value Added Services', '', '271153725, 271157026, 271161272, 271245013, 271245090, 271268312, 271268313, 271299046-271299048, 272152760, 272167075, 273153357, 273153358, 273156975, 273157116-273157118, 274136426, 274139217, 274139967, 274139968, 275135500, 275150566', 0.21),
(1157, 'South Africa Value Added Services', '', '275150567, 2711207590, 2711210410, 2711247171-2711247174, 2711290600-2711290604, 2711353350, 2711459450-2711459455, 2711485444, 2711486580, 2711486581, 2711676208, 2711676209, 2711699680-2711699683, 2711869261, 2711883276, 2712562099', 0.21),
(1158, 'South Africa Value Added Services 2', '', '278738, 278773, 2712001, 2713001, 2714001, 2715001, 2716001, 2717001, 2718001, 2721001, 2723001, 2731001, 2731350, 2787571-2787574, 2787578, 27100010, 27100014-27100019, 27100350, 27210350, 27878130, 271000110-271000114, 271000126-271000129', 0.21),
(1159, 'South Africa Value Added Services 3', '', '2710001, 2710080, 2710185, 2712080, 2713080, 2714080, 2715080, 2716080, 2721080, 2731080, 2732001, 2733001, 2734001, 2735001, 2739001, 2741001, 2741080, 2744001, 2745001, 2746001, 2748001, 2751001, 2751080, 2753001, 2757001, 2758001, 2785000', 0.41),
(1160, 'South Africa Value Added Services 3', '', '2785001, 2785050-2785055, 2785100, 2785101, 2785150-2785153, 2785200, 2785201, 2785250-2785252, 2785300, 2785301, 2785400, 2785401, 2787150, 2787500-2787503, 27100720, 27120720, 27210720, 27310720, 27410720, 27430010, 27430011, 27440720', 0.41),
(1161, 'South Africa Value Added Services 3', '', '27510720, 27871510-27871514, 27871750-27871755, 27871850, 27871851, 271125750-271125752, 271143733-271143738, 271143850-271143852, 271156069, 271179763, 271179764, 271186166, 271187116-271187119, 271192883, 271237310, 271267471, 272138032', 0.41),
(1162, 'South Sudan', '', '211', 0.6),
(1163, 'South Sudan Mobile Gemtel', '', '21197', 0.6),
(1164, 'South Sudan Mobile MTN', '', '21192,21199', 0.6),
(1165, 'South Sudan Mobile SouthTel', '', '21111', 0.6),
(1166, 'South Sudan Mobile Vivacell', '', '21195', 0.6),
(1167, 'South Sudan Mobile Zain', '', '21191', 0.6),
(1168, 'Spain', '', '34', 0.04),
(1169, 'Spain Mobile', '', '346', 0.12),
(1170, 'Spain Mobile Best T.', '', '346423,346424', 0.1),
(1171, 'Spain Mobile E+', '', '34644', 0.1),
(1172, 'Spain Mobile Euskaltel', '', '346886,346888', 0.1),
(1173, 'Spain Mobile Jazztel', '', '346400,346401,346403', 0.1),
(1174, 'Spain Mobile Movistar', '', '34606,34608,34616,34618,34620,34626,34628,34636,34638,34646,34648-34650,34659,34660,34669,34676,34679,34680,34682,34683,34686,34689,34690,34696,34699,346010-346012,346422,346426-346429,346840,346841,347170', 0.1),
(1175, 'Spain Mobile Movistar Roaming', '', '34609,34619,34629,34630,34639', 0.1),
(1176, 'Spain Mobile Orange', '', '34605,34615,34625,34635,34645,34651-34658,34665,34675,34685,34691-34693,34695,346016,346685,346880-346885,346980,346982-346988,347477,347478', 0.1),
(1177, 'Spain Mobile Rest', '', '347', 0.12),
(1178, 'Spain Mobile Telefonica', '', '34681,346940,347177', 0.1),
(1179, 'Spain Mobile Vodafone', '', '34600,34607,34610,34617,34627,34637,34647,34661-34664,34666,34667,34670-34674,34677,34678,34687,34697,346024-346027,346030-346039,346340-346343,346345-346349,346889,346989,347111,347117,347171,347277', 0.1),
(1180, 'Spain Mobile Xfera', '', '347221-347225', 0.14),
(1181, 'Spain Mobile Yoigo', '', '34622,34633,347227', 0.14),
(1182, 'Spain Premium', '', '34902,34904', 0.21),
(1183, 'Spain Special', '', '3470', 0.21),
(1184, 'Spain Special', '', '3451', 0.04),
(1185, 'Sri Lanka', '', '94', 0.17),
(1186, 'Sri Lanka Mobile Airtel', '', '9475', 0.17),
(1187, 'Sri Lanka Mobile Dialog', '', '9477,94765-94769', 0.17),
(1188, 'Sri Lanka Mobile Etisalat', '', '9472', 0.17),
(1189, 'Sri Lanka Mobile Hutch', '', '9478', 0.17),
(1190, 'Sri Lanka Mobile Mobitel', '', '9471', 0.17),
(1191, 'Sri Lanka Mobile Other', '', '9473,9476,9479', 0.17),
(1192, 'Sri Lanka SLT', '', '94112, 94113, 94212, 94213, 94232, 94233, 94242, 94243, 94252, 94253, 94262, 94263, 94272, 94273, 94312, 94313, 94322, 94323, 94332, 94333, 94342, 94343, 94352, 94353, 94362, 94363, 94372, 94373, 94382, 94383, 94412, 94413, 94452, 94453, 94472', 0.17),
(1193, 'St. Helena', '', '290', 1.92),
(1194, 'St. Lucia', '', '1758', 0.13),
(1195, 'St. Lucia Mobile Digicel', '', '1758518-1758520,1758712-1758727', 0.27),
(1196, 'St. Lucia Mobile Other', '', '1758284-1758287,1758384,1758460,1758461,1758481-1758489,1758584,1758638,1758784,1758785', 0.29),
(1197, 'St. Maarten', '', '1721,5995', 0.14),
(1198, 'St. Maarten Mobile', '', '59955,172155,599510,599512,599520-599524,599526,599527,599580,599581,599586-599588,1721510,1721512,1721520-1721524,1721526-1721529,1721580,1721581,1721586-1721588', 0.15),
(1199, 'St. Pierre & Miquelon', '', '508', 0.68),
(1200, 'St. Vincent & Grenadines', '', '1784', 0.15),
(1201, 'St. Vincent & Grenadines Mobile Digicel', '', '1784430-1784435,1784526-1784533', 0.28),
(1202, 'St. Vincent & Grenadines Mobile Other', '', '1784454,1784455,1784491-1784498,1784593', 0.29),
(1203, 'Sudan', '', '249', 0.2),
(1204, 'Sudan Mobile', '', '2499', 0.24),
(1205, 'Sudan Mobile MTN', '', '24992,24999', 0.2),
(1206, 'Sudan Mobile Sudani', '', '24911,24912', 0.18),
(1207, 'Sudan Mobile Zain', '', '24990,24991,24996', 0.18),
(1208, 'Suriname', '', '597', 0.17),
(1209, 'Suriname Mobile Digicel', '', '59771,59772,59781,59782', 0.27),
(1210, 'Suriname Mobile Others', '', '59775,59785-59789', 0.22),
(1211, 'Suriname Mobile Uniqa', '', '59783,59784', 0.22),
(1212, 'Swaziland', '', '268', 0.08),
(1213, 'Swaziland Mobile', '', '2686,26876-26878', 0.25),
(1214, 'Sweden', '', '46', 0.03),
(1215, 'Sweden Freephone', '', '4620', 0.13),
(1216, 'Sweden Mobile H3G', '', '46675,46760,46763,467230-467233,467350-467354,467616-467619', 0.07),
(1217, 'Sweden Mobile Other', '', '4670-4673,4676,46592,46593,46676,46755', 0.07),
(1218, 'Sweden Mobile Tele2', '', '46252, 46254, 46700, 46704, 46707, 46736, 46737, 46739, 46762, 467015, 467016, 467200-467204, 467225-467229, 467283-467287, 467290-467294, 467321, 467322, 467355-467359, 467387, 467389, 467640-467642, 467655-467659, 467665, 467668, 467670, 467671', 0.07),
(1219, 'Sweden Mobile Telenor', '', '46674, 46708, 46709, 46724, 46725, 46733, 467011, 467014, 467215-467219, 467235-467239, 467288, 467296-467299, 467310, 467314, 467315, 467320, 467323-467326, 467328, 467340-467344, 467346, 467348, 467349, 467385, 467386, 467388, 467615', 0.07),
(1220, 'Sweden Mobile Telia', '', '46376, 46518, 46519, 46673, 46702, 46703, 46705, 46706, 46730, 46756, 467010, 467012, 467013, 467017, 467018, 467190, 467206, 467207, 467210, 467211, 467220-467224, 467270-467274, 467280, 467311-467313, 467316, 467318, 467327, 467329', 0.07),
(1221, 'Sweden Personal Numbers', '', '4675', 0.13),
(1222, 'Switzerland', '', '41', 0.04),
(1223, 'Switzerland Company Access Number', '', '4158', 0.07),
(1224, 'Switzerland Mobile 3G', '', '4177,4186077', 0.39),
(1225, 'Switzerland Mobile Barablu', '', '417698,417699,418607698,418607699', 0.57),
(1226, 'Switzerland Mobile Bebbicell', '', '4179977-4179979,4186079977-4186079979', 0.37),
(1227, 'Switzerland Mobile Lycamobile', '', '41779,41860779', 0.49),
(1228, 'Switzerland Mobile Orange', '', '4178,4186078', 0.17),
(1229, 'Switzerland Mobile Sunrise', '', '4176,41772,4186076,41860772', 0.17),
(1230, 'Switzerland Mobile Swisscom', '', '4179,41774,41775,4186079,41860774,41860775', 0.15),
(1231, 'Switzerland Paging', '', '4174', 0.49),
(1232, 'Switzerland PRS', '', '4184,4187,4190', 0.53),
(1233, 'Switzerland Voice Mail Fixed', '', '41860', 1.93),
(1234, 'Syria', '', '963', 0.15),
(1235, 'Syria Mobile', '', '9639', 0.21),
(1236, 'Taiwan', '', '886', 0.04),
(1237, 'Taiwan Mobile', '', '8869', 0.15),
(1238, 'Taiwan Mobile Pager', '', '886940,886941,886943-886947,886949,886951', 0.15),
(1239, 'Tajikistan', '', '992', 0.16),
(1240, 'Tajikistan Dushanbe', '', '992372', 0.16),
(1241, 'Tajikistan Mobile Babilon', '', '99298,992918', 0.17),
(1242, 'Tajikistan Mobile Indigo', '', '99293,992501', 0.18),
(1243, 'Tajikistan Mobile Other', '', '9929', 0.18),
(1244, 'Tajikistan Mobile Somoncom', '', '99292,992505', 0.18),
(1245, 'Tajikistan Mobile Takom', '', '992915,992917,992919', 0.16),
(1246, 'Tajikistan Mobile TK Mobile', '', '99295', 0.16),
(1247, 'Tajikistan Mobile TT', '', '99290', 0.14),
(1248, 'Tanzania', '', '255', 0.31),
(1249, 'Tanzania Dar es Salaam', '', '25522', 0.31),
(1250, 'Tanzania Mobile Airtel', '', '25568,25578', 0.31),
(1251, 'Tanzania Mobile Tigo', '', '25565,25571', 0.31),
(1252, 'Tanzania Mobile TTCL', '', '25573', 0.31),
(1253, 'Tanzania Mobile Vodacom', '', '25575,25576', 0.31),
(1254, 'Tanzania Mobile Zantel', '', '25577', 0.31),
(1255, 'Thailand', '', '66', 0.06),
(1256, 'Thailand Bangkok', '', '662', 0.06),
(1257, 'Thailand Mobile', '', '669', 0.07),
(1258, 'Thailand Mobile Other', '', '668', 0.07),
(1259, 'Thuraya Emsat', '', '88213', 6.79),
(1260, 'Thuraya Maritime Communications Partner', '', '88232', 2.28),
(1261, 'Thuraya RMSS Network', '', '88216', 2),
(1262, 'Togo', '', '228', 0.42),
(1263, 'Togo Mobile Moov', '', '22898,22899', 0.5),
(1264, 'Togo Mobile Togocel', '', '22890-22892', 0.41),
(1265, 'Tokelau', '', '690', 1.51),
(1266, 'Tonga', '', '676', 0.48),
(1267, 'Trinidad & Tobago', '', '1868', 0.13),
(1268, 'Trinidad & Tobago Mobile Digicel', '', '186829,186832-186839,1868301-1868310,1868312-1868319', 0.25),
(1269, 'Trinidad & Tobago Mobile Other', '', '186840,186846-186849,186868,186872-186879,1868410,1868412-1868421,1868620,1868678,1868701-1868710,1868712-1868719', 0.25),
(1270, 'Tunisia', '', '216', 0.49),
(1271, 'Tunisia Fixed Orange', '', '2163', 0.49),
(1272, 'Tunisia Mobile Orange', '', '2165', 0.49),
(1273, 'Tunisia Mobile Orascom', '', '2162', 0.48),
(1274, 'Tunisia Mobile Tunisie', '', '2169,21640,21641', 0.48),
(1275, 'Turkey', '', '90', 0.04),
(1276, 'Turkey Adana', '', '90322', 0.04),
(1277, 'Turkey Ankara', '', '90312', 0.04),
(1278, 'Turkey Antalya', '', '90242', 0.04),
(1279, 'Turkey Bursa', '', '90224', 0.04),
(1280, 'Turkey Diyarbakir', '', '90412', 0.04),
(1281, 'Turkey Erzurum', '', '90442', 0.04),
(1282, 'Turkey Istanbul', '', '90212,90216', 0.04),
(1283, 'Turkey Izmir', '', '90232', 0.04),
(1284, 'Turkey Mobile', '', '905', 0.18),
(1285, 'Turkey Mobile AVEA', '', '9050,9055', 0.17),
(1286, 'Turkey Mobile Turkcell', '', '9053', 0.16),
(1287, 'Turkey Mobile Turkcell (N. Cyprus)', '', '9053382-9053388', 0.19),
(1288, 'Turkey Mobile Vodafone', '', '9054', 0.17),
(1289, 'Turkey Mobile Vodafone (N. Cyprus)', '', '9054285-9054288,9054698,9054699,9054881-9054889', 0.19),
(1290, 'Turkey Mugla', '', '90252', 0.04),
(1291, 'Turkey North Cyprus', '', '90392', 0.08),
(1292, 'Turkey Samsun', '', '90362', 0.04),
(1293, 'Turkey Trabzon', '', '90462', 0.04),
(1294, 'Turkmenistan', '', '993', 0.15),
(1295, 'Turks & Caicos', '', '1649', 0.17),
(1296, 'Turks & Caicos Mobile C&W', '', '1649231,1649232,1649241-1649247,1649431,1649432,1649441,1649442', 0.26),
(1297, 'Turks & Caicos Mobile Digicel', '', '16493', 0.25),
(1298, 'Tuvalu', '', '688', 0.92),
(1299, 'Uganda', '', '256', 0.16),
(1300, 'Uganda Mobile Airtel', '', '25675', 0.15),
(1301, 'Uganda Mobile MTN', '', '25639,25677,25678', 0.14),
(1302, 'Uganda Mobile Orange', '', '25679', 0.17),
(1303, 'Uganda Mobile UTL', '', '25671', 0.13),
(1304, 'Uganda Mobile Warid', '', '25670', 0.14),
(1305, 'Ukraine', '', '380', 0.11),
(1306, 'Ukraine Dnipropetrovsk', '', '380562,380567,3805637', 0.11),
(1307, 'Ukraine Kiev', '', '38044', 0.11),
(1308, 'Ukraine Lviv', '', '380322', 0.11),
(1309, 'Ukraine mobile Astelit', '', '38063,38093', 0.19),
(1310, 'Ukraine mobile GoldenTelecom', '', '38039', 0.22),
(1311, 'Ukraine mobile InterTelecom', '', '38094', 0.17),
(1312, 'Ukraine mobile Kyivstar', '', '38096-38098', 0.22),
(1313, 'Ukraine mobile Kyivstar roaming', '', '38067', 0.22),
(1314, 'Ukraine mobile Telesystems', '', '38092', 0.2),
(1315, 'Ukraine mobile Ukrtelecom', '', '38091', 0.19),
(1316, 'Ukraine mobile UMC', '', '38050,38066,38095,38099', 0.18),
(1317, 'Ukraine mobile Wellcom', '', '38068', 0.22),
(1318, 'Ukraine Nikolaev City', '', '380512', 0.1),
(1319, 'Ukraine Odesa', '', '380482,380487', 0.11),
(1320, 'United Arab Emirates', '', '971', 0.21),
(1321, 'United Arab Emirates Mobile', '', '9715', 0.21),
(1322, 'United Arab Emirates Mobile Etisalat', '', '97150,97156', 0.21),
(1323, 'United Kingdom', '', '44', 0.04),
(1324, 'United Kingdom Corporate', '', '4455', 0.13),
(1325, 'United Kingdom Mobile H3G', '', '447400-447403, 447411-447414, 447426-447429, 447445, 447446, 447533, 447575-447578, 447588, 447723, 447727, 447728, 447735, 447737, 447782, 447828, 447830, 447832, 447838, 447846, 447848, 447853, 447859, 447861-447863, 447865, 447868', 0.06),
(1326, 'United Kingdom Mobile Hi3G', '', '447447,447449,447450,447453-447456,447460,447462,447463', 0.06),
(1327, 'United Kingdom Mobile O2', '', '447430, 447431, 447510-447519, 447521-447523, 447525, 447526, 447540-447549, 447560-447569, 447590-447599, 447701-447716, 447718-447720, 447724, 447725, 447729-447732, 447734, 447736, 447738-447740, 447742, 447743, 447745, 447746, 447749-447754', 0.06),
(1328, 'United Kingdom Mobile O2', '', '447756, 447759, 447761-447764, 447783, 447784, 447793, 447801-447803, 447808, 447809, 447819-447821, 447834, 447835, 447840-447845, 447849-447851, 447856-447858, 447860, 447871, 447885, 447889, 447894, 447895, 447902, 447907, 447912', 0.06),
(1329, 'United Kingdom Mobile O2', '', '447921-447923, 447925-447928, 447933-447936, 447938, 447955, 447999, 4478640-4478643, 4478645-4478649, 4478720, 4478721, 4478723-4478726, 4478728, 4478729, 4478731-4478743, 4478746-4478749, 4478923, 4478924, 4478926-4478929, 4478932', 0.06),
(1330, 'United Kingdom Mobile Orange', '', '447409, 447410, 447416, 447419-447422, 447527-447531, 447536, 447556, 447579-447583, 447772, 447773, 447779, 447790-447792, 447794, 447800, 447805, 447807, 447811-447817, 447837, 447854, 447855, 447866, 447870, 447875, 447890, 447891, 447896', 0.06),
(1331, 'United Kingdom Mobile Rest', '', '4474-4479', 0.27),
(1332, 'United Kingdom Mobile Tier 1', '', '447404, 447405, 447424, 447438, 447448, 447459, 447466, 447700, 4474063, 4474066-4474068, 4474172-4474177, 4474182, 4474183, 4474185, 4474186, 4474188, 4474400-4474407, 4474411, 4474413, 4474416, 4474418, 4474512, 4474518, 4474519, 4474570', 0.27),
(1333, 'United Kingdom Mobile Tier 1', '', '4475200, 4475202, 4475203, 4475206-4475209, 4475371, 4475373, 4475592, 4475593, 4475599, 4475710, 4475718, 4475894-4475897, 4478220, 4478222, 4478224, 4478226, 4478228, 4478744, 4478745, 4478920, 4478925, 4478930, 4478931, 4478938, 4478939', 0.27),
(1334, 'United Kingdom Mobile T-Mobile', '', '447415,447432-447434,447504-447508,447534,447535,447538,447539,447550,447572-447574,447722,447726,447757,447758,447804,447806,447847,447852,447903-447906,447908,447910,447913,447914,447930-447932,447939-447954,447956-447963,447981-447987', 0.06),
(1335, 'United Kingdom Mobile Vodafone', '', '447407, 447423, 447425, 447435-447437, 447442-447444, 447500-447503, 447551-447555, 447557, 447570, 447584-447587, 447717, 447721, 447733, 447741, 447747, 447748, 447760, 447765-447771, 447774-447776, 447778, 447780, 447785-447789, 447795, 447796', 0.06),
(1336, 'United Kingdom Mobile Vodafone', '', '447777', 0.27),
(1337, 'United Kingdom NGN 870', '', '44870', 0.18),
(1338, 'United Kingdom NGN Local', '', '44843-44845', 0.22),
(1339, 'United Kingdom NGN National', '', '44871-44873', 0.18),
(1340, 'United Kingdom Personal', '', '4470', 0.36),
(1341, 'United Kingdom - Vas', '', '44208779', 4.14),
(1342, 'United States', '', '1191, 1195, 1196, 1199, 1203, 1205, 1207, 1208, 1217-1219, 1225, 1227, 1228, 1231, 1234, 1239, 1248, 1251, 1252, 1256, 1260, 1262, 1269, 1270, 1274, 1276, 1278, 1283, 1304, 1308, 1309, 1313, 1314, 1316-1320, 1330, 1331, 1334, 1336, 1337, 1341, 1351', 0.04),
(1343, 'United States', '', '1364, 1369, 1380, 1385, 1402, 1405, 1406, 1412, 1414, 1417, 1419, 1423, 1434, 1442, 1456, 1458, 1464, 1470, 1475, 1478-1480, 1500-1502, 1504, 1505, 1507, 1509, 1513, 1515, 1517, 1520, 1531, 1533, 1534, 1539, 1541, 1557, 1560, 1563, 1564, 1567', 0.04),
(1344, 'United States', '', '1573-1575, 1580, 1585, 1586, 1601, 1602, 1605-1608, 1612, 1614-1616, 1618, 1620, 1623, 1627, 1628, 1636, 1641, 1651, 1657, 1660, 1662, 1679, 1681, 1689, 1701, 1704, 1710, 1712, 1715-1717, 1727, 1731, 1734, 1737, 1740, 1747, 1750, 1752, 1757', 0.04),
(1345, 'United States', '', '1762-1765, 1769, 1777, 1785, 1803, 1804, 1810, 1812-1814, 1816, 1828, 1835, 1843, 1850, 1859, 1860, 1863-1865, 1870, 1878, 1880-1882, 1901, 1906, 1910, 1912, 1913, 1918-1920, 1928, 1931, 1935, 1937, 1938, 1941, 1952, 1959, 1975, 1980, 1984', 0.04),
(1346, 'United States Alaska', '', '1907', 0.1),
(1347, 'United States Hawaii', '', '1808', 0.06),
(1348, 'United States New York', '', '1212,1347,1646,1718,1917', 0.04),
(1349, 'United States On Net', '', '1201, 1202, 1206, 1209, 1210, 1213-1216, 1224, 1229, 1240, 1253, 1254, 1267, 1281, 1301-1303, 1305, 1307, 1310, 1312, 1315, 1321, 1323, 1325, 1339, 1352, 1360, 1361, 1386, 1401, 1404, 1407-1410, 1413, 1415, 1424, 1425, 1430, 1432, 1435, 1440, 1443', 0.04),
(1350, 'United States On Net', '', '1469, 1484, 1503, 1508, 1510, 1512, 1516, 1518, 1530, 1540, 1551, 1559, 1561, 1562, 1570, 1571, 1603, 1609, 1610, 1617, 1619, 1626, 1630, 1631, 1650, 1661, 1669, 1678, 1682, 1702, 1703, 1706-1708, 1713, 1714, 1719, 1720, 1724, 1732, 1754, 1760', 0.04),
(1351, 'United States Toll Free', '', '1800,1855,1866,1877,1888', 0.04),
(1352, 'Uruguay', '', '598', 0.1),
(1353, 'Uruguay Mobile', '', '5989', 0.25),
(1354, 'Uruguay Montevideo', '', '5982', 0.07),
(1355, 'US Virgin Islands', '', '1340', 0.04),
(1356, 'Uzbekistan', '', '998', 0.1),
(1357, 'Uzbekistan Mobile', '', '9989', 0.1),
(1358, 'Uzbekistan Tashkent', '', '998711-998713', 0.06),
(1359, 'Vanuatu', '', '678', 0.69),
(1360, 'Venezuela', '', '58', 0.04),
(1361, 'Venezuela Caracas', '', '58212', 0.04),
(1362, 'Venezuela Maracaibo', '', '58261', 0.04),
(1363, 'Venezuela Mobile Digitel', '', '58412', 0.07),
(1364, 'Venezuela Mobile Movilnet', '', '58416,58426', 0.07),
(1365, 'Venezuela Mobile Telcel', '', '58414,58424', 0.07),
(1366, 'Venezuela Valencia', '', '58241', 0.04),
(1367, 'Vietnam', '', '84', 0.07),
(1368, 'Vietnam Hanoi', '', '844', 0.07),
(1369, 'Vietnam Ho Chi Minh City', '', '848', 0.07),
(1370, 'Vietnam Mobile Mobifone', '', '8490,8493,84120-84122,84126,84128', 0.07),
(1371, 'Vietnam Mobile Others', '', '849,84186,84188,84199', 0.07),
(1372, 'Vietnam Mobile Viettel', '', '8496-8498,84162-84169', 0.07),
(1373, 'Vietnam Mobile Vinaphone', '', '8491,8494,84123-84125,84127,84129', 0.07),
(1374, 'Voxbone UN', '', '888', 0.04),
(1375, 'Wallis & Futuna', '', '681', 2.22),
(1376, 'Western Samoa', '', '685', 0.66),
(1377, 'Western Samoa Mobile', '', '6857,6859', 0.66),
(1378, 'Yemen Arab Republic', '', '967', 0.19),
(1379, 'Yemen Arab Republic Mobile Other', '', '96770,96773,96777', 0.19),
(1380, 'Yemen Arab Republic Mobile Sabafon', '', '96771', 0.19),
(1381, 'Yemen Arab Republic Sanaa', '', '9671', 0.19),
(1382, 'Zambia', '', '260', 0.1),
(1383, 'Zambia Mobile', '', '26095,26097', 0.18),
(1384, 'Zambia Mobile', '', '26096', 0.18),
(1385, 'Zambia Mobile Airtel', '', '260976-260979', 0.17),
(1386, 'Zimbabwe', '', '263', 0.17),
(1387, 'Zimbabwe Mobile Econet', '', '26377', 0.57),
(1388, 'Zimbabwe Mobile NetOne', '', '26311,26371', 0.29),
(1389, 'Zimbabwe Mobile Telecel', '', '26373', 0.53),
(1390, 'Zimbabwe Premium Services', '', '263953', 0.48);

-- --------------------------------------------------------

--
-- Table structure for table `zones`
--

CREATE TABLE IF NOT EXISTS `zones` (
  `id` int(11) NOT NULL AUTO_INCREMENT,
  `name` varchar(50) CHARACTER SET utf8 NOT NULL,
  `opertaror` varchar(50) CHARACTER SET utf8 NOT NULL,
  `cost_tariff_1` double NOT NULL,
  `cost_tariff_2` double NOT NULL,
  `cost_tariff_3` double NOT NULL,
  PRIMARY KEY (`id`)
) ENGINE=InnoDB  DEFAULT CHARSET=latin1 AUTO_INCREMENT=12 ;

--
-- Dumping data for table `zones`
--

INSERT INTO `zones` (`id`, `name`, `opertaror`, `cost_tariff_1`, `cost_tariff_2`, `cost_tariff_3`) VALUES
(1, 'Zone 1', 'Austria Telecom', 4.19, 5.79, 10.59),
(2, 'Zone 2', 'M2M NL', 7.39, 10.59, 20.19),
(3, 'Zone 3', 'Telefonica EU', 7.39, 10.59, 23.39),
(4, 'Zone 4', 'Telefonica LATAM', 8.99, 12.19, 28.19),
(5, 'Zone 5', 'AT&T', 13.79, 16.99, 29.79),
(6, 'Group 1', '', 19.98, 23.98, 33.98),
(7, 'Group 2', '', 15.98, 19.98, 31.98),
(8, 'Group 3', '', 17.98, 21.98, 31.98),
(9, 'Group 4', '', 17.98, 21.98, 31.98),
(10, 'Group 5', '', 17.98, 21.98, 31.98),
(11, 'Group 6', '', 17.98, 21.98, 31.98);

--
-- Constraints for dumped tables
--

--
-- Constraints for table `agent_relations`
--
ALTER TABLE `agent_relations`
  ADD CONSTRAINT `agent_relations_ibfk_1` FOREIGN KEY (`agent_id`) REFERENCES `users` (`id`) ON DELETE SET NULL ON UPDATE CASCADE,
  ADD CONSTRAINT `agent_relations_ibfk_2` FOREIGN KEY (`user_id`) REFERENCES `users` (`id`) ON DELETE SET NULL ON UPDATE CASCADE;

--
-- Constraints for table `agent_statistics`
--
ALTER TABLE `agent_statistics`
  ADD CONSTRAINT `agent_statistics_ibfk_1` FOREIGN KEY (`certificate_id`) REFERENCES `certificates` (`id`) ON DELETE SET NULL ON UPDATE CASCADE;

--
-- Constraints for table `certificates_params`
--
ALTER TABLE `certificates_params`
  ADD CONSTRAINT `certificates_params_ibfk_1` FOREIGN KEY (`certificate_type_id`) REFERENCES `certificates_types` (`id`) ON DELETE SET NULL ON UPDATE CASCADE;

--
-- Constraints for table `certificates_types`
--
ALTER TABLE `certificates_types`
  ADD CONSTRAINT `certificates_types_ibfk_1` FOREIGN KEY (`certificate_id`) REFERENCES `certificates` (`id`) ON DELETE SET NULL ON UPDATE CASCADE,
  ADD CONSTRAINT `certificates_types_ibfk_2` FOREIGN KEY (`order_type_id`) REFERENCES `order_types` (`id`) ON DELETE SET NULL ON UPDATE CASCADE;

--
-- Constraints for table `certificates_users`
--
ALTER TABLE `certificates_users`
  ADD CONSTRAINT `certificates_users_ibfk_1` FOREIGN KEY (`user_id`) REFERENCES `users` (`id`) ON DELETE SET NULL ON UPDATE CASCADE,
  ADD CONSTRAINT `certificates_users_ibfk_2` FOREIGN KEY (`certificate_id`) REFERENCES `certificates` (`id`) ON DELETE SET NULL ON UPDATE CASCADE;

--
-- Constraints for table `i18n_translate`
--
ALTER TABLE `i18n_translate`
  ADD CONSTRAINT `FK_Message_SourceMessage` FOREIGN KEY (`id`) REFERENCES `i18n_source` (`id`) ON DELETE CASCADE;

--
-- Constraints for table `orders`
--
ALTER TABLE `orders`
  ADD CONSTRAINT `orders_ibfk_1` FOREIGN KEY (`user_id`) REFERENCES `users` (`id`) ON DELETE SET NULL ON UPDATE CASCADE,
  ADD CONSTRAINT `orders_ibfk_2` FOREIGN KEY (`delivery_id`) REFERENCES `delivery` (`id`) ON DELETE SET NULL ON UPDATE CASCADE,
  ADD CONSTRAINT `orders_ibfk_3` FOREIGN KEY (`certificate_id`) REFERENCES `certificates` (`id`) ON DELETE SET NULL ON UPDATE CASCADE,
  ADD CONSTRAINT `orders_ibfk_4` FOREIGN KEY (`payment_system_id`) REFERENCES `payment_system` (`id`) ON DELETE SET NULL ON UPDATE CASCADE,
  ADD CONSTRAINT `orders_ibfk_5` FOREIGN KEY (`type_id`) REFERENCES `order_types` (`id`) ON DELETE SET NULL ON UPDATE CASCADE;

--
-- Constraints for table `order_type_1`
--
ALTER TABLE `order_type_1`
  ADD CONSTRAINT `order_type_1_ibfk_1` FOREIGN KEY (`order_id`) REFERENCES `orders` (`id`) ON DELETE SET NULL ON UPDATE CASCADE,
  ADD CONSTRAINT `order_type_1_ibfk_3` FOREIGN KEY (`equipment_id`) REFERENCES `equipments` (`id`) ON DELETE SET NULL ON UPDATE CASCADE;

--
-- Constraints for table `order_type_2`
--
ALTER TABLE `order_type_2`
  ADD CONSTRAINT `order_type_2_ibfk_1` FOREIGN KEY (`order_id`) REFERENCES `orders` (`id`) ON DELETE SET NULL ON UPDATE CASCADE;

--
-- Constraints for table `order_type_3`
--
ALTER TABLE `order_type_3`
  ADD CONSTRAINT `order_type_3_ibfk_1` FOREIGN KEY (`order_id`) REFERENCES `orders` (`id`) ON DELETE SET NULL ON UPDATE CASCADE;

--
-- Constraints for table `order_type_4`
--
ALTER TABLE `order_type_4`
  ADD CONSTRAINT `order_type_4_ibfk_1` FOREIGN KEY (`order_id`) REFERENCES `orders` (`id`) ON DELETE SET NULL ON UPDATE CASCADE;

--
-- Constraints for table `profiles`
--
ALTER TABLE `profiles`
  ADD CONSTRAINT `user_profile_id` FOREIGN KEY (`user_id`) REFERENCES `users` (`id`) ON DELETE CASCADE;

--
-- Constraints for table `tariffs_roaming3g_single`
--
ALTER TABLE `tariffs_roaming3g_single`
  ADD CONSTRAINT `tariffs_roaming3g_single_ibfk_2` FOREIGN KEY (`country_id`) REFERENCES `countries` (`id`) ON DELETE SET NULL ON UPDATE CASCADE;

/*!40101 SET CHARACTER_SET_CLIENT=@OLD_CHARACTER_SET_CLIENT */;
/*!40101 SET CHARACTER_SET_RESULTS=@OLD_CHARACTER_SET_RESULTS */;
/*!40101 SET COLLATION_CONNECTION=@OLD_COLLATION_CONNECTION */;
